folder,pdf_name,pdf_path,iccd_code,csv_index,id_scheda_originale,pdf_png_name,pdf_png_path,pdf_status,image_candidates,selected_image_name,selected_image_path,random_image_name,random_image_path,image_status,status
abruzzo/1300309704_CH_Ortona_EDSING_scala est_Masseria Berardi,1300309704_CH_Ortona_EDSING_scala est_Masseria Berardi.pdf,0.original_foto_schede/abruzzo/1300309704_CH_Ortona_EDSING_scala est_Masseria Berardi/1300309704_CH_Ortona_EDSING_scala est_Masseria Berardi.pdf,1300309704,6994,6d183a01-cb70-45c7-8a14-530f8670b5ce,6d183a01-cb70-45c7-8a14-530f8670b5ce.png,1.output_png_schede/6d183a01-cb70-45c7-8a14-530f8670b5ce.png,already_exists,6,CH_Ortona_MasseriaBerardi_facciataSudOvest.jpg,0.original_foto_schede/abruzzo/1300309704_CH_Ortona_EDSING_scala est_Masseria Berardi/CH_Ortona_MasseriaBerardi_facciataSudOvest.jpg,6d183a01-cb70-45c7-8a14-530f8670b5ce.jpg,2.output_images_random/6d183a01-cb70-45c7-8a14-530f8670b5ce.jpg,copied,matched
abruzzo/1300309779_PE_Mosciano Sant_Angelo_EDNN_scala esterna coperta,"Mosciano_Masseria Tattoni, _EDANN_casa scala esterna.pdf","0.original_foto_schede/abruzzo/1300309779_PE_Mosciano Sant_Angelo_EDNN_scala esterna coperta/Mosciano_Masseria Tattoni, _EDANN_casa scala esterna.pdf",,,,,,,0,,,,,,no_matching_iccd_code
abruzzo/1300310044_AQ_Balsorano_EDSING_casa pendio_Alfonsi,1300310044_AQ_Balsorano_EDSING_casa pendio_Alfonsi.pdf,0.original_foto_schede/abruzzo/1300310044_AQ_Balsorano_EDSING_casa pendio_Alfonsi/1300310044_AQ_Balsorano_EDSING_casa pendio_Alfonsi.pdf,1300310044,7320,73c1a68c-2463-4368-8601-caf96d07678f,73c1a68c-2463-4368-8601-caf96d07678f.png,1.output_png_schede/73c1a68c-2463-4368-8601-caf96d07678f.png,already_exists,4,AQ_Balsorano_Casa_Alfonsi_parete_sudest.jpg,0.original_foto_schede/abruzzo/1300310044_AQ_Balsorano_EDSING_casa pendio_Alfonsi/AQ_Balsorano_Casa_Alfonsi_parete_sudest.jpg,73c1a68c-2463-4368-8601-caf96d07678f.jpg,2.output_images_random/73c1a68c-2463-4368-8601-caf96d07678f.jpg,copied,matched
abruzzo/1300310088_CH_Casoli_EDSING_scala est,1300310088_CH_Casoli_EDSING_scala est.pdf,0.original_foto_schede/abruzzo/1300310088_CH_Casoli_EDSING_scala est/1300310088_CH_Casoli_EDSING_scala est.pdf,1300310088,7344,6ad295a2-8456-478d-8919-5f3f134d8a77,6ad295a2-8456-478d-8919-5f3f134d8a77.png,1.output_png_schede/6ad295a2-8456-478d-8919-5f3f134d8a77.png,already_exists,7,CH_Casoli_Contrada_Guerenna_Nuova (3)_prospetto_SO_SE_contesto.jpg,0.original_foto_schede/abruzzo/1300310088_CH_Casoli_EDSING_scala est/CH_Casoli_Contrada_Guerenna_Nuova (3)_prospetto_SO_SE_contesto.jpg,6ad295a2-8456-478d-8919-5f3f134d8a77.jpg,2.output_images_random/6ad295a2-8456-478d-8919-5f3f134d8a77.jpg,copied,matched
abruzzo/1300310328_PE_Penne_EDSING_casa pendio_Formica2,1300310328_PE_Penne_EDSING_casa pendio_Formica2.pdf,0.original_foto_schede/abruzzo/1300310328_PE_Penne_EDSING_casa pendio_Formica2/1300310328_PE_Penne_EDSING_casa pendio_Formica2.pdf,1300310328,24581,bbd50aa9-fd4e-4ba6-8e18-05db10aa7726,bbd50aa9-fd4e-4ba6-8e18-05db10aa7726.png,1.output_png_schede/bbd50aa9-fd4e-4ba6-8e18-05db10aa7726.png,already_exists,6,1_PE_Penne_Contrada_Colle_Formica (2)_prospetto_NE_contesto.JPG,0.original_foto_schede/abruzzo/1300310328_PE_Penne_EDSING_casa pendio_Formica2/1_PE_Penne_Contrada_Colle_Formica (2)_prospetto_NE_contesto.JPG,bbd50aa9-fd4e-4ba6-8e18-05db10aa7726.jpg,2.output_images_random/bbd50aa9-fd4e-4ba6-8e18-05db10aa7726.jpg,copied,matched
abruzzo/1300310329_PE_Penne_EDSING_casolare_Formica3,1300310329_PE_Penne_EDSING_casolare_Formica2.pdf,0.original_foto_schede/abruzzo/1300310329_PE_Penne_EDSING_casolare_Formica3/1300310329_PE_Penne_EDSING_casolare_Formica2.pdf,1300310329,24612,e9d4ff11-ecea-4f5f-94d7-32668d4de9b0,e9d4ff11-ecea-4f5f-94d7-32668d4de9b0.png,1.output_png_schede/e9d4ff11-ecea-4f5f-94d7-32668d4de9b0.png,already_exists,7,4_PE_Penne_Contrada_Formica (3)_prospetto_NO.JPG,0.original_foto_schede/abruzzo/1300310329_PE_Penne_EDSING_casolare_Formica3/4_PE_Penne_Contrada_Formica (3)_prospetto_NO.JPG,e9d4ff11-ecea-4f5f-94d7-32668d4de9b0.jpg,2.output_images_random/e9d4ff11-ecea-4f5f-94d7-32668d4de9b0.jpg,copied,matched
abruzzo/1300310587_TE_Notaresco_EDANN_casa,1300310587_TE_Notaresco_EDANN_casa.pdf,0.original_foto_schede/abruzzo/1300310587_TE_Notaresco_EDANN_casa/1300310587_TE_Notaresco_EDANN_casa.pdf,1300310587,3231,b9b9d1fe-38f2-4d25-a6df-312e0d57cc0e,b9b9d1fe-38f2-4d25-a6df-312e0d57cc0e.png,1.output_png_schede/b9b9d1fe-38f2-4d25-a6df-312e0d57cc0e.png,already_exists,9,TE_NOTARESCO_CASA_FORCELLA_ANNESSO_2_PROSPETTO_SUD.JPG,0.original_foto_schede/abruzzo/1300310587_TE_Notaresco_EDANN_casa/TE_NOTARESCO_CASA_FORCELLA_ANNESSO_2_PROSPETTO_SUD.JPG,b9b9d1fe-38f2-4d25-a6df-312e0d57cc0e.jpg,2.output_images_random/b9b9d1fe-38f2-4d25-a6df-312e0d57cc0e.jpg,copied,matched
abruzzo/1300310722_CH_Frisa_EDANN_casolare,CH_Frisa_EDANN_casolare.pdf,0.original_foto_schede/abruzzo/1300310722_CH_Frisa_EDANN_casolare/CH_Frisa_EDANN_casolare.pdf,1300310722,31400,aa81d643-2cb8-4036-a835-1d00ef8e5160,aa81d643-2cb8-4036-a835-1d00ef8e5160.png,1.output_png_schede/aa81d643-2cb8-4036-a835-1d00ef8e5160.png,already_exists,8,5_CH_Frisa_Contrada_Santa_maria_del_Popolo (2)_prospetto_sud_dettaglio_pozzo.jpg,0.original_foto_schede/abruzzo/1300310722_CH_Frisa_EDANN_casolare/5_CH_Frisa_Contrada_Santa_maria_del_Popolo (2)_prospetto_sud_dettaglio_pozzo.jpg,aa81d643-2cb8-4036-a835-1d00ef8e5160.jpg,2.output_images_random/aa81d643-2cb8-4036-a835-1d00ef8e5160.jpg,copied,matched
abruzzo/1300310736_AQ_Castel di Sangro_EDSING_Masseria S Angelo,1300310736_AQ_Castel di Sangro_EDSING_Masseria S Angelo.pdf,0.original_foto_schede/abruzzo/1300310736_AQ_Castel di Sangro_EDSING_Masseria S Angelo/1300310736_AQ_Castel di Sangro_EDSING_Masseria S Angelo.pdf,1300310736,28781,1ae4dac2-d3d3-455b-8d3d-3cb557f2f7ae,1ae4dac2-d3d3-455b-8d3d-3cb557f2f7ae.png,1.output_png_schede/1ae4dac2-d3d3-455b-8d3d-3cb557f2f7ae.png,already_exists,3,AQ_Castel_di_Sangro_masseria_s.angelo_contesto.jpg,0.original_foto_schede/abruzzo/1300310736_AQ_Castel di Sangro_EDSING_Masseria S Angelo/AQ_Castel_di_Sangro_masseria_s.angelo_contesto.jpg,1ae4dac2-d3d3-455b-8d3d-3cb557f2f7ae.jpg,2.output_images_random/1ae4dac2-d3d3-455b-8d3d-3cb557f2f7ae.jpg,copied,matched
abruzzo/1300310738_AQ_Castel di Sangro_EDANN_Masseria D_Amico,1300310738_AQ_Castel di Sangro_EDANN_Masseria D_Amico.pdf,0.original_foto_schede/abruzzo/1300310738_AQ_Castel di Sangro_EDANN_Masseria D_Amico/1300310738_AQ_Castel di Sangro_EDANN_Masseria D_Amico.pdf,1300310738,33310,3e2be11e-aa89-43c5-b790-b1df4abccc14,3e2be11e-aa89-43c5-b790-b1df4abccc14.png,1.output_png_schede/3e2be11e-aa89-43c5-b790-b1df4abccc14.png,already_exists,5,AQ_Castel_di_Sangro_masseria_d_amico_contesto.jpg,0.original_foto_schede/abruzzo/1300310738_AQ_Castel di Sangro_EDANN_Masseria D_Amico/AQ_Castel_di_Sangro_masseria_d_amico_contesto.jpg,3e2be11e-aa89-43c5-b790-b1df4abccc14.jpg,2.output_images_random/3e2be11e-aa89-43c5-b790-b1df4abccc14.jpg,copied,matched
abruzzo/1300310867_TE_EDANN_casa con torre_Mezzanotte,1300310867_TE_EDANN_casa con torre_Mezzanotte.pdf,0.original_foto_schede/abruzzo/1300310867_TE_EDANN_casa con torre_Mezzanotte/1300310867_TE_EDANN_casa con torre_Mezzanotte.pdf,1300310867,2393,210af39e-67b3-47fd-9c37-2d6d1344fa96,210af39e-67b3-47fd-9c37-2d6d1344fa96.png,1.output_png_schede/210af39e-67b3-47fd-9c37-2d6d1344fa96.png,already_exists,4,TE_Teramo_Casa_Mezzanotte_prospetto_ovest.jpg,0.original_foto_schede/abruzzo/1300310867_TE_EDANN_casa con torre_Mezzanotte/TE_Teramo_Casa_Mezzanotte_prospetto_ovest.jpg,210af39e-67b3-47fd-9c37-2d6d1344fa96.jpg,2.output_images_random/210af39e-67b3-47fd-9c37-2d6d1344fa96.jpg,copied,matched
abruzzo/1300311099_Martinsicuro_EDANN_scala esterna_casale degli orti,1300311099_EDANN_scala esterna_casale degli orti.pdf,0.original_foto_schede/abruzzo/1300311099_Martinsicuro_EDANN_scala esterna_casale degli orti/1300311099_EDANN_scala esterna_casale degli orti.pdf,1300311099,35334,998a10e8-a7a7-4e2d-a134-3db547a17257,998a10e8-a7a7-4e2d-a134-3db547a17257.png,1.output_png_schede/998a10e8-a7a7-4e2d-a134-3db547a17257.png,already_exists,2,TE_Martinsicuro_Casale_degli_orti_F.ne_Villa_Rosa_Via_degli_orti_contesto.jpg,0.original_foto_schede/abruzzo/1300311099_Martinsicuro_EDANN_scala esterna_casale degli orti/TE_Martinsicuro_Casale_degli_orti_F.ne_Villa_Rosa_Via_degli_orti_contesto.jpg,998a10e8-a7a7-4e2d-a134-3db547a17257.jpg,2.output_images_random/998a10e8-a7a7-4e2d-a134-3db547a17257.jpg,copied,matched
abruzzo/1300311422_TE_Campli_COM_casa a edifici affiancati_Paganni sup3,1300311422_TE_Campli_COM_casa a edifici affiancati_Paganni sup3.pdf,0.original_foto_schede/abruzzo/1300311422_TE_Campli_COM_casa a edifici affiancati_Paganni sup3/1300311422_TE_Campli_COM_casa a edifici affiancati_Paganni sup3.pdf,1300311422,3520,99a42f4a-6d27-4231-afee-c294586f37c8,99a42f4a-6d27-4231-afee-c294586f37c8.png,1.output_png_schede/99a42f4a-6d27-4231-afee-c294586f37c8.png,already_exists,6,TE_Campli_Pagannoni Superiore (3)_Contesto.JPG,0.original_foto_schede/abruzzo/1300311422_TE_Campli_COM_casa a edifici affiancati_Paganni sup3/TE_Campli_Pagannoni Superiore (3)_Contesto.JPG,99a42f4a-6d27-4231-afee-c294586f37c8.jpg,2.output_images_random/99a42f4a-6d27-4231-afee-c294586f37c8.jpg,copied,matched
abruzzo/1300311545_CH_Celenza sul Trigno_EDANN_scalaest_Masseria La Pezza,CH_Celenza sul Trigno_EDANN_scalaest_Masseria La Pezza.pdf,0.original_foto_schede/abruzzo/1300311545_CH_Celenza sul Trigno_EDANN_scalaest_Masseria La Pezza/CH_Celenza sul Trigno_EDANN_scalaest_Masseria La Pezza.pdf,1300311545,35150,8ab1f17e-961d-47da-a964-2d246cc6fc5b,8ab1f17e-961d-47da-a964-2d246cc6fc5b.png,1.output_png_schede/8ab1f17e-961d-47da-a964-2d246cc6fc5b.png,already_exists,5,CH_CelenzaSulTrigno_MassLaPezza_est_pozzo.jpg,0.original_foto_schede/abruzzo/1300311545_CH_Celenza sul Trigno_EDANN_scalaest_Masseria La Pezza/CH_CelenzaSulTrigno_MassLaPezza_est_pozzo.jpg,8ab1f17e-961d-47da-a964-2d246cc6fc5b.jpg,2.output_images_random/8ab1f17e-961d-47da-a964-2d246cc6fc5b.jpg,copied,matched
abruzzo/1300311639_CH_Ripa Teatina_casa con torre_Casale De Matteis,1300311639_CH_Ripa Teatina_casa con torre_Casale De Matteis.pdf,0.original_foto_schede/abruzzo/1300311639_CH_Ripa Teatina_casa con torre_Casale De Matteis/1300311639_CH_Ripa Teatina_casa con torre_Casale De Matteis.pdf,1300311639,34319,8b5147ba-f00d-47ca-8b2c-84b64febe89e,8b5147ba-f00d-47ca-8b2c-84b64febe89e.png,1.output_png_schede/8b5147ba-f00d-47ca-8b2c-84b64febe89e.png,already_exists,7,CH_Ripa T._Casale De Matteis_annesso_prospetto S-E.jpg,0.original_foto_schede/abruzzo/1300311639_CH_Ripa Teatina_casa con torre_Casale De Matteis/CH_Ripa T._Casale De Matteis_annesso_prospetto S-E.jpg,8b5147ba-f00d-47ca-8b2c-84b64febe89e.jpg,2.output_images_random/8b5147ba-f00d-47ca-8b2c-84b64febe89e.jpg,copied,matched
abruzzo/1300311644_TE_Atri_COM_Masseria NO è una scala esterna_Masseria Ferretti,TE_Atri_COM_Masseria NO è una scala esterna_Masseria Ferretti.pdf,0.original_foto_schede/abruzzo/1300311644_TE_Atri_COM_Masseria NO è una scala esterna_Masseria Ferretti/TE_Atri_COM_Masseria NO è una scala esterna_Masseria Ferretti.pdf,1300311644,34659,28e139a0-20b2-4cff-a322-eff45fb2892f,28e139a0-20b2-4cff-a322-eff45fb2892f.png,1.output_png_schede/28e139a0-20b2-4cff-a322-eff45fb2892f.png,already_exists,5,TE_Atri_Masseria_Ferretti_parete_sudest.jpg,0.original_foto_schede/abruzzo/1300311644_TE_Atri_COM_Masseria NO è una scala esterna_Masseria Ferretti/TE_Atri_Masseria_Ferretti_parete_sudest.jpg,28e139a0-20b2-4cff-a322-eff45fb2892f.jpg,2.output_images_random/28e139a0-20b2-4cff-a322-eff45fb2892f.jpg,copied,matched
abruzzo/1300311790_Montazzoli_EDANN_casolare_Masseria Baronessa,1300311790_Montazzoli_EDANN_casolare_Masseria Baronessa.pdf,0.original_foto_schede/abruzzo/1300311790_Montazzoli_EDANN_casolare_Masseria Baronessa/1300311790_Montazzoli_EDANN_casolare_Masseria Baronessa.pdf,1300311790,39674,0a88637e-305b-4658-af0f-cb04a4db9cbf,0a88637e-305b-4658-af0f-cb04a4db9cbf.png,1.output_png_schede/0a88637e-305b-4658-af0f-cb04a4db9cbf.png,already_exists,5,2_CH_Montazzoli_Masseria_Baronessa_prospetto_nord.jpg,0.original_foto_schede/abruzzo/1300311790_Montazzoli_EDANN_casolare_Masseria Baronessa/2_CH_Montazzoli_Masseria_Baronessa_prospetto_nord.jpg,0a88637e-305b-4658-af0f-cb04a4db9cbf.jpg,2.output_images_random/0a88637e-305b-4658-af0f-cb04a4db9cbf.jpg,copied,matched
abruzzo/1300311799_Vicoli_EDSING_casa con torre_Contrada De Contra,13_00311799_Vicoli_EDSING_casa con torre_Contrada De Contra.pdf,0.original_foto_schede/abruzzo/1300311799_Vicoli_EDSING_casa con torre_Contrada De Contra/13_00311799_Vicoli_EDSING_casa con torre_Contrada De Contra.pdf,1300311799,39783,5b28f6a0-2693-4d86-a73f-2b3b50a1ca96,5b28f6a0-2693-4d86-a73f-2b3b50a1ca96.png,1.output_png_schede/5b28f6a0-2693-4d86-a73f-2b3b50a1ca96.png,already_exists,7,1_PE_Vicoli_Contrada_De_Contra_prospetto_SO_contesto.jpg,0.original_foto_schede/abruzzo/1300311799_Vicoli_EDSING_casa con torre_Contrada De Contra/1_PE_Vicoli_Contrada_De_Contra_prospetto_SO_contesto.jpg,5b28f6a0-2693-4d86-a73f-2b3b50a1ca96.jpg,2.output_images_random/5b28f6a0-2693-4d86-a73f-2b3b50a1ca96.jpg,copied,matched
abruzzo/1300312018_CH_Casa in località Colle Marcone_EDSING_casa di terra,1300312018_CH_Casa in località Colle Marcone_EDSING_casa di terra.pdf,0.original_foto_schede/abruzzo/1300312018_CH_Casa in località Colle Marcone_EDSING_casa di terra/1300312018_CH_Casa in località Colle Marcone_EDSING_casa di terra.pdf,1300312018,34593,5f24727e-8706-4d4f-8a41-54b801ea099a,5f24727e-8706-4d4f-8a41-54b801ea099a.png,1.output_png_schede/5f24727e-8706-4d4f-8a41-54b801ea099a.png,already_exists,4,CH_Chieti_Casa_in_località_Colle_Marcone_contesto.jpg,0.original_foto_schede/abruzzo/1300312018_CH_Casa in località Colle Marcone_EDSING_casa di terra/CH_Chieti_Casa_in_località_Colle_Marcone_contesto.jpg,5f24727e-8706-4d4f-8a41-54b801ea099a.jpg,2.output_images_random/5f24727e-8706-4d4f-8a41-54b801ea099a.jpg,copied,matched
basilicata/1700223823_PZ_Roccanova_edificio singolo_casa a scala esterna,download (13).pdf,0.original_foto_schede/basilicata/1700223823_PZ_Roccanova_edificio singolo_casa a scala esterna/download (13).pdf,1700223823,654,55c5a507-edae-4a4f-8083-eb192b22fa49,55c5a507-edae-4a4f-8083-eb192b22fa49.png,1.output_png_schede/55c5a507-edae-4a4f-8083-eb192b22fa49.png,already_exists,6,Potenza_Roccanova_Masseria Picone_eidotipo.jpg,0.original_foto_schede/basilicata/1700223823_PZ_Roccanova_edificio singolo_casa a scala esterna/Potenza_Roccanova_Masseria Picone_eidotipo.jpg,55c5a507-edae-4a4f-8083-eb192b22fa49.jpg,2.output_images_random/55c5a507-edae-4a4f-8083-eb192b22fa49.jpg,copied,matched
basilicata/1700223900_MT_Matera_complesso_masseria,download (13).pdf,0.original_foto_schede/basilicata/1700223900_MT_Matera_complesso_masseria/download (13).pdf,,,,,,,0,,,,,,no_matching_iccd_code
basilicata/1700223921_PZ_Senise_edificio singolo_casa a padiglione,download.pdf,0.original_foto_schede/basilicata/1700223921_PZ_Senise_edificio singolo_casa a padiglione/download.pdf,1700223921,1349,f349f760-6055-4d07-8b2d-50187ac7f4a1,f349f760-6055-4d07-8b2d-50187ac7f4a1.png,1.output_png_schede/f349f760-6055-4d07-8b2d-50187ac7f4a1.png,already_exists,5,PT_Senise_Masseria_Tufarelli_Eidotipo.jpg,0.original_foto_schede/basilicata/1700223921_PZ_Senise_edificio singolo_casa a padiglione/PT_Senise_Masseria_Tufarelli_Eidotipo.jpg,f349f760-6055-4d07-8b2d-50187ac7f4a1.jpg,2.output_images_random/f349f760-6055-4d07-8b2d-50187ac7f4a1.jpg,copied,matched
basilicata/1700223927_MT_Matera_complesso_masseria,download (13).pdf,0.original_foto_schede/basilicata/1700223927_MT_Matera_complesso_masseria/download (13).pdf,1700223927,1406,60511cf4-8309-4244-91d9-a1e0c0cafcdd,60511cf4-8309-4244-91d9-a1e0c0cafcdd.png,1.output_png_schede/60511cf4-8309-4244-91d9-a1e0c0cafcdd.png,already_exists,7,MT_Matera_Masseria Castiglione_Prospetto Nord (2).JPG,0.original_foto_schede/basilicata/1700223927_MT_Matera_complesso_masseria/MT_Matera_Masseria Castiglione_Prospetto Nord (2).JPG,60511cf4-8309-4244-91d9-a1e0c0cafcdd.jpg,2.output_images_random/60511cf4-8309-4244-91d9-a1e0c0cafcdd.jpg,copied,matched
basilicata/1700223942_PZ_Senise_edificio singolo_casa di pendio,download.pdf,0.original_foto_schede/basilicata/1700223942_PZ_Senise_edificio singolo_casa di pendio/download.pdf,1700223942,1331,db7c58dc-d2f5-4592-b7d2-516f859bff20,db7c58dc-d2f5-4592-b7d2-516f859bff20.png,1.output_png_schede/db7c58dc-d2f5-4592-b7d2-516f859bff20.png,already_exists,7,PT_Senise_Masseria_Panza_Prospetto_Nord-Ovest.JPG,0.original_foto_schede/basilicata/1700223942_PZ_Senise_edificio singolo_casa di pendio/PT_Senise_Masseria_Panza_Prospetto_Nord-Ovest.JPG,db7c58dc-d2f5-4592-b7d2-516f859bff20.jpg,2.output_images_random/db7c58dc-d2f5-4592-b7d2-516f859bff20.jpg,copied,matched
basilicata/1700223963_MT_S.Giorgio Lucano_edificio singolo_casa di pendio,download (13).pdf,0.original_foto_schede/basilicata/1700223963_MT_S.Giorgio Lucano_edificio singolo_casa di pendio/download (13).pdf,1700223963,1437,05d3a360-1671-43f6-8beb-4babef434277,05d3a360-1671-43f6-8beb-4babef434277.png,1.output_png_schede/05d3a360-1671-43f6-8beb-4babef434277.png,already_exists,7,MT_San giorgio Lucano_Masseria_Recinzione.JPG,0.original_foto_schede/basilicata/1700223963_MT_S.Giorgio Lucano_edificio singolo_casa di pendio/MT_San giorgio Lucano_Masseria_Recinzione.JPG,05d3a360-1671-43f6-8beb-4babef434277.jpg,2.output_images_random/05d3a360-1671-43f6-8beb-4babef434277.jpg,copied,matched
basilicata/1700223985_PZ_S.Arcangelo_edificio con annessi_casa con torre,download (2).pdf,0.original_foto_schede/basilicata/1700223985_PZ_S.Arcangelo_edificio con annessi_casa con torre/download (2).pdf,1700223985,1395,dbb213a4-c091-4685-bb2d-27d192028206,dbb213a4-c091-4685-bb2d-27d192028206.png,1.output_png_schede/dbb213a4-c091-4685-bb2d-27d192028206.png,already_exists,10,PZ_Sant_Arcangelo_Masseria_D_Amore_ Prospetto_SO.JPG,0.original_foto_schede/basilicata/1700223985_PZ_S.Arcangelo_edificio con annessi_casa con torre/PZ_Sant_Arcangelo_Masseria_D_Amore_ Prospetto_SO.JPG,dbb213a4-c091-4685-bb2d-27d192028206.jpg,2.output_images_random/dbb213a4-c091-4685-bb2d-27d192028206.jpg,copied,matched
basilicata/1700224712_PZ_Satriano di Lucania_edificio singolo_casolare,download (6).pdf,0.original_foto_schede/basilicata/1700224712_PZ_Satriano di Lucania_edificio singolo_casolare/download (6).pdf,1700224712,5553,b531c252-b640-4bcd-92ad-29f15f20334f,b531c252-b640-4bcd-92ad-29f15f20334f.png,1.output_png_schede/b531c252-b640-4bcd-92ad-29f15f20334f.png,already_exists,8,PZ_Satriano_Torre_eidotipo.jpg,0.original_foto_schede/basilicata/1700224712_PZ_Satriano di Lucania_edificio singolo_casolare/PZ_Satriano_Torre_eidotipo.jpg,b531c252-b640-4bcd-92ad-29f15f20334f.jpg,2.output_images_random/b531c252-b640-4bcd-92ad-29f15f20334f.jpg,copied,matched
basilicata/1700224713_PZ_Satriano_edificio singolo_casa a scala esterna,download (13).pdf,0.original_foto_schede/basilicata/1700224713_PZ_Satriano_edificio singolo_casa a scala esterna/download (13).pdf,1700224713,5319,e38b93a0-926d-4307-a4f9-f1d6bd77a877,e38b93a0-926d-4307-a4f9-f1d6bd77a877.png,1.output_png_schede/e38b93a0-926d-4307-a4f9-f1d6bd77a877.png,already_exists,7,PZ_Satriano_Policeta_02_ortofoto.jpg,0.original_foto_schede/basilicata/1700224713_PZ_Satriano_edificio singolo_casa a scala esterna/PZ_Satriano_Policeta_02_ortofoto.jpg,e38b93a0-926d-4307-a4f9-f1d6bd77a877.jpg,2.output_images_random/e38b93a0-926d-4307-a4f9-f1d6bd77a877.jpg,copied,matched
basilicata/1700224722_PZ_Satriano di Lucania_edificio con annessi_casa con torre,download (6).pdf,0.original_foto_schede/basilicata/1700224722_PZ_Satriano di Lucania_edificio con annessi_casa con torre/download (6).pdf,1700224722,24541,79a617d8-85a3-42d6-9c31-eda77ab525b2,79a617d8-85a3-42d6-9c31-eda77ab525b2.png,1.output_png_schede/79a617d8-85a3-42d6-9c31-eda77ab525b2.png,already_exists,10,PZ_Satriano_Vito_annesso_NE.jpg,0.original_foto_schede/basilicata/1700224722_PZ_Satriano di Lucania_edificio con annessi_casa con torre/PZ_Satriano_Vito_annesso_NE.jpg,79a617d8-85a3-42d6-9c31-eda77ab525b2.jpg,2.output_images_random/79a617d8-85a3-42d6-9c31-eda77ab525b2.jpg,copied,matched
basilicata/1700224729_PZ_Satriano di Lucania_complesso_insediamento rurale,download (6).pdf,0.original_foto_schede/basilicata/1700224729_PZ_Satriano di Lucania_complesso_insediamento rurale/download (6).pdf,1700224729,24571,3ad076d5-1819-4cb6-a0dc-0b80337dca35,3ad076d5-1819-4cb6-a0dc-0b80337dca35.png,1.output_png_schede/3ad076d5-1819-4cb6-a0dc-0b80337dca35.png,already_exists,8,PZ_Satriano_SP12_edificio2_NO.jpg,0.original_foto_schede/basilicata/1700224729_PZ_Satriano di Lucania_complesso_insediamento rurale/PZ_Satriano_SP12_edificio2_NO.jpg,3ad076d5-1819-4cb6-a0dc-0b80337dca35.jpg,2.output_images_random/3ad076d5-1819-4cb6-a0dc-0b80337dca35.jpg,copied,matched
basilicata/1700224740_PZ_Savoia di Lucania_edificio singolo_casa a scala esterna,download (13).pdf,0.original_foto_schede/basilicata/1700224740_PZ_Savoia di Lucania_edificio singolo_casa a scala esterna/download (13).pdf,1700224740,5696,7682d9c6-b05c-4d56-8b44-fd281309784a,7682d9c6-b05c-4d56-8b44-fd281309784a.png,1.output_png_schede/7682d9c6-b05c-4d56-8b44-fd281309784a.png,already_exists,8,PZ_Savoia_S_Biase_prospetto_laterale_NE.jpg,0.original_foto_schede/basilicata/1700224740_PZ_Savoia di Lucania_edificio singolo_casa a scala esterna/PZ_Savoia_S_Biase_prospetto_laterale_NE.jpg,7682d9c6-b05c-4d56-8b44-fd281309784a.jpg,2.output_images_random/7682d9c6-b05c-4d56-8b44-fd281309784a.jpg,copied,matched
basilicata/1700224768_PZ_Marsico Nuovo_complesso_masseria,download (13).pdf,0.original_foto_schede/basilicata/1700224768_PZ_Marsico Nuovo_complesso_masseria/download (13).pdf,1700224768,1277,2b0f3bae-705b-460b-9f44-11a84848197a,2b0f3bae-705b-460b-9f44-11a84848197a.png,1.output_png_schede/2b0f3bae-705b-460b-9f44-11a84848197a.png,already_exists,10,PZ_Marsico_Romagnano_prospetto_laterale_NO.jpg,0.original_foto_schede/basilicata/1700224768_PZ_Marsico Nuovo_complesso_masseria/PZ_Marsico_Romagnano_prospetto_laterale_NO.jpg,2b0f3bae-705b-460b-9f44-11a84848197a.jpg,2.output_images_random/2b0f3bae-705b-460b-9f44-11a84848197a.jpg,copied,matched
basilicata/1700224770_PZ_Marsico Nuovo_complesso_masseria,download (13).pdf,0.original_foto_schede/basilicata/1700224770_PZ_Marsico Nuovo_complesso_masseria/download (13).pdf,1700224770,47,9a47df01-c4d6-4117-81f8-bb30a1ddd8a4,9a47df01-c4d6-4117-81f8-bb30a1ddd8a4.png,1.output_png_schede/9a47df01-c4d6-4117-81f8-bb30a1ddd8a4.png,already_exists,10,PZ_Marsico_Russo_prospetto d_insieme_ovest.jpg,0.original_foto_schede/basilicata/1700224770_PZ_Marsico Nuovo_complesso_masseria/PZ_Marsico_Russo_prospetto d_insieme_ovest.jpg,9a47df01-c4d6-4117-81f8-bb30a1ddd8a4.jpg,2.output_images_random/9a47df01-c4d6-4117-81f8-bb30a1ddd8a4.jpg,copied,matched
basilicata/1700224774_PZ_Marsico Nuovo_complesso_masseria,download (13).pdf,0.original_foto_schede/basilicata/1700224774_PZ_Marsico Nuovo_complesso_masseria/download (13).pdf,1700224774,1226,903abca8-2373-4d79-81c5-c64d39dd1113,903abca8-2373-4d79-81c5-c64d39dd1113.png,1.output_png_schede/903abca8-2373-4d79-81c5-c64d39dd1113.png,already_exists,10,PZ_Marsico_Capodacqua_catastale.jpg,0.original_foto_schede/basilicata/1700224774_PZ_Marsico Nuovo_complesso_masseria/PZ_Marsico_Capodacqua_catastale.jpg,903abca8-2373-4d79-81c5-c64d39dd1113.jpg,2.output_images_random/903abca8-2373-4d79-81c5-c64d39dd1113.jpg,copied,matched
basilicata/1700224796_MT_Miglionico_complesso_masseria,download (13).pdf,0.original_foto_schede/basilicata/1700224796_MT_Miglionico_complesso_masseria/download (13).pdf,1700224796,22090,1b8a5a59-694e-45ba-9bd8-665bf5d42c51,1b8a5a59-694e-45ba-9bd8-665bf5d42c51.png,1.output_png_schede/1b8a5a59-694e-45ba-9bd8-665bf5d42c51.png,already_exists,9,MT_Miglionico_Masseria_Lascaro_Particolare_02_Prospetto_Sud.JPG,0.original_foto_schede/basilicata/1700224796_MT_Miglionico_complesso_masseria/MT_Miglionico_Masseria_Lascaro_Particolare_02_Prospetto_Sud.JPG,1b8a5a59-694e-45ba-9bd8-665bf5d42c51.jpg,2.output_images_random/1b8a5a59-694e-45ba-9bd8-665bf5d42c51.jpg,copied,matched
basilicata/1700225490_PZ_Ginestra_edificio con annessi_casino,download (6).pdf,0.original_foto_schede/basilicata/1700225490_PZ_Ginestra_edificio con annessi_casino/download (6).pdf,1700225490,31355,5e0ac060-f3bb-4b92-88d1-a90426edcf57,5e0ac060-f3bb-4b92-88d1-a90426edcf57.png,1.output_png_schede/5e0ac060-f3bb-4b92-88d1-a90426edcf57.png,already_exists,7,PZ_Ginestra_Edificio_Rurale_Prospetto_Nord-ovest.JPG,0.original_foto_schede/basilicata/1700225490_PZ_Ginestra_edificio con annessi_casino/PZ_Ginestra_Edificio_Rurale_Prospetto_Nord-ovest.JPG,5e0ac060-f3bb-4b92-88d1-a90426edcf57.jpg,2.output_images_random/5e0ac060-f3bb-4b92-88d1-a90426edcf57.jpg,copied,matched
basilicata/1700225563_PZ_Guardia Perticara_edificio singolo_casa a scala esterna,download (13).pdf,0.original_foto_schede/basilicata/1700225563_PZ_Guardia Perticara_edificio singolo_casa a scala esterna/download (13).pdf,1700225563,38658,384af2f5-11cb-41b5-ba80-cbb511d37283,384af2f5-11cb-41b5-ba80-cbb511d37283.png,1.output_png_schede/384af2f5-11cb-41b5-ba80-cbb511d37283.png,already_exists,5,PZ_GuardiaPerticara_Edificio_Rurale_Prospetto_Ovest.JPG,0.original_foto_schede/basilicata/1700225563_PZ_Guardia Perticara_edificio singolo_casa a scala esterna/PZ_GuardiaPerticara_Edificio_Rurale_Prospetto_Ovest.JPG,384af2f5-11cb-41b5-ba80-cbb511d37283.jpg,2.output_images_random/384af2f5-11cb-41b5-ba80-cbb511d37283.jpg,copied,matched
calabria/1800178855_KR_Cirò_edificio singolo_masseria fortificata,download (13).pdf,0.original_foto_schede/calabria/1800178855_KR_Cirò_edificio singolo_masseria fortificata/download (13).pdf,1800178855,3586,e7456750-ce6f-45ad-b9ff-6a1521361bc7,e7456750-ce6f-45ad-b9ff-6a1521361bc7.png,1.output_png_schede/e7456750-ce6f-45ad-b9ff-6a1521361bc7.png,already_exists,6,KR_CIRO__Torre Santa Venere_Eidotipo.jpg,0.original_foto_schede/calabria/1800178855_KR_Cirò_edificio singolo_masseria fortificata/KR_CIRO__Torre Santa Venere_Eidotipo.jpg,e7456750-ce6f-45ad-b9ff-6a1521361bc7.jpg,2.output_images_random/e7456750-ce6f-45ad-b9ff-6a1521361bc7.jpg,copied,matched
calabria/1800178863_KR_Cutro_complesso_masseria a corte,download (13).pdf,0.original_foto_schede/calabria/1800178863_KR_Cutro_complesso_masseria a corte/download (13).pdf,1800178863,3841,0ee51f3c-23f1-49fe-9147-bd1b61b0b0ac,0ee51f3c-23f1-49fe-9147-bd1b61b0b0ac.png,1.output_png_schede/0ee51f3c-23f1-49fe-9147-bd1b61b0b0ac.png,already_exists,9,KR_Cutro_Casino dei Doria_scorcio Sud Est-Nord Est (1).JPEG,0.original_foto_schede/calabria/1800178863_KR_Cutro_complesso_masseria a corte/KR_Cutro_Casino dei Doria_scorcio Sud Est-Nord Est (1).JPEG,0ee51f3c-23f1-49fe-9147-bd1b61b0b0ac.jpg,2.output_images_random/0ee51f3c-23f1-49fe-9147-bd1b61b0b0ac.jpg,copied,matched
calabria/1800178881_RC_Gioiosa Jonica_edificio con annessi_casa a padiglione,download (13).pdf,0.original_foto_schede/calabria/1800178881_RC_Gioiosa Jonica_edificio con annessi_casa a padiglione/download (13).pdf,1800178881,2059,df9bf84e-5d1d-4c7d-bd22-e1db539b3689,df9bf84e-5d1d-4c7d-bd22-e1db539b3689.png,1.output_png_schede/df9bf84e-5d1d-4c7d-bd22-e1db539b3689.png,already_exists,8,RC_Gioiosa Ionica_Contrada Pontagliara_prospetto NE.jpeg,0.original_foto_schede/calabria/1800178881_RC_Gioiosa Jonica_edificio con annessi_casa a padiglione/RC_Gioiosa Ionica_Contrada Pontagliara_prospetto NE.jpeg,df9bf84e-5d1d-4c7d-bd22-e1db539b3689.jpg,2.output_images_random/df9bf84e-5d1d-4c7d-bd22-e1db539b3689.jpg,copied,matched
calabria/1800194432_KR_Cirò Marina_complesso_casa edifici affiancati,download (13).pdf,0.original_foto_schede/calabria/1800194432_KR_Cirò Marina_complesso_casa edifici affiancati/download (13).pdf,1800194432,23084,fbbd9c47-12f0-4d02-91b1-84d7659caffe,fbbd9c47-12f0-4d02-91b1-84d7659caffe.png,1.output_png_schede/fbbd9c47-12f0-4d02-91b1-84d7659caffe.png,already_exists,10,KR_Cirò Marina_Casa Fatagò_prospetto nord est.JPEG,0.original_foto_schede/calabria/1800194432_KR_Cirò Marina_complesso_casa edifici affiancati/KR_Cirò Marina_Casa Fatagò_prospetto nord est.JPEG,fbbd9c47-12f0-4d02-91b1-84d7659caffe.jpg,2.output_images_random/fbbd9c47-12f0-4d02-91b1-84d7659caffe.jpg,copied,matched
calabria/1800194451_KR_Crotone_complesso_masseria con torre,download (13).pdf,0.original_foto_schede/calabria/1800194451_KR_Crotone_complesso_masseria con torre/download (13).pdf,1800194451,23209,6c0505a7-6afa-42cf-af69-a568acca04bc,6c0505a7-6afa-42cf-af69-a568acca04bc.png,1.output_png_schede/6c0505a7-6afa-42cf-af69-a568acca04bc.png,already_exists,10,KR_Crotone_Casale Troceno_prospetto nord.JPG,0.original_foto_schede/calabria/1800194451_KR_Crotone_complesso_masseria con torre/KR_Crotone_Casale Troceno_prospetto nord.JPG,6c0505a7-6afa-42cf-af69-a568acca04bc.jpg,2.output_images_random/6c0505a7-6afa-42cf-af69-a568acca04bc.jpg,copied,matched
calabria/1800194557_KR_Cirò Marina_complesso_masseria a corte,download (13).pdf,0.original_foto_schede/calabria/1800194557_KR_Cirò Marina_complesso_masseria a corte/download (13).pdf,1800194557,31481,1be76e2a-a2a2-46aa-9017-2a3911eae468,1be76e2a-a2a2-46aa-9017-2a3911eae468.png,1.output_png_schede/1be76e2a-a2a2-46aa-9017-2a3911eae468.png,already_exists,13,KR_CIRO_ MARINA_Case Sculco-Nicastro_contesto.JPG,0.original_foto_schede/calabria/1800194557_KR_Cirò Marina_complesso_masseria a corte/KR_CIRO_ MARINA_Case Sculco-Nicastro_contesto.JPG,1be76e2a-a2a2-46aa-9017-2a3911eae468.jpg,2.output_images_random/1be76e2a-a2a2-46aa-9017-2a3911eae468.jpg,copied,matched
calabria/1800194559_KR_Crucoli_complesso_masseria fortificata a corte,download (13).pdf,0.original_foto_schede/calabria/1800194559_KR_Crucoli_complesso_masseria fortificata a corte/download (13).pdf,1800194559,31463,951dc9bc-7715-4b0c-8020-144e405a24f6,951dc9bc-7715-4b0c-8020-144e405a24f6.png,1.output_png_schede/951dc9bc-7715-4b0c-8020-144e405a24f6.png,already_exists,24,KR_Crucoli_Casino Cassia_1_eidotipo_scorcio nord-ovest.JPEG,0.original_foto_schede/calabria/1800194559_KR_Crucoli_complesso_masseria fortificata a corte/KR_Crucoli_Casino Cassia_1_eidotipo_scorcio nord-ovest.JPEG,951dc9bc-7715-4b0c-8020-144e405a24f6.jpg,2.output_images_random/951dc9bc-7715-4b0c-8020-144e405a24f6.jpg,copied,matched
calabria/1800194904_KR_Petilia Policastro_edificio singolo_casino,download (13).pdf,0.original_foto_schede/calabria/1800194904_KR_Petilia Policastro_edificio singolo_casino/download (13).pdf,1800194904,35794,dac6f569-ffc1-46ed-98bd-00a67548d81d,dac6f569-ffc1-46ed-98bd-00a67548d81d.png,1.output_png_schede/dac6f569-ffc1-46ed-98bd-00a67548d81d.png,already_exists,8,KR_Petilia Policastro_Casino_contesto.JPEG,0.original_foto_schede/calabria/1800194904_KR_Petilia Policastro_edificio singolo_casino/KR_Petilia Policastro_Casino_contesto.JPEG,dac6f569-ffc1-46ed-98bd-00a67548d81d.jpg,2.output_images_random/dac6f569-ffc1-46ed-98bd-00a67548d81d.jpg,copied,matched
calabria/1800194944_VV_Nicotera_complesso_masseria,download (13).pdf,0.original_foto_schede/calabria/1800194944_VV_Nicotera_complesso_masseria/download (13).pdf,1800194944,38863,1e19238d-022b-4c24-9237-e23f7e7b3283,1e19238d-022b-4c24-9237-e23f7e7b3283.png,1.output_png_schede/1e19238d-022b-4c24-9237-e23f7e7b3283.png,already_exists,12,VV_Nicotera_Casino Mortelletto_edificio 1_prospetto est.jpg,0.original_foto_schede/calabria/1800194944_VV_Nicotera_complesso_masseria/VV_Nicotera_Casino Mortelletto_edificio 1_prospetto est.jpg,1e19238d-022b-4c24-9237-e23f7e7b3283.jpg,2.output_images_random/1e19238d-022b-4c24-9237-e23f7e7b3283.jpg,copied,matched
calabria/1800194970_VV_Drapia_edificio con annessi_casale,download (13).pdf,0.original_foto_schede/calabria/1800194970_VV_Drapia_edificio con annessi_casale/download (13).pdf,1800194970,38713,c59d8d5a-d3ef-429d-9378-8e4ff017aff6,c59d8d5a-d3ef-429d-9378-8e4ff017aff6.png,1.output_png_schede/c59d8d5a-d3ef-429d-9378-8e4ff017aff6.png,already_exists,8,VV_Drapia_casale Nardea_prospetto nord-est_1.jpg,0.original_foto_schede/calabria/1800194970_VV_Drapia_edificio con annessi_casale/VV_Drapia_casale Nardea_prospetto nord-est_1.jpg,c59d8d5a-d3ef-429d-9378-8e4ff017aff6.jpg,2.output_images_random/c59d8d5a-d3ef-429d-9378-8e4ff017aff6.jpg,copied,matched
calabria/1800196527_RC_Oppido Mamertina_edificio con annessi_casa a scala esterna,download (13).pdf,0.original_foto_schede/calabria/1800196527_RC_Oppido Mamertina_edificio con annessi_casa a scala esterna/download (13).pdf,1800196527,39306,a9aba613-bd87-4238-83a5-e617cc6a710b,a9aba613-bd87-4238-83a5-e617cc6a710b.png,1.output_png_schede/a9aba613-bd87-4238-83a5-e617cc6a710b.png,already_exists,8,RC_Oppido Mamertina_Via Bruzzano_annesso_prospetto O.JPG,0.original_foto_schede/calabria/1800196527_RC_Oppido Mamertina_edificio con annessi_casa a scala esterna/RC_Oppido Mamertina_Via Bruzzano_annesso_prospetto O.JPG,a9aba613-bd87-4238-83a5-e617cc6a710b.jpg,2.output_images_random/a9aba613-bd87-4238-83a5-e617cc6a710b.jpg,copied,matched
calabria/1800197333_VV_Nicotera_edificio singolo_casale,download (13).pdf,0.original_foto_schede/calabria/1800197333_VV_Nicotera_edificio singolo_casale/download (13).pdf,1800197333,39418,939cd32c-a4e9-4322-8d89-2bc352c87369,939cd32c-a4e9-4322-8d89-2bc352c87369.png,1.output_png_schede/939cd32c-a4e9-4322-8d89-2bc352c87369.png,already_exists,7,VV_Nicotera_casale Britto_contesto.jpg,0.original_foto_schede/calabria/1800197333_VV_Nicotera_edificio singolo_casale/VV_Nicotera_casale Britto_contesto.jpg,939cd32c-a4e9-4322-8d89-2bc352c87369.jpg,2.output_images_random/939cd32c-a4e9-4322-8d89-2bc352c87369.jpg,copied,matched
calabria/1800197526_VV_Zungri_edificio con annessi_casale,download (13).pdf,0.original_foto_schede/calabria/1800197526_VV_Zungri_edificio con annessi_casale/download (13).pdf,1800197526,43484,f5b4caaf-264f-49e3-95d1-2bf109f38898,f5b4caaf-264f-49e3-95d1-2bf109f38898.png,1.output_png_schede/f5b4caaf-264f-49e3-95d1-2bf109f38898.png,already_exists,9,VV_Zungri_casale Curtagli II_contesto.jpg,0.original_foto_schede/calabria/1800197526_VV_Zungri_edificio con annessi_casale/VV_Zungri_casale Curtagli II_contesto.jpg,f5b4caaf-264f-49e3-95d1-2bf109f38898.jpg,2.output_images_random/f5b4caaf-264f-49e3-95d1-2bf109f38898.jpg,copied,matched
calabria/1800197627_RC_Condofuri_complesso_casa a edifici affiancati,download (13).pdf,0.original_foto_schede/calabria/1800197627_RC_Condofuri_complesso_casa a edifici affiancati/download (13).pdf,1800197627,42663,344d254b-5de8-46b6-935e-af19bde02248,344d254b-5de8-46b6-935e-af19bde02248.png,1.output_png_schede/344d254b-5de8-46b6-935e-af19bde02248.png,already_exists,13,RC_Condofuri_SS 106 Jonica_annesso1_prospetto S.jpeg,0.original_foto_schede/calabria/1800197627_RC_Condofuri_complesso_casa a edifici affiancati/RC_Condofuri_SS 106 Jonica_annesso1_prospetto S.jpeg,344d254b-5de8-46b6-935e-af19bde02248.jpg,2.output_images_random/344d254b-5de8-46b6-935e-af19bde02248.jpg,copied,matched
calabria/1800197674_VV_Drapia_edficio con annessi_casale,download (13).pdf,0.original_foto_schede/calabria/1800197674_VV_Drapia_edficio con annessi_casale/download (13).pdf,1800197674,44333,161c0a80-6a7d-4f9c-9d3d-bbac3419d4b7,161c0a80-6a7d-4f9c-9d3d-bbac3419d4b7.png,1.output_png_schede/161c0a80-6a7d-4f9c-9d3d-bbac3419d4b7.png,already_exists,8,VV_Drapia_casale Moleti_prospetto nord-est.jpg,0.original_foto_schede/calabria/1800197674_VV_Drapia_edficio con annessi_casale/VV_Drapia_casale Moleti_prospetto nord-est.jpg,161c0a80-6a7d-4f9c-9d3d-bbac3419d4b7.jpg,2.output_images_random/161c0a80-6a7d-4f9c-9d3d-bbac3419d4b7.jpg,copied,matched
calabria/1800197679_VV_Spilinga_edificio con annessi_casa a scala esterna,download (13).pdf,0.original_foto_schede/calabria/1800197679_VV_Spilinga_edificio con annessi_casa a scala esterna/download (13).pdf,1800197679,44266,60aedbab-a31c-4d1c-b56b-786f7444a8c2,60aedbab-a31c-4d1c-b56b-786f7444a8c2.png,1.output_png_schede/60aedbab-a31c-4d1c-b56b-786f7444a8c2.png,already_exists,6,VV_Spilinga_casale Conturella II_eidotipo.jpg,0.original_foto_schede/calabria/1800197679_VV_Spilinga_edificio con annessi_casa a scala esterna/VV_Spilinga_casale Conturella II_eidotipo.jpg,60aedbab-a31c-4d1c-b56b-786f7444a8c2.jpg,2.output_images_random/60aedbab-a31c-4d1c-b56b-786f7444a8c2.jpg,copied,matched
calabria/1800197697_VV_Zaccanopoli_edificio con annessi_casale,download (13).pdf,0.original_foto_schede/calabria/1800197697_VV_Zaccanopoli_edificio con annessi_casale/download (13).pdf,1800197697,44310,139918d7-9a02-49cf-994e-f7f42a23e2e4,139918d7-9a02-49cf-994e-f7f42a23e2e4.png,1.output_png_schede/139918d7-9a02-49cf-994e-f7f42a23e2e4.png,already_exists,9,VV_Zaccanopoli_casale Pezza Grande II_prospetto sud-ovest.jpg,0.original_foto_schede/calabria/1800197697_VV_Zaccanopoli_edificio con annessi_casale/VV_Zaccanopoli_casale Pezza Grande II_prospetto sud-ovest.jpg,139918d7-9a02-49cf-994e-f7f42a23e2e4.jpg,2.output_images_random/139918d7-9a02-49cf-994e-f7f42a23e2e4.jpg,copied,matched
calabria/1800197699_VV_Drapia_edificio con annessi_casale,download (13).pdf,0.original_foto_schede/calabria/1800197699_VV_Drapia_edificio con annessi_casale/download (13).pdf,1800197699,42468,15878fc6-895c-46e1-9c44-eebdf82ac276,15878fc6-895c-46e1-9c44-eebdf82ac276.png,1.output_png_schede/15878fc6-895c-46e1-9c44-eebdf82ac276.png,already_exists,10,VV_Drapia_casale S.Stefano_eidotipo.jpg,0.original_foto_schede/calabria/1800197699_VV_Drapia_edificio con annessi_casale/VV_Drapia_casale S.Stefano_eidotipo.jpg,15878fc6-895c-46e1-9c44-eebdf82ac276.jpg,2.output_images_random/15878fc6-895c-46e1-9c44-eebdf82ac276.jpg,copied,matched
campania/1500951813_AV_Senerchia_edificio con annessi_casolare,download (13).pdf,0.original_foto_schede/campania/1500951813_AV_Senerchia_edificio con annessi_casolare/download (13).pdf,1500951813,16574,c7c0a087-8be8-4ccd-84af-df06f29ec691,c7c0a087-8be8-4ccd-84af-df06f29ec691.png,1.output_png_schede/c7c0a087-8be8-4ccd-84af-df06f29ec691.png,already_exists,6,AV_Senerchia_Acquabianca_02_laterale_SE.jpg,0.original_foto_schede/campania/1500951813_AV_Senerchia_edificio con annessi_casolare/AV_Senerchia_Acquabianca_02_laterale_SE.jpg,c7c0a087-8be8-4ccd-84af-df06f29ec691.jpg,2.output_images_random/c7c0a087-8be8-4ccd-84af-df06f29ec691.jpg,copied,matched
campania/1500952380_AV_Calabritto_edificio singolo_stazzo,download (1).pdf,0.original_foto_schede/campania/1500952380_AV_Calabritto_edificio singolo_stazzo/download (1).pdf,1500952380,17014,47533997-28e5-45bc-8442-e5205cca9f61,47533997-28e5-45bc-8442-e5205cca9f61.png,1.output_png_schede/47533997-28e5-45bc-8442-e5205cca9f61.png,already_exists,8,AV_Calabritto_Pietrapanna_03_recinto.jpg,0.original_foto_schede/campania/1500952380_AV_Calabritto_edificio singolo_stazzo/AV_Calabritto_Pietrapanna_03_recinto.jpg,47533997-28e5-45bc-8442-e5205cca9f61.jpg,2.output_images_random/47533997-28e5-45bc-8442-e5205cca9f61.jpg,copied,matched
campania/1500956322_AV_Andretta_complesso_casa a edifici separati,download (6).pdf,0.original_foto_schede/campania/1500956322_AV_Andretta_complesso_casa a edifici separati/download (6).pdf,1500956322,17165,064b2e9a-e43b-4765-9f15-6eea85216e52,064b2e9a-e43b-4765-9f15-6eea85216e52.png,1.output_png_schede/064b2e9a-e43b-4765-9f15-6eea85216e52.png,already_exists,8,AV_Andretta_Alvano_A1_scala esterna.jpg,0.original_foto_schede/campania/1500956322_AV_Andretta_complesso_casa a edifici separati/AV_Andretta_Alvano_A1_scala esterna.jpg,064b2e9a-e43b-4765-9f15-6eea85216e52.jpg,2.output_images_random/064b2e9a-e43b-4765-9f15-6eea85216e52.jpg,copied,matched
campania/1500956392_CE_Falciano del Massico_edificio singolo_casa,download (13).pdf,0.original_foto_schede/campania/1500956392_CE_Falciano del Massico_edificio singolo_casa/download (13).pdf,1500956392,17325,11246204-3ca3-4c29-9079-fb11a35a2c1d,11246204-3ca3-4c29-9079-fb11a35a2c1d.png,1.output_png_schede/11246204-3ca3-4c29-9079-fb11a35a2c1d.png,already_exists,6,CE_FALCIANO DEL MASSICO_SP259-Ed A_Foto 05.jpg,0.original_foto_schede/campania/1500956392_CE_Falciano del Massico_edificio singolo_casa/CE_FALCIANO DEL MASSICO_SP259-Ed A_Foto 05.jpg,11246204-3ca3-4c29-9079-fb11a35a2c1d.jpg,2.output_images_random/11246204-3ca3-4c29-9079-fb11a35a2c1d.jpg,copied,matched
campania/1500956719_AV_Andretta_complesso_casa edifici affiancati,download (6).pdf,0.original_foto_schede/campania/1500956719_AV_Andretta_complesso_casa edifici affiancati/download (6).pdf,1500956719,17622,73b8021f-bdb3-4e35-b0c3-6cdf32ac9409,73b8021f-bdb3-4e35-b0c3-6cdf32ac9409.png,1.output_png_schede/73b8021f-bdb3-4e35-b0c3-6cdf32ac9409.png,already_exists,9,AV_Andretta_Alvano_C_prospetto_posteriore_NE.jpg,0.original_foto_schede/campania/1500956719_AV_Andretta_complesso_casa edifici affiancati/AV_Andretta_Alvano_C_prospetto_posteriore_NE.jpg,73b8021f-bdb3-4e35-b0c3-6cdf32ac9409.jpg,2.output_images_random/73b8021f-bdb3-4e35-b0c3-6cdf32ac9409.jpg,copied,matched
campania/1500957046_SA_Oliveto Citra_edificio singolo_casa a ballatoio,download (13).pdf,0.original_foto_schede/campania/1500957046_SA_Oliveto Citra_edificio singolo_casa a ballatoio/download (13).pdf,1500957046,35143,db78efcd-fba0-4ae4-a9c2-e5786b006d34,db78efcd-fba0-4ae4-a9c2-e5786b006d34.png,1.output_png_schede/db78efcd-fba0-4ae4-a9c2-e5786b006d34.png,already_exists,11,SA_Oliveto_SP9b_veduta_posteriore_ovest.jpg,0.original_foto_schede/campania/1500957046_SA_Oliveto Citra_edificio singolo_casa a ballatoio/SA_Oliveto_SP9b_veduta_posteriore_ovest.jpg,db78efcd-fba0-4ae4-a9c2-e5786b006d34.jpg,2.output_images_random/db78efcd-fba0-4ae4-a9c2-e5786b006d34.jpg,copied,matched
campania/1500957058_Cancello e Arnone_CE_edificio con annessi,download (13).pdf,0.original_foto_schede/campania/1500957058_Cancello e Arnone_CE_edificio con annessi/download (13).pdf,1500957058,21641,9881c701-bc85-4b52-8dd7-cf3ead0c9e9d,9881c701-bc85-4b52-8dd7-cf3ead0c9e9d.png,1.output_png_schede/9881c701-bc85-4b52-8dd7-cf3ead0c9e9d.png,already_exists,7,CANCELLO ED ARNONE_Via Roma snc_Foto 02.jpg,0.original_foto_schede/campania/1500957058_Cancello e Arnone_CE_edificio con annessi/CANCELLO ED ARNONE_Via Roma snc_Foto 02.jpg,9881c701-bc85-4b52-8dd7-cf3ead0c9e9d.jpg,2.output_images_random/9881c701-bc85-4b52-8dd7-cf3ead0c9e9d.jpg,copied,matched
campania/1500957067_Grazzanise_CE_edificio con annessi,download (13).pdf,0.original_foto_schede/campania/1500957067_Grazzanise_CE_edificio con annessi/download (13).pdf,,,,,,,0,,,,,,no_matching_iccd_code
campania/1500957105_Grazzanise_CE_edificio con annessi,download (13).pdf,0.original_foto_schede/campania/1500957105_Grazzanise_CE_edificio con annessi/download (13).pdf,1500957105,1666,92488e26-6fee-4d34-bc2d-7005981c210f,92488e26-6fee-4d34-bc2d-7005981c210f.png,1.output_png_schede/92488e26-6fee-4d34-bc2d-7005981c210f.png,already_exists,7,CE_GRAZZANISE_Via Brezza 65_EIDOTIPO.jpg,0.original_foto_schede/campania/1500957105_Grazzanise_CE_edificio con annessi/CE_GRAZZANISE_Via Brezza 65_EIDOTIPO.jpg,92488e26-6fee-4d34-bc2d-7005981c210f.jpg,2.output_images_random/92488e26-6fee-4d34-bc2d-7005981c210f.jpg,copied,matched
campania/1500957232_SA_Auletta_edificio singolo_casolare,download (13).pdf,0.original_foto_schede/campania/1500957232_SA_Auletta_edificio singolo_casolare/download (13).pdf,1500957232,38162,9c127a30-deb0-4dc0-b366-774a0d6f2bc7,9c127a30-deb0-4dc0-b366-774a0d6f2bc7.png,1.output_png_schede/9c127a30-deb0-4dc0-b366-774a0d6f2bc7.png,already_exists,8,SA_Auletta_Sgarrone_catastale_d_impianto.jpg,0.original_foto_schede/campania/1500957232_SA_Auletta_edificio singolo_casolare/SA_Auletta_Sgarrone_catastale_d_impianto.jpg,9c127a30-deb0-4dc0-b366-774a0d6f2bc7.jpg,2.output_images_random/9c127a30-deb0-4dc0-b366-774a0d6f2bc7.jpg,copied,matched
campania/1500957673_Grazzanise_CE_edificio con annessi,download (13).pdf,0.original_foto_schede/campania/1500957673_Grazzanise_CE_edificio con annessi/download (13).pdf,1500957673,28948,20ba528b-7952-437f-b8fb-44a69c06a396,20ba528b-7952-437f-b8fb-44a69c06a396.png,1.output_png_schede/20ba528b-7952-437f-b8fb-44a69c06a396.png,already_exists,7,CE_GRAZZANISE_Via Pino Ingrato-Ed B_Foto 05.jpg,0.original_foto_schede/campania/1500957673_Grazzanise_CE_edificio con annessi/CE_GRAZZANISE_Via Pino Ingrato-Ed B_Foto 05.jpg,20ba528b-7952-437f-b8fb-44a69c06a396.jpg,2.output_images_random/20ba528b-7952-437f-b8fb-44a69c06a396.jpg,copied,matched
campania/1500957698_Grazzanise_CE_edificio con annessi,download (13).pdf,0.original_foto_schede/campania/1500957698_Grazzanise_CE_edificio con annessi/download (13).pdf,1500957698,28882,6a2f61f8-2c67-4c73-91ba-f83b6912486d,6a2f61f8-2c67-4c73-91ba-f83b6912486d.png,1.output_png_schede/6a2f61f8-2c67-4c73-91ba-f83b6912486d.png,already_exists,7,CE_GRAZZANISE_Via Pino Ingrato-Ed A_EIDOTIPO.jpg,0.original_foto_schede/campania/1500957698_Grazzanise_CE_edificio con annessi/CE_GRAZZANISE_Via Pino Ingrato-Ed A_EIDOTIPO.jpg,6a2f61f8-2c67-4c73-91ba-f83b6912486d.jpg,2.output_images_random/6a2f61f8-2c67-4c73-91ba-f83b6912486d.jpg,copied,matched
campania/1500962989_AV_Miletto_edificio singolo_casolare,download (13).pdf,0.original_foto_schede/campania/1500962989_AV_Miletto_edificio singolo_casolare/download (13).pdf,1500962989,26869,35f6a16a-1024-4f57-ad7b-75a579b7152b,35f6a16a-1024-4f57-ad7b-75a579b7152b.png,1.output_png_schede/35f6a16a-1024-4f57-ad7b-75a579b7152b.png,already_exists,10,AV_M_Miletto_Bagno_vasche.jpg,0.original_foto_schede/campania/1500962989_AV_Miletto_edificio singolo_casolare/AV_M_Miletto_Bagno_vasche.jpg,35f6a16a-1024-4f57-ad7b-75a579b7152b.jpg,2.output_images_random/35f6a16a-1024-4f57-ad7b-75a579b7152b.jpg,copied,matched
campania/1500962999_Villa Literno_CE_edificio con annessi,download (13).pdf,0.original_foto_schede/campania/1500962999_Villa Literno_CE_edificio con annessi/download (13).pdf,1500962999,34820,54b04443-8015-4d6e-a6d5-5a437f5782fe,54b04443-8015-4d6e-a6d5-5a437f5782fe.png,1.output_png_schede/54b04443-8015-4d6e-a6d5-5a437f5782fe.png,already_exists,8,CE_VILLA LITERNO_Via S.Sossio 3_Foto 07.jpg,0.original_foto_schede/campania/1500962999_Villa Literno_CE_edificio con annessi/CE_VILLA LITERNO_Via S.Sossio 3_Foto 07.jpg,54b04443-8015-4d6e-a6d5-5a437f5782fe.jpg,2.output_images_random/54b04443-8015-4d6e-a6d5-5a437f5782fe.jpg,copied,matched
campania/1500963000_CE_Riardo_complesso_masseria,download (13).pdf,0.original_foto_schede/campania/1500963000_CE_Riardo_complesso_masseria/download (13).pdf,1500963000,28478,b3beccad-adfd-4768-944e-fd4deccd16a7,b3beccad-adfd-4768-944e-fd4deccd16a7.png,1.output_png_schede/b3beccad-adfd-4768-944e-fd4deccd16a7.png,already_exists,8,CE_RIARDO_Via Starza 2_Foto 04.jpg,0.original_foto_schede/campania/1500963000_CE_Riardo_complesso_masseria/CE_RIARDO_Via Starza 2_Foto 04.jpg,b3beccad-adfd-4768-944e-fd4deccd16a7.jpg,2.output_images_random/b3beccad-adfd-4768-944e-fd4deccd16a7.jpg,copied,matched
campania/1500963128_AV_complesso_masseria fortificata,download (6).pdf,0.original_foto_schede/campania/1500963128_AV_complesso_masseria fortificata/download (6).pdf,1500963128,40843,a647f319-24a6-47e5-8f75-2ced8a76c165,a647f319-24a6-47e5-8f75-2ced8a76c165.png,1.output_png_schede/a647f319-24a6-47e5-8f75-2ced8a76c165.png,already_exists,16,AV_Lacedonia_Casone di Montevaccaro_stalle 2.JPG,0.original_foto_schede/campania/1500963128_AV_complesso_masseria fortificata/AV_Lacedonia_Casone di Montevaccaro_stalle 2.JPG,a647f319-24a6-47e5-8f75-2ced8a76c165.jpg,2.output_images_random/a647f319-24a6-47e5-8f75-2ced8a76c165.jpg,copied,matched
campania/1500963135_AV_Calitri_complesso_masseria,download (13).pdf,0.original_foto_schede/campania/1500963135_AV_Calitri_complesso_masseria/download (13).pdf,1500963135,40840,f863c9a6-f43e-4812-a53c-cf023755d0df,f863c9a6-f43e-4812-a53c-cf023755d0df.png,1.output_png_schede/f863c9a6-f43e-4812-a53c-cf023755d0df.png,already_exists,13,AV_Calitri_Masseria_Facciata nord (coperta in parte dall_edificio vicino).JPG,0.original_foto_schede/campania/1500963135_AV_Calitri_complesso_masseria/AV_Calitri_Masseria_Facciata nord (coperta in parte dall_edificio vicino).JPG,f863c9a6-f43e-4812-a53c-cf023755d0df.jpg,2.output_images_random/f863c9a6-f43e-4812-a53c-cf023755d0df.jpg,copied,matched
campania/1500965097_S. Maria la fossa_CE_edificio con annessi,download (13).pdf,0.original_foto_schede/campania/1500965097_S. Maria la fossa_CE_edificio con annessi/download (13).pdf,1500965097,40038,ff8e81f1-53a5-46cb-8c4a-b10d96a6428c,ff8e81f1-53a5-46cb-8c4a-b10d96a6428c.png,1.output_png_schede/ff8e81f1-53a5-46cb-8c4a-b10d96a6428c.png,already_exists,9,CE_SANTA MARIA LA FOSSA_Contrada S.Leucio Ed.A_Foto 04.jpg,0.original_foto_schede/campania/1500965097_S. Maria la fossa_CE_edificio con annessi/CE_SANTA MARIA LA FOSSA_Contrada S.Leucio Ed.A_Foto 04.jpg,ff8e81f1-53a5-46cb-8c4a-b10d96a6428c.jpg,2.output_images_random/ff8e81f1-53a5-46cb-8c4a-b10d96a6428c.jpg,copied,matched
campania/1500965118_S.Maria la Fossa_CE_edificio con annessi,download (13).pdf,0.original_foto_schede/campania/1500965118_S.Maria la Fossa_CE_edificio con annessi/download (13).pdf,1500965118,40021,4117a982-f061-41f0-a5ed-17741ed89bf0,4117a982-f061-41f0-a5ed-17741ed89bf0.png,1.output_png_schede/4117a982-f061-41f0-a5ed-17741ed89bf0.png,already_exists,8,CE_SANTA MARIA LA FOSSA_Via Camino-Ed D_Foto 02.jpg,0.original_foto_schede/campania/1500965118_S.Maria la Fossa_CE_edificio con annessi/CE_SANTA MARIA LA FOSSA_Via Camino-Ed D_Foto 02.jpg,4117a982-f061-41f0-a5ed-17741ed89bf0.jpg,2.output_images_random/4117a982-f061-41f0-a5ed-17741ed89bf0.jpg,copied,matched
campania/1500965143_AV_Frigento_complesso_masseria,download (13).pdf,0.original_foto_schede/campania/1500965143_AV_Frigento_complesso_masseria/download (13).pdf,1500965143,36237,6dea1a8c-be95-4c9c-ae3c-d3a8239c051b,6dea1a8c-be95-4c9c-ae3c-d3a8239c051b.png,1.output_png_schede/6dea1a8c-be95-4c9c-ae3c-d3a8239c051b.png,already_exists,18,AV_Frigento_Masseria_Colombaia blocco 1b.JPG,0.original_foto_schede/campania/1500965143_AV_Frigento_complesso_masseria/AV_Frigento_Masseria_Colombaia blocco 1b.JPG,6dea1a8c-be95-4c9c-ae3c-d3a8239c051b.jpg,2.output_images_random/6dea1a8c-be95-4c9c-ae3c-d3a8239c051b.jpg,copied,matched
campania/1500965155_AV_Mirabella Eclano_complesso_casa edifici affiancati,download (13).pdf,0.original_foto_schede/campania/1500965155_AV_Mirabella Eclano_complesso_casa edifici affiancati/download (13).pdf,1500965155,41986,e0449426-1910-4129-ba74-cb73964f0759,e0449426-1910-4129-ba74-cb73964f0759.png,1.output_png_schede/e0449426-1910-4129-ba74-cb73964f0759.png,already_exists,10,AV_Mirabella Eclano_Edifici affiancati_Blocco 2.JPG,0.original_foto_schede/campania/1500965155_AV_Mirabella Eclano_complesso_casa edifici affiancati/AV_Mirabella Eclano_Edifici affiancati_Blocco 2.JPG,e0449426-1910-4129-ba74-cb73964f0759.jpg,2.output_images_random/e0449426-1910-4129-ba74-cb73964f0759.jpg,copied,matched
campania/1500965243_AV_Avellino_edificio con annessi_casale,download (13).pdf,0.original_foto_schede/campania/1500965243_AV_Avellino_edificio con annessi_casale/download (13).pdf,1500965243,41665,91175aaa-b748-40f7-9be3-85f9e1dd47fb,91175aaa-b748-40f7-9be3-85f9e1dd47fb.png,1.output_png_schede/91175aaa-b748-40f7-9be3-85f9e1dd47fb.png,already_exists,9,001_X_AV_AVELLINO_Contrada Santorelli snc_PAI FRANE.jpg,0.original_foto_schede/campania/1500965243_AV_Avellino_edificio con annessi_casale/001_X_AV_AVELLINO_Contrada Santorelli snc_PAI FRANE.jpg,91175aaa-b748-40f7-9be3-85f9e1dd47fb.jpg,2.output_images_random/91175aaa-b748-40f7-9be3-85f9e1dd47fb.jpg,copied,matched
emilia_romagna/0800694066_RE_Montecchio Emilia_COM_corte rurale,0800694066_RE_Montecchio Emilia_COM_corte rurale.pdf,0.original_foto_schede/emilia_romagna/0800694066_RE_Montecchio Emilia_COM_corte rurale/0800694066_RE_Montecchio Emilia_COM_corte rurale.pdf,0800694066,12591,5da748f9-addb-430d-aa15-31a86d27749c,5da748f9-addb-430d-aa15-31a86d27749c.png,1.output_png_schede/5da748f9-addb-430d-aa15-31a86d27749c.png,already_exists,3,Prospetto_N.jpg,0.original_foto_schede/emilia_romagna/0800694066_RE_Montecchio Emilia_COM_corte rurale/Prospetto_N.jpg,5da748f9-addb-430d-aa15-31a86d27749c.jpg,2.output_images_random/5da748f9-addb-430d-aa15-31a86d27749c.jpg,copied,matched
emilia_romagna/0800694095_FE_COM_casa edifici affiancati_NO,0800694095_FE_COM_casa edifici affiancati.pdf,0.original_foto_schede/emilia_romagna/0800694095_FE_COM_casa edifici affiancati_NO/0800694095_FE_COM_casa edifici affiancati.pdf,0800694095,44051,6703df88-516c-4d9f-a6eb-63558f670d79,6703df88-516c-4d9f-a6eb-63558f670d79.png,1.output_png_schede/6703df88-516c-4d9f-a6eb-63558f670d79.png,already_exists,3,DSC_9455.jpg,0.original_foto_schede/emilia_romagna/0800694095_FE_COM_casa edifici affiancati_NO/DSC_9455.jpg,6703df88-516c-4d9f-a6eb-63558f670d79.jpg,2.output_images_random/6703df88-516c-4d9f-a6eb-63558f670d79.jpg,copied,matched
emilia_romagna/0800697664_RE_Bibbiana_EDSIN_casa con torre,0800697664_RE_Bibbiana_EDSIN_casa con torre.pdf,0.original_foto_schede/emilia_romagna/0800697664_RE_Bibbiana_EDSIN_casa con torre/0800697664_RE_Bibbiana_EDSIN_casa con torre.pdf,0800697664,13699,03d8a957-5cc3-4da8-a160-2b733143771a,03d8a957-5cc3-4da8-a160-2b733143771a.png,1.output_png_schede/03d8a957-5cc3-4da8-a160-2b733143771a.png,already_exists,3,RE_reggioemilia_069_Spagnol_4kl_766_prospetto O.jpg,0.original_foto_schede/emilia_romagna/0800697664_RE_Bibbiana_EDSIN_casa con torre/RE_reggioemilia_069_Spagnol_4kl_766_prospetto O.jpg,03d8a957-5cc3-4da8-a160-2b733143771a.jpg,2.output_images_random/03d8a957-5cc3-4da8-a160-2b733143771a.jpg,copied,matched
emilia_romagna/0800699864_MO_Campogalliano_COM_corte rurale aperta,0800699864_MO_Campogalliano_COM_corte rurale aperta.pdf,0.original_foto_schede/emilia_romagna/0800699864_MO_Campogalliano_COM_corte rurale aperta/0800699864_MO_Campogalliano_COM_corte rurale aperta.pdf,0800699864,11456,9a3f31a3-d279-4cc6-9578-e3b2e8570863,9a3f31a3-d279-4cc6-9578-e3b2e8570863.png,1.output_png_schede/9a3f31a3-d279-4cc6-9578-e3b2e8570863.png,already_exists,4,_MG_3969.jpg,0.original_foto_schede/emilia_romagna/0800699864_MO_Campogalliano_COM_corte rurale aperta/_MG_3969.jpg,9a3f31a3-d279-4cc6-9578-e3b2e8570863.jpg,2.output_images_random/9a3f31a3-d279-4cc6-9578-e3b2e8570863.jpg,copied,matched
emilia_romagna/0800701008_BO_Mordano_EDANN_cascina,0800701008_BO_Mordano_EDANN_cascina.pdf,0.original_foto_schede/emilia_romagna/0800701008_BO_Mordano_EDANN_cascina/0800701008_BO_Mordano_EDANN_cascina.pdf,0800701008,807,945a055f-317f-4798-9790-2e180fe60ba1,945a055f-317f-4798-9790-2e180fe60ba1.png,1.output_png_schede/945a055f-317f-4798-9790-2e180fe60ba1.png,already_exists,5,BO530_Mordano_viaLumesnc_Contesto.jpg,0.original_foto_schede/emilia_romagna/0800701008_BO_Mordano_EDANN_cascina/BO530_Mordano_viaLumesnc_Contesto.jpg,945a055f-317f-4798-9790-2e180fe60ba1.jpg,2.output_images_random/945a055f-317f-4798-9790-2e180fe60ba1.jpg,copied,matched
emilia_romagna/0800702272_PC_Lugagnano Val d_Arda_COM_casa ed affiancati,PC_Lugagnano Val d_Arda_COM_casa ed affiancati.pdf,0.original_foto_schede/emilia_romagna/0800702272_PC_Lugagnano Val d_Arda_COM_casa ed affiancati/PC_Lugagnano Val d_Arda_COM_casa ed affiancati.pdf,0800702272,1034,13573cff-3b6e-48eb-b45f-fe37c4b21d74,13573cff-3b6e-48eb-b45f-fe37c4b21d74.png,1.output_png_schede/13573cff-3b6e-48eb-b45f-fe37c4b21d74.png,already_exists,4,PC313_LugagnanoVald_Arda_latoSE.jpg,0.original_foto_schede/emilia_romagna/0800702272_PC_Lugagnano Val d_Arda_COM_casa ed affiancati/PC313_LugagnanoVald_Arda_latoSE.jpg,13573cff-3b6e-48eb-b45f-fe37c4b21d74.jpg,2.output_images_random/13573cff-3b6e-48eb-b45f-fe37c4b21d74.jpg,copied,matched
emilia_romagna/0800702702_FE_Poggio Renatico_EDANN_casa con torre,0800702702_FE_Poggio Renatico_EDANN_casa con torre.pdf,0.original_foto_schede/emilia_romagna/0800702702_FE_Poggio Renatico_EDANN_casa con torre/0800702702_FE_Poggio Renatico_EDANN_casa con torre.pdf,0800702702,43583,6d949d4a-d546-4799-88b9-be309a28758a,6d949d4a-d546-4799-88b9-be309a28758a.png,1.output_png_schede/6d949d4a-d546-4799-88b9-be309a28758a.png,already_exists,7,"FE446_Via Imperiale 70, Poggio Renatico_annesso b.jpg","0.original_foto_schede/emilia_romagna/0800702702_FE_Poggio Renatico_EDANN_casa con torre/FE446_Via Imperiale 70, Poggio Renatico_annesso b.jpg",6d949d4a-d546-4799-88b9-be309a28758a.jpg,2.output_images_random/6d949d4a-d546-4799-88b9-be309a28758a.jpg,copied,matched
emilia_romagna/fidenza01,fidenza01.pdf,0.original_foto_schede/emilia_romagna/fidenza01/fidenza01.pdf,0800701099,5654,977446ed-233a-432a-a34d-83d4eb78729e,977446ed-233a-432a-a34d-83d4eb78729e.png,1.output_png_schede/977446ed-233a-432a-a34d-83d4eb78729e.png,already_exists,7,7a33fc4b-aa53-409d-8b69-e866226305a4.jpg,0.original_foto_schede/emilia_romagna/fidenza01/7a33fc4b-aa53-409d-8b69-e866226305a4.jpg,977446ed-233a-432a-a34d-83d4eb78729e.jpg,2.output_images_random/977446ed-233a-432a-a34d-83d4eb78729e.jpg,copied,matched
friuli/0600183736_UD_S. Leonardo_casa a ballatoio,0600183736_UD_S. Leonardo_casa a ballatoio.pdf,0.original_foto_schede/friuli/0600183736_UD_S. Leonardo_casa a ballatoio/0600183736_UD_S. Leonardo_casa a ballatoio.pdf,0600183736,5275,7c562f39-2cad-4bdf-bdce-e53b14699c49,7c562f39-2cad-4bdf-bdce-e53b14699c49.png,1.output_png_schede/7c562f39-2cad-4bdf-bdce-e53b14699c49.png,already_exists,3,UD1075_prospetto S.jpg,0.original_foto_schede/friuli/0600183736_UD_S. Leonardo_casa a ballatoio/UD1075_prospetto S.jpg,7c562f39-2cad-4bdf-bdce-e53b14699c49.jpg,2.output_images_random/7c562f39-2cad-4bdf-bdce-e53b14699c49.jpg,copied,matched
friuli/claut01,claut01.pdf,0.original_foto_schede/friuli/claut01/claut01.pdf,0600183579,4145,2f9e2a1d-9cab-4c19-8ade-e48d4979b501,2f9e2a1d-9cab-4c19-8ade-e48d4979b501.png,1.output_png_schede/2f9e2a1d-9cab-4c19-8ade-e48d4979b501.png,already_exists,4,402ae966-6d2a-4cad-a739-72a773413eaa.jpeg,0.original_foto_schede/friuli/claut01/402ae966-6d2a-4cad-a739-72a773413eaa.jpeg,2f9e2a1d-9cab-4c19-8ade-e48d4979b501.jpg,2.output_images_random/2f9e2a1d-9cab-4c19-8ade-e48d4979b501.jpg,copied,matched
friuli/tramonti01,tramonti01.pdf,0.original_foto_schede/friuli/tramonti01/tramonti01.pdf,0600183492,23024,8b525e04-6ad8-4447-9c24-4c5c52595fae,8b525e04-6ad8-4447-9c24-4c5c52595fae.png,1.output_png_schede/8b525e04-6ad8-4447-9c24-4c5c52595fae.png,already_exists,4,88f9538f-acaa-497b-b059-e7f1631faa90.png,0.original_foto_schede/friuli/tramonti01/88f9538f-acaa-497b-b059-e7f1631faa90.png,8b525e04-6ad8-4447-9c24-4c5c52595fae.png,2.output_images_random/8b525e04-6ad8-4447-9c24-4c5c52595fae.png,copied,matched
friuli/tramonti02,tramonti02.pdf,0.original_foto_schede/friuli/tramonti02/tramonti02.pdf,0600191013,23178,144db232-5705-4824-a325-d38b8f51875c,144db232-5705-4824-a325-d38b8f51875c.png,1.output_png_schede/144db232-5705-4824-a325-d38b8f51875c.png,already_exists,4,d9e91e4d-8aae-40f1-a7da-7f70861f1679.jpeg,0.original_foto_schede/friuli/tramonti02/d9e91e4d-8aae-40f1-a7da-7f70861f1679.jpeg,144db232-5705-4824-a325-d38b8f51875c.jpg,2.output_images_random/144db232-5705-4824-a325-d38b8f51875c.jpg,copied,matched
"lazio/Acquapendente (VT)_ Strada Campo Morino_ED.ANN., casa a scala esterna",download.pdf,"0.original_foto_schede/lazio/Acquapendente (VT)_ Strada Campo Morino_ED.ANN., casa a scala esterna/download.pdf",1201418148,41321,1dec72a4-f4fa-48b8-bc57-a9c9f98782a1,1dec72a4-f4fa-48b8-bc57-a9c9f98782a1.png,1.output_png_schede/1dec72a4-f4fa-48b8-bc57-a9c9f98782a1.png,already_exists,2,"VT_Acquapendente, strada Campo Morino_Casale, Ortofoto.jpg","0.original_foto_schede/lazio/Acquapendente (VT)_ Strada Campo Morino_ED.ANN., casa a scala esterna/VT_Acquapendente, strada Campo Morino_Casale, Ortofoto.jpg",1dec72a4-f4fa-48b8-bc57-a9c9f98782a1.jpg,2.output_images_random/1dec72a4-f4fa-48b8-bc57-a9c9f98782a1.jpg,copied,matched
"lazio/Acuto (FR)_ Via Macerie 4_EDIFICIO SINGOLO, stazzo_1201418952",download.pdf,"0.original_foto_schede/lazio/Acuto (FR)_ Via Macerie 4_EDIFICIO SINGOLO, stazzo_1201418952/download.pdf",1201418952,43126,b2f1a9a8-263a-4e9b-9738-442553553361,b2f1a9a8-263a-4e9b-9738-442553553361.png,1.output_png_schede/b2f1a9a8-263a-4e9b-9738-442553553361.png,already_exists,6,Screenshot 2026-04-16 111614.png,"0.original_foto_schede/lazio/Acuto (FR)_ Via Macerie 4_EDIFICIO SINGOLO, stazzo_1201418952/Screenshot 2026-04-16 111614.png",b2f1a9a8-263a-4e9b-9738-442553553361.png,2.output_images_random/b2f1a9a8-263a-4e9b-9738-442553553361.png,copied,matched
"lazio/Alatri (FR)_ Via Valle Cicogna 31_ED.SING., scala esterna",download.pdf,"0.original_foto_schede/lazio/Alatri (FR)_ Via Valle Cicogna 31_ED.SING., scala esterna/download.pdf",1201417030,27298,caf2e85d-bf9e-4df8-a4da-3574f11daef3,caf2e85d-bf9e-4df8-a4da-3574f11daef3.png,1.output_png_schede/caf2e85d-bf9e-4df8-a4da-3574f11daef3.png,already_exists,5,FR Alatri Casolare Via Valle Cicogna 31 lato Nord Ovest.jpg,"0.original_foto_schede/lazio/Alatri (FR)_ Via Valle Cicogna 31_ED.SING., scala esterna/FR Alatri Casolare Via Valle Cicogna 31 lato Nord Ovest.jpg",caf2e85d-bf9e-4df8-a4da-3574f11daef3.jpg,2.output_images_random/caf2e85d-bf9e-4df8-a4da-3574f11daef3.jpg,copied,matched
"lazio/Alvito (FR)_ Via Piano Macchialonga 27_EDIFICIO SINGOLO, casale_1201418943",download.pdf,"0.original_foto_schede/lazio/Alvito (FR)_ Via Piano Macchialonga 27_EDIFICIO SINGOLO, casale_1201418943/download.pdf",1201418943,42139,a71f9167-2160-4862-98a0-bf51bcddebd0,a71f9167-2160-4862-98a0-bf51bcddebd0.png,1.output_png_schede/a71f9167-2160-4862-98a0-bf51bcddebd0.png,already_exists,13,FR_Alvito_via_piano_macchialonga_casale_foto_particolare_interno_4.jpg,"0.original_foto_schede/lazio/Alvito (FR)_ Via Piano Macchialonga 27_EDIFICIO SINGOLO, casale_1201418943/FR_Alvito_via_piano_macchialonga_casale_foto_particolare_interno_4.jpg",a71f9167-2160-4862-98a0-bf51bcddebd0.jpg,2.output_images_random/a71f9167-2160-4862-98a0-bf51bcddebd0.jpg,copied,matched
"lazio/Anagni (FR)_ Via Preturi 41_EDIFICIO SINGOLO, dimora stagionale_1201418941",download.pdf,"0.original_foto_schede/lazio/Anagni (FR)_ Via Preturi 41_EDIFICIO SINGOLO, dimora stagionale_1201418941/download.pdf",1201418941,39066,15d021d3-dd0d-46bc-948b-ed1c9ddce6a3,15d021d3-dd0d-46bc-948b-ed1c9ddce6a3.png,1.output_png_schede/15d021d3-dd0d-46bc-948b-ed1c9ddce6a3.png,already_exists,5,FR_Anagni_via _Preturi_dimora_stagionale_foto_prospetto_A_B.jpeg,"0.original_foto_schede/lazio/Anagni (FR)_ Via Preturi 41_EDIFICIO SINGOLO, dimora stagionale_1201418941/FR_Anagni_via _Preturi_dimora_stagionale_foto_prospetto_A_B.jpeg",15d021d3-dd0d-46bc-948b-ed1c9ddce6a3.jpg,2.output_images_random/15d021d3-dd0d-46bc-948b-ed1c9ddce6a3.jpg,copied,matched
lazio/Aprilia (LT)_ Via Apriliana 137_EDIFICIO CON ANNESSI_casale,download.pdf,0.original_foto_schede/lazio/Aprilia (LT)_ Via Apriliana 137_EDIFICIO CON ANNESSI_casale/download.pdf,1201416096,43766,cab0e3a5-3342-4736-af7c-d5ca4f96a586,cab0e3a5-3342-4736-af7c-d5ca4f96a586.png,1.output_png_schede/cab0e3a5-3342-4736-af7c-d5ca4f96a586.png,already_exists,6,Screenshot 2025-05-09 alle 20.07.02.png,0.original_foto_schede/lazio/Aprilia (LT)_ Via Apriliana 137_EDIFICIO CON ANNESSI_casale/Screenshot 2025-05-09 alle 20.07.02.png,cab0e3a5-3342-4736-af7c-d5ca4f96a586.png,2.output_images_random/cab0e3a5-3342-4736-af7c-d5ca4f96a586.png,copied,matched
lazio/Aprilia (LT)_ Via Tufello 28_EDIFICIO CON ANNESSI_casale,download.pdf,0.original_foto_schede/lazio/Aprilia (LT)_ Via Tufello 28_EDIFICIO CON ANNESSI_casale/download.pdf,1201415957,3123,8e974f79-5887-425f-88c8-2ffa06d2dec4,8e974f79-5887-425f-88c8-2ffa06d2dec4.png,1.output_png_schede/8e974f79-5887-425f-88c8-2ffa06d2dec4.png,already_exists,4,IMG_8816.jpg,0.original_foto_schede/lazio/Aprilia (LT)_ Via Tufello 28_EDIFICIO CON ANNESSI_casale/IMG_8816.jpg,8e974f79-5887-425f-88c8-2ffa06d2dec4.jpg,2.output_images_random/8e974f79-5887-425f-88c8-2ffa06d2dec4.jpg,copied,matched
lazio/Arce (FR)_ Casale Pantanaccio via Campostefano 254,download.pdf,0.original_foto_schede/lazio/Arce (FR)_ Casale Pantanaccio via Campostefano 254/download.pdf,,,,,,,0,,,,,,no_matching_iccd_code
"lazio/Arce (FR)_ Via Campostefano 254_EDIFICIO SINGOLO, casale_1201412196",download.pdf,"0.original_foto_schede/lazio/Arce (FR)_ Via Campostefano 254_EDIFICIO SINGOLO, casale_1201412196/download.pdf",1201412196,18850,ac98ffe5-ec47-4ada-b58a-f12eaef0990f,ac98ffe5-ec47-4ada-b58a-f12eaef0990f.png,1.output_png_schede/ac98ffe5-ec47-4ada-b58a-f12eaef0990f.png,already_exists,7,FR_Arce_Casale Pantanaccio foto lato Ovest.JPG,"0.original_foto_schede/lazio/Arce (FR)_ Via Campostefano 254_EDIFICIO SINGOLO, casale_1201412196/FR_Arce_Casale Pantanaccio foto lato Ovest.JPG",ac98ffe5-ec47-4ada-b58a-f12eaef0990f.jpg,2.output_images_random/ac98ffe5-ec47-4ada-b58a-f12eaef0990f.jpg,copied,matched
"lazio/Arpino (FR)_ Contrada Coste Calde 14_EDIFICIO SINGOLO, casa con torre_1201415801",download.pdf,"0.original_foto_schede/lazio/Arpino (FR)_ Contrada Coste Calde 14_EDIFICIO SINGOLO, casa con torre_1201415801/download.pdf",1201415801,24858,7a27c0cc-1e2a-4016-b48d-dadf0b736839,7a27c0cc-1e2a-4016-b48d-dadf0b736839.png,1.output_png_schede/7a27c0cc-1e2a-4016-b48d-dadf0b736839.png,already_exists,6,FR_Arpino_Contrada_Costecalde_casa_con_torre_foto_contesto_2.jpeg,"0.original_foto_schede/lazio/Arpino (FR)_ Contrada Coste Calde 14_EDIFICIO SINGOLO, casa con torre_1201415801/FR_Arpino_Contrada_Costecalde_casa_con_torre_foto_contesto_2.jpeg",7a27c0cc-1e2a-4016-b48d-dadf0b736839.jpg,2.output_images_random/7a27c0cc-1e2a-4016-b48d-dadf0b736839.jpg,copied,matched
"lazio/Atina (FR)_ Via Vecchia Sferracavallo 1431_EDIFICIO SINGOLO, casale_1201417608",download.pdf,"0.original_foto_schede/lazio/Atina (FR)_ Via Vecchia Sferracavallo 1431_EDIFICIO SINGOLO, casale_1201417608/download.pdf",1201417608,21573,6ba97814-fc00-4e33-b338-2a548da306e8,6ba97814-fc00-4e33-b338-2a548da306e8.png,1.output_png_schede/6ba97814-fc00-4e33-b338-2a548da306e8.png,already_exists,7,FR_Atina_via_antica_sferracavallo_casale_foto_prospetto_B_C.jpeg,"0.original_foto_schede/lazio/Atina (FR)_ Via Vecchia Sferracavallo 1431_EDIFICIO SINGOLO, casale_1201417608/FR_Atina_via_antica_sferracavallo_casale_foto_prospetto_B_C.jpeg",6ba97814-fc00-4e33-b338-2a548da306e8.jpg,2.output_images_random/6ba97814-fc00-4e33-b338-2a548da306e8.jpg,copied,matched
lazio/Ausonia (FR)_ Via Bastia_EDIFICIO CON ANNESSI_casa rurale di montagna,download.pdf,0.original_foto_schede/lazio/Ausonia (FR)_ Via Bastia_EDIFICIO CON ANNESSI_casa rurale di montagna/download.pdf,1201416051,24078,78429b8b-1c20-4595-87f3-ddd47e2b1f18,78429b8b-1c20-4595-87f3-ddd47e2b1f18.png,1.output_png_schede/78429b8b-1c20-4595-87f3-ddd47e2b1f18.png,already_exists,13,FR_AUSONIA_ViaBastia_casettaRurale_FacciataN.jpg,0.original_foto_schede/lazio/Ausonia (FR)_ Via Bastia_EDIFICIO CON ANNESSI_casa rurale di montagna/FR_AUSONIA_ViaBastia_casettaRurale_FacciataN.jpg,78429b8b-1c20-4595-87f3-ddd47e2b1f18.jpg,2.output_images_random/78429b8b-1c20-4595-87f3-ddd47e2b1f18.jpg,copied,matched
lazio/Bagnoregio (VT)_ strada provinciale 6_Casale Podere Sterpeti_EDIFICIO CON ANNESSI casale,download.pdf,0.original_foto_schede/lazio/Bagnoregio (VT)_ strada provinciale 6_Casale Podere Sterpeti_EDIFICIO CON ANNESSI casale/download.pdf,1201413684,19283,9e658dbb-cb23-4d6a-861e-05f5871be7b4,9e658dbb-cb23-4d6a-861e-05f5871be7b4.png,1.output_png_schede/9e658dbb-cb23-4d6a-861e-05f5871be7b4.png,already_exists,6,"VT_Bagnoregio, località Sterpeti_Casale_Lato ovest.JPG","0.original_foto_schede/lazio/Bagnoregio (VT)_ strada provinciale 6_Casale Podere Sterpeti_EDIFICIO CON ANNESSI casale/VT_Bagnoregio, località Sterpeti_Casale_Lato ovest.JPG",9e658dbb-cb23-4d6a-861e-05f5871be7b4.jpg,2.output_images_random/9e658dbb-cb23-4d6a-861e-05f5871be7b4.jpg,copied,matched
lazio/Bagnoregio (VT)_ Strada Provinciale Umbro-Casentinese_EDIFICIO CON ANNESSI_casale,download.pdf,0.original_foto_schede/lazio/Bagnoregio (VT)_ Strada Provinciale Umbro-Casentinese_EDIFICIO CON ANNESSI_casale/download.pdf,1201415674,9919,0b8b5e17-fdc3-41b2-b4a7-b542793ec943,0b8b5e17-fdc3-41b2-b4a7-b542793ec943.png,1.output_png_schede/0b8b5e17-fdc3-41b2-b4a7-b542793ec943.png,already_exists,4,"VT, Bagnoregio, S.P. Umbro-Casentinese_Casale, lato ovest.JPG","0.original_foto_schede/lazio/Bagnoregio (VT)_ Strada Provinciale Umbro-Casentinese_EDIFICIO CON ANNESSI_casale/VT, Bagnoregio, S.P. Umbro-Casentinese_Casale, lato ovest.JPG",0b8b5e17-fdc3-41b2-b4a7-b542793ec943.jpg,2.output_images_random/0b8b5e17-fdc3-41b2-b4a7-b542793ec943.jpg,copied,matched
lazio/Bomarzo (VT)_ Via G. Verga snc_EDIFICIO SINGOLO_casa con torre_,download.pdf,0.original_foto_schede/lazio/Bomarzo (VT)_ Via G. Verga snc_EDIFICIO SINGOLO_casa con torre_/download.pdf,1201418131,41319,787019e0-58a0-42a5-a0a7-9dddb941519d,787019e0-58a0-42a5-a0a7-9dddb941519d.png,1.output_png_schede/787019e0-58a0-42a5-a0a7-9dddb941519d.png,already_exists,6,"VT, Bomarzo, via G. Verga_Casa con torre, vista nord.JPG","0.original_foto_schede/lazio/Bomarzo (VT)_ Via G. Verga snc_EDIFICIO SINGOLO_casa con torre_/VT, Bomarzo, via G. Verga_Casa con torre, vista nord.JPG",787019e0-58a0-42a5-a0a7-9dddb941519d.jpg,2.output_images_random/787019e0-58a0-42a5-a0a7-9dddb941519d.jpg,copied,matched
lazio/Borgorose (RI)_ Via Scarperia_EDIFICIO SINGOLO_casa di pendio,download.pdf,0.original_foto_schede/lazio/Borgorose (RI)_ Via Scarperia_EDIFICIO SINGOLO_casa di pendio/download.pdf,1201417915,34418,b3dc0422-212d-4daf-97ea-77f462e5ce23,b3dc0422-212d-4daf-97ea-77f462e5ce23.png,1.output_png_schede/b3dc0422-212d-4daf-97ea-77f462e5ce23.png,already_exists,4,Facciata_NE-SO.jpeg,0.original_foto_schede/lazio/Borgorose (RI)_ Via Scarperia_EDIFICIO SINGOLO_casa di pendio/Facciata_NE-SO.jpeg,b3dc0422-212d-4daf-97ea-77f462e5ce23.jpg,2.output_images_random/b3dc0422-212d-4daf-97ea-77f462e5ce23.jpg,copied,matched
lazio/Campodimele (LT)_ Località Costa del Maggio_EDIFICIO SINGOLO_casolare,download.pdf,0.original_foto_schede/lazio/Campodimele (LT)_ Località Costa del Maggio_EDIFICIO SINGOLO_casolare/download.pdf,1201412463,34908,c7a03954-e060-4734-aced-9f624dc26265,c7a03954-e060-4734-aced-9f624dc26265.png,1.output_png_schede/c7a03954-e060-4734-aced-9f624dc26265.png,already_exists,8,LT_Campo_Maggio_contesto.jpg,0.original_foto_schede/lazio/Campodimele (LT)_ Località Costa del Maggio_EDIFICIO SINGOLO_casolare/LT_Campo_Maggio_contesto.jpg,c7a03954-e060-4734-aced-9f624dc26265.jpg,2.output_images_random/c7a03954-e060-4734-aced-9f624dc26265.jpg,copied,matched
"lazio/Campodimele (LT)_ S.P. Le Querce, 5_EDIFICIO SINGOLO, casolare_1201412455",download.pdf,"0.original_foto_schede/lazio/Campodimele (LT)_ S.P. Le Querce, 5_EDIFICIO SINGOLO, casolare_1201412455/download.pdf",1201412455,34954,c42ff727-4f82-4116-8954-a502e1b1b7de,c42ff727-4f82-4116-8954-a502e1b1b7de.png,1.output_png_schede/c42ff727-4f82-4116-8954-a502e1b1b7de.png,already_exists,7,LT_Campo_Saure_veduta_SE.jpg,"0.original_foto_schede/lazio/Campodimele (LT)_ S.P. Le Querce, 5_EDIFICIO SINGOLO, casolare_1201412455/LT_Campo_Saure_veduta_SE.jpg",c42ff727-4f82-4116-8954-a502e1b1b7de.jpg,2.output_images_random/c42ff727-4f82-4116-8954-a502e1b1b7de.jpg,copied,matched
"lazio/Campodimele (LT)_ S.R. 82_EDIFICIO SINGOLO, dimora stagionale_1201412460",download.pdf,"0.original_foto_schede/lazio/Campodimele (LT)_ S.R. 82_EDIFICIO SINGOLO, dimora stagionale_1201412460/download.pdf",1201412460,36462,469dc8fe-501b-457f-93fc-82af075a5cbe,469dc8fe-501b-457f-93fc-82af075a5cbe.png,1.output_png_schede/469dc8fe-501b-457f-93fc-82af075a5cbe.png,already_exists,8,LT_Campo_SR82_rudere_NO.jpg,"0.original_foto_schede/lazio/Campodimele (LT)_ S.R. 82_EDIFICIO SINGOLO, dimora stagionale_1201412460/LT_Campo_SR82_rudere_NO.jpg",469dc8fe-501b-457f-93fc-82af075a5cbe.jpg,2.output_images_random/469dc8fe-501b-457f-93fc-82af075a5cbe.jpg,copied,matched
"lazio/Campodimele (LT)_ Strada Costa dei Grassi, 1_EDIFICIO CON ANNESSI_casolare",download.pdf,"0.original_foto_schede/lazio/Campodimele (LT)_ Strada Costa dei Grassi, 1_EDIFICIO CON ANNESSI_casolare/download.pdf",1201416973,37094,3cedb99a-af79-45bf-a427-c0df70673b29,3cedb99a-af79-45bf-a427-c0df70673b29.png,1.output_png_schede/3cedb99a-af79-45bf-a427-c0df70673b29.png,already_exists,9,LT_Campo_Grassi_02_veduta_SO.jpg,"0.original_foto_schede/lazio/Campodimele (LT)_ Strada Costa dei Grassi, 1_EDIFICIO CON ANNESSI_casolare/LT_Campo_Grassi_02_veduta_SO.jpg",3cedb99a-af79-45bf-a427-c0df70673b29.jpg,2.output_images_random/3cedb99a-af79-45bf-a427-c0df70673b29.jpg,copied,matched
"lazio/Campoli Appennino (FR)_ Via Prato_EDIFICIO SINGOLO, casale_1201412274",download.pdf,"0.original_foto_schede/lazio/Campoli Appennino (FR)_ Via Prato_EDIFICIO SINGOLO, casale_1201412274/download.pdf",1201412274,18909,9c0168eb-7874-409c-9be4-4a7af06d875a,9c0168eb-7874-409c-9be4-4a7af06d875a.png,1.output_png_schede/9c0168eb-7874-409c-9be4-4a7af06d875a.png,already_exists,9,FR_Campoli_Appennino_Via Prato_casale_eidotipo_ planimetrico.jpeg,"0.original_foto_schede/lazio/Campoli Appennino (FR)_ Via Prato_EDIFICIO SINGOLO, casale_1201412274/FR_Campoli_Appennino_Via Prato_casale_eidotipo_ planimetrico.jpeg",9c0168eb-7874-409c-9be4-4a7af06d875a.jpg,2.output_images_random/9c0168eb-7874-409c-9be4-4a7af06d875a.jpg,copied,matched
lazio/Capranica (VT)_ SS2_EDIFICIO SINGOLO_villa,download.pdf,0.original_foto_schede/lazio/Capranica (VT)_ SS2_EDIFICIO SINGOLO_villa/download.pdf,1201417803,37681,92a85c5c-a99e-4542-aab4-964d8aa239e0,92a85c5c-a99e-4542-aab4-964d8aa239e0.png,1.output_png_schede/92a85c5c-a99e-4542-aab4-964d8aa239e0.png,already_exists,5,Foto_Eidotipo.jpg,0.original_foto_schede/lazio/Capranica (VT)_ SS2_EDIFICIO SINGOLO_villa/Foto_Eidotipo.jpg,92a85c5c-a99e-4542-aab4-964d8aa239e0.jpg,2.output_images_random/92a85c5c-a99e-4542-aab4-964d8aa239e0.jpg,copied,matched
"lazio/Casalvieri (FR)_ Via Conte 5_EDIFICIO SINGOLO, casa a corte chiusa_1201418955",download.pdf,"0.original_foto_schede/lazio/Casalvieri (FR)_ Via Conte 5_EDIFICIO SINGOLO, casa a corte chiusa_1201418955/download.pdf",1201418955,43395,17f6cfc1-963c-401b-bd62-1becf7799ec1,17f6cfc1-963c-401b-bd62-1becf7799ec1.png,1.output_png_schede/17f6cfc1-963c-401b-bd62-1becf7799ec1.png,already_exists,16,FR_Casalvieri_Via_Conte_casa_a_corte_chiusa_interno_corte_c.jpeg,"0.original_foto_schede/lazio/Casalvieri (FR)_ Via Conte 5_EDIFICIO SINGOLO, casa a corte chiusa_1201418955/FR_Casalvieri_Via_Conte_casa_a_corte_chiusa_interno_corte_c.jpeg",17f6cfc1-963c-401b-bd62-1becf7799ec1.jpg,2.output_images_random/17f6cfc1-963c-401b-bd62-1becf7799ec1.jpg,copied,matched
"lazio/Cassino (FR)_ Via Mutaro_EDIFICIO SINGOLO, casa a scala esterna_1201418079",download.pdf,"0.original_foto_schede/lazio/Cassino (FR)_ Via Mutaro_EDIFICIO SINGOLO, casa a scala esterna_1201418079/download.pdf",1201418079,34594,48b6f691-91e0-4836-9b08-ce45b780864a,48b6f691-91e0-4836-9b08-ce45b780864a.png,1.output_png_schede/48b6f691-91e0-4836-9b08-ce45b780864a.png,already_exists,10,FR_CASSINO_S.ANGELOinTHEODICE_ViaMutaro_Casa(exP.150F.80)_LatoW.jpg,"0.original_foto_schede/lazio/Cassino (FR)_ Via Mutaro_EDIFICIO SINGOLO, casa a scala esterna_1201418079/FR_CASSINO_S.ANGELOinTHEODICE_ViaMutaro_Casa(exP.150F.80)_LatoW.jpg",48b6f691-91e0-4836-9b08-ce45b780864a.jpg,2.output_images_random/48b6f691-91e0-4836-9b08-ce45b780864a.jpg,copied,matched
lazio/Castel Sant_Angelo (RI)_ Via Salaria_EDIFICIO SINGOLO_casale,download.pdf,0.original_foto_schede/lazio/Castel Sant_Angelo (RI)_ Via Salaria_EDIFICIO SINGOLO_casale/download.pdf,,,,,,,0,,,,,,no_matching_iccd_code
"lazio/Castelforte (LT)_ Località Saracinisco (Valle di Suio)_COMPLESSO, insediamento rurale_1201416700",download.pdf,"0.original_foto_schede/lazio/Castelforte (LT)_ Località Saracinisco (Valle di Suio)_COMPLESSO, insediamento rurale_1201416700/download.pdf",1201416700,34027,ce425445-26ff-4004-b74c-513b44812630,ce425445-26ff-4004-b74c-513b44812630.png,1.output_png_schede/ce425445-26ff-4004-b74c-513b44812630.png,already_exists,7,LT_Castelforte_Saracinisco_prospetto_sud.jpg,"0.original_foto_schede/lazio/Castelforte (LT)_ Località Saracinisco (Valle di Suio)_COMPLESSO, insediamento rurale_1201416700/LT_Castelforte_Saracinisco_prospetto_sud.jpg",ce425445-26ff-4004-b74c-513b44812630.jpg,2.output_images_random/ce425445-26ff-4004-b74c-513b44812630.jpg,copied,matched
"lazio/Castelforte (LT)_ Via delle Terme, s.n.c. (S.P. Ausente)_EDIFICIO SINGOLO, casale_1201415982",download.pdf,"0.original_foto_schede/lazio/Castelforte (LT)_ Via delle Terme, s.n.c. (S.P. Ausente)_EDIFICIO SINGOLO, casale_1201415982/download.pdf",1201415982,50,9b68fde5-2f5f-482c-aeca-d8ad12497ded,9b68fde5-2f5f-482c-aeca-d8ad12497ded.png,1.output_png_schede/9b68fde5-2f5f-482c-aeca-d8ad12497ded.png,already_exists,9,LT_Castelforte_Ausente_03_Regno_Napoli.jpg,"0.original_foto_schede/lazio/Castelforte (LT)_ Via delle Terme, s.n.c. (S.P. Ausente)_EDIFICIO SINGOLO, casale_1201415982/LT_Castelforte_Ausente_03_Regno_Napoli.jpg",9b68fde5-2f5f-482c-aeca-d8ad12497ded.jpg,2.output_images_random/9b68fde5-2f5f-482c-aeca-d8ad12497ded.jpg,copied,matched
"lazio/Castelforte (LT)_ Via Palombaia_EDIFICIO SINGOLO, casolare_1201415967",download.pdf,"0.original_foto_schede/lazio/Castelforte (LT)_ Via Palombaia_EDIFICIO SINGOLO, casolare_1201415967/download.pdf",1201415967,29227,daaf0249-7e62-4e4d-937d-000153d04f92,daaf0249-7e62-4e4d-937d-000153d04f92.png,1.output_png_schede/daaf0249-7e62-4e4d-937d-000153d04f92.png,already_exists,8,LT_Castelforte_Palombaia_contesto.jpg,"0.original_foto_schede/lazio/Castelforte (LT)_ Via Palombaia_EDIFICIO SINGOLO, casolare_1201415967/LT_Castelforte_Palombaia_contesto.jpg",daaf0249-7e62-4e4d-937d-000153d04f92.jpg,2.output_images_random/daaf0249-7e62-4e4d-937d-000153d04f92.jpg,copied,matched
"lazio/Castelforte (LT)_ Via Valle di Suio_EDIFICIO SINGOLO, casa a scala esterna_1201416702",download.pdf,"0.original_foto_schede/lazio/Castelforte (LT)_ Via Valle di Suio_EDIFICIO SINGOLO, casa a scala esterna_1201416702/download.pdf",1201416702,34045,74f6b3a7-a55b-4306-8abe-fde0ed61016b,74f6b3a7-a55b-4306-8abe-fde0ed61016b.png,1.output_png_schede/74f6b3a7-a55b-4306-8abe-fde0ed61016b.png,already_exists,8,LT_Castelforte_Telecciano_veduta_est.jpg,"0.original_foto_schede/lazio/Castelforte (LT)_ Via Valle di Suio_EDIFICIO SINGOLO, casa a scala esterna_1201416702/LT_Castelforte_Telecciano_veduta_est.jpg",74f6b3a7-a55b-4306-8abe-fde0ed61016b.jpg,2.output_images_random/74f6b3a7-a55b-4306-8abe-fde0ed61016b.jpg,copied,matched
"lazio/Castelliri (FR)_ Strada SP169 n. 136_EDIFICIO SINGOLO, casale_1201415845",download.pdf,"0.original_foto_schede/lazio/Castelliri (FR)_ Strada SP169 n. 136_EDIFICIO SINGOLO, casale_1201415845/download.pdf",1201415845,3998,0f00b279-d059-497a-8661-46bc6a3c056a,0f00b279-d059-497a-8661-46bc6a3c056a.png,1.output_png_schede/0f00b279-d059-497a-8661-46bc6a3c056a.png,already_exists,5,Eidotipo FR Castelliri Casale Strada SP169 n136.jpg,"0.original_foto_schede/lazio/Castelliri (FR)_ Strada SP169 n. 136_EDIFICIO SINGOLO, casale_1201415845/Eidotipo FR Castelliri Casale Strada SP169 n136.jpg",0f00b279-d059-497a-8661-46bc6a3c056a.jpg,2.output_images_random/0f00b279-d059-497a-8661-46bc6a3c056a.jpg,copied,matched
lazio/Castelliri (FR)_ Strada SP169 n. 55_EDIFICIO CON ANNESSI_casolare,download.pdf,0.original_foto_schede/lazio/Castelliri (FR)_ Strada SP169 n. 55_EDIFICIO CON ANNESSI_casolare/download.pdf,1201416014,28411,02bb044c-8347-4335-8e1d-5d2f3844ded8,02bb044c-8347-4335-8e1d-5d2f3844ded8.png,1.output_png_schede/02bb044c-8347-4335-8e1d-5d2f3844ded8.png,already_exists,7,FR Castelliri Casolare Strada SP169 n55 Contesto.jpg,0.original_foto_schede/lazio/Castelliri (FR)_ Strada SP169 n. 55_EDIFICIO CON ANNESSI_casolare/FR Castelliri Casolare Strada SP169 n55 Contesto.jpg,02bb044c-8347-4335-8e1d-5d2f3844ded8.jpg,2.output_images_random/02bb044c-8347-4335-8e1d-5d2f3844ded8.jpg,copied,matched
lazio/Civita Castellana (VT)_ Via Falerina 12_EDIFICIO SINGOLO_casa a scala esterna,download.pdf,0.original_foto_schede/lazio/Civita Castellana (VT)_ Via Falerina 12_EDIFICIO SINGOLO_casa a scala esterna/download.pdf,1201417728,36312,b4583f2d-e56e-4d21-842c-99b0b0dc0554,b4583f2d-e56e-4d21-842c-99b0b0dc0554.png,1.output_png_schede/b4583f2d-e56e-4d21-842c-99b0b0dc0554.png,already_exists,4,Vt_Civita_Castellana_Casa_Scala_Esterna_Prospetto_Principale.jpg,0.original_foto_schede/lazio/Civita Castellana (VT)_ Via Falerina 12_EDIFICIO SINGOLO_casa a scala esterna/Vt_Civita_Castellana_Casa_Scala_Esterna_Prospetto_Principale.jpg,b4583f2d-e56e-4d21-842c-99b0b0dc0554.jpg,2.output_images_random/b4583f2d-e56e-4d21-842c-99b0b0dc0554.jpg,copied,matched
lazio/Civitella d_Agliano (VT)_ Strada Provinciale Teverina (variante)_EDIFICIO CON ANNESSI_casale,download.pdf,0.original_foto_schede/lazio/Civitella d_Agliano (VT)_ Strada Provinciale Teverina (variante)_EDIFICIO CON ANNESSI_casale/download.pdf,1201417725,37878,3f14ea78-6757-45df-ab4e-f06883d0f495,3f14ea78-6757-45df-ab4e-f06883d0f495.png,1.output_png_schede/3f14ea78-6757-45df-ab4e-f06883d0f495.png,already_exists,0,,,,,no_image,matched
"lazio/Colfelice (FR)_ via Casilina 12_ED.ANN., casale",download.pdf,"0.original_foto_schede/lazio/Colfelice (FR)_ via Casilina 12_ED.ANN., casale/download.pdf",,,,,,,0,,,,,,no_matching_iccd_code
lazio/Coreno Ausonio (FR)_ Loc. Le Chianare_EDIFICIO SINGOLO_dimora stagionale,download.pdf,0.original_foto_schede/lazio/Coreno Ausonio (FR)_ Loc. Le Chianare_EDIFICIO SINGOLO_dimora stagionale/download.pdf,1201415162,19748,4b7752de-622e-4116-ab78-813ef608958b,4b7752de-622e-4116-ab78-813ef608958b.png,1.output_png_schede/4b7752de-622e-4116-ab78-813ef608958b.png,already_exists,7,FR_CORENO AUSONIO_Loc. Chianare_casellaMistilinea_ingresso(vistaDaN).jpg,0.original_foto_schede/lazio/Coreno Ausonio (FR)_ Loc. Le Chianare_EDIFICIO SINGOLO_dimora stagionale/FR_CORENO AUSONIO_Loc. Chianare_casellaMistilinea_ingresso(vistaDaN).jpg,4b7752de-622e-4116-ab78-813ef608958b.jpg,2.output_images_random/4b7752de-622e-4116-ab78-813ef608958b.jpg,copied,matched
lazio/Esperia (FR)_ Via Colle Morecine_EDIFICIO SINGOLO_casa,download.pdf,0.original_foto_schede/lazio/Esperia (FR)_ Via Colle Morecine_EDIFICIO SINGOLO_casa/download.pdf,1201416819,6522,c9af2e2e-ea73-4789-8b29-24483199b469,c9af2e2e-ea73-4789-8b29-24483199b469.png,1.output_png_schede/c9af2e2e-ea73-4789-8b29-24483199b469.png,already_exists,8,FR_ESPERIA_BADIA_ViaColleMorecine_CasaCastrechini_contesto(vistaDaW).jpg,0.original_foto_schede/lazio/Esperia (FR)_ Via Colle Morecine_EDIFICIO SINGOLO_casa/FR_ESPERIA_BADIA_ViaColleMorecine_CasaCastrechini_contesto(vistaDaW).jpg,c9af2e2e-ea73-4789-8b29-24483199b469.jpg,2.output_images_random/c9af2e2e-ea73-4789-8b29-24483199b469.jpg,copied,matched
"lazio/Esperia (FR)_ Via Pisciandrone_EDIFICIO SINGOLO, casa rurale di montagna_1201416049",download.pdf,"0.original_foto_schede/lazio/Esperia (FR)_ Via Pisciandrone_EDIFICIO SINGOLO, casa rurale di montagna_1201416049/download.pdf",1201416049,23966,8ee5e18b-4f86-4833-82f8-736b02d84ad4,8ee5e18b-4f86-4833-82f8-736b02d84ad4.png,1.output_png_schede/8ee5e18b-4f86-4833-82f8-736b02d84ad4.png,already_exists,12,FR_ESPERIA_ViaPisciandrone_casaRurale_LatoE.jpg,"0.original_foto_schede/lazio/Esperia (FR)_ Via Pisciandrone_EDIFICIO SINGOLO, casa rurale di montagna_1201416049/FR_ESPERIA_ViaPisciandrone_casaRurale_LatoE.jpg",8ee5e18b-4f86-4833-82f8-736b02d84ad4.jpg,2.output_images_random/8ee5e18b-4f86-4833-82f8-736b02d84ad4.jpg,copied,matched
lazio/Fiumicino (RM)_ Centro Falconieri Via della Stazione di Palidoro_COMPLESSO_corte rurale,Centro Falconieri_ortofoto_1.pdf,0.original_foto_schede/lazio/Fiumicino (RM)_ Centro Falconieri Via della Stazione di Palidoro_COMPLESSO_corte rurale/Centro Falconieri_ortofoto_1.pdf,,,,,,,0,,,,,,no_matching_iccd_code
lazio/Fiumicino (RM)_ Centro Falconieri_Bonifica Torre in Pietra2_casa della bonifica,download.pdf,0.original_foto_schede/lazio/Fiumicino (RM)_ Centro Falconieri_Bonifica Torre in Pietra2_casa della bonifica/download.pdf,1201417796,37876,9e5279b0-5bd6-4077-a71d-137797020b1a,9e5279b0-5bd6-4077-a71d-137797020b1a.png,1.output_png_schede/9e5279b0-5bd6-4077-a71d-137797020b1a.png,already_exists,11,09_RM_Fiumicino_Centro Falconieri_fienile_lato_SE.jpg,0.original_foto_schede/lazio/Fiumicino (RM)_ Centro Falconieri_Bonifica Torre in Pietra2_casa della bonifica/09_RM_Fiumicino_Centro Falconieri_fienile_lato_SE.jpg,9e5279b0-5bd6-4077-a71d-137797020b1a.jpg,2.output_images_random/9e5279b0-5bd6-4077-a71d-137797020b1a.jpg,copied,matched
lazio/Fiumicino (RM)_ Centro Falconieri_Bonifica Torre in Pietra_casa della bonifica,download.pdf,0.original_foto_schede/lazio/Fiumicino (RM)_ Centro Falconieri_Bonifica Torre in Pietra_casa della bonifica/download.pdf,1201417797,37842,d073af56-f100-4429-bc4b-b91f3938be13,d073af56-f100-4429-bc4b-b91f3938be13.png,1.output_png_schede/d073af56-f100-4429-bc4b-b91f3938be13.png,already_exists,12,_09_RM_Fiumicino_Centro Falconieri_eucalipti.jpg,0.original_foto_schede/lazio/Fiumicino (RM)_ Centro Falconieri_Bonifica Torre in Pietra_casa della bonifica/_09_RM_Fiumicino_Centro Falconieri_eucalipti.jpg,d073af56-f100-4429-bc4b-b91f3938be13.jpg,2.output_images_random/d073af56-f100-4429-bc4b-b91f3938be13.jpg,copied,matched
lazio/Fiumicino (RM)_ Centro Granaretto_Bonifica Torre in Pietra_casa della bonifica,Centro_Granaretto_ortofoto.pdf,0.original_foto_schede/lazio/Fiumicino (RM)_ Centro Granaretto_Bonifica Torre in Pietra_casa della bonifica/Centro_Granaretto_ortofoto.pdf,,,,,,,0,,,,,,no_matching_iccd_code
lazio/Fiumicino (RM)_ Centro Tre Denari_area nord ovest_bonifica Torre in Pietra_casa della bonifica,download.pdf,0.original_foto_schede/lazio/Fiumicino (RM)_ Centro Tre Denari_area nord ovest_bonifica Torre in Pietra_casa della bonifica/download.pdf,1201418317,43154,863e19b5-cbd3-4b4c-a091-0302d735b74e,863e19b5-cbd3-4b4c-a091-0302d735b74e.png,1.output_png_schede/863e19b5-cbd3-4b4c-a091-0302d735b74e.png,already_exists,2,01_RM_Fiumicino_Centro Tre Denari_casa 1.jpg,0.original_foto_schede/lazio/Fiumicino (RM)_ Centro Tre Denari_area nord ovest_bonifica Torre in Pietra_casa della bonifica/01_RM_Fiumicino_Centro Tre Denari_casa 1.jpg,863e19b5-cbd3-4b4c-a091-0302d735b74e.jpg,2.output_images_random/863e19b5-cbd3-4b4c-a091-0302d735b74e.jpg,copied,matched
lazio/Fiumicino (RM)_ Centro Tre Denari_area sud_bonifica Torre in Pietra_casa della bonifica,download.pdf,0.original_foto_schede/lazio/Fiumicino (RM)_ Centro Tre Denari_area sud_bonifica Torre in Pietra_casa della bonifica/download.pdf,1201418322,43166,b5eabbda-b80d-456e-9bed-9d66af732f65,b5eabbda-b80d-456e-9bed-9d66af732f65.png,1.output_png_schede/b5eabbda-b80d-456e-9bed-9d66af732f65.png,already_exists,9,04_RM_Fiumicino_Centro Tre Denari_casa 1_ lato_NE.jpg,0.original_foto_schede/lazio/Fiumicino (RM)_ Centro Tre Denari_area sud_bonifica Torre in Pietra_casa della bonifica/04_RM_Fiumicino_Centro Tre Denari_casa 1_ lato_NE.jpg,b5eabbda-b80d-456e-9bed-9d66af732f65.jpg,2.output_images_random/b5eabbda-b80d-456e-9bed-9d66af732f65.jpg,copied,matched
lazio/Fiumicino (RM)_ Centro Tre Denari_Bonifica Torre in Pietra_casa della bonifica,download.pdf,0.original_foto_schede/lazio/Fiumicino (RM)_ Centro Tre Denari_Bonifica Torre in Pietra_casa della bonifica/download.pdf,1201417795,37841,7e3cd0f5-8b72-41aa-bce9-6a6e62fb679c,7e3cd0f5-8b72-41aa-bce9-6a6e62fb679c.png,1.output_png_schede/7e3cd0f5-8b72-41aa-bce9-6a6e62fb679c.png,already_exists,9,07_RM_Fiumicino_Centro Tre Denari_fontanile.jpg,0.original_foto_schede/lazio/Fiumicino (RM)_ Centro Tre Denari_Bonifica Torre in Pietra_casa della bonifica/07_RM_Fiumicino_Centro Tre Denari_fontanile.jpg,7e3cd0f5-8b72-41aa-bce9-6a6e62fb679c.jpg,2.output_images_random/7e3cd0f5-8b72-41aa-bce9-6a6e62fb679c.jpg,copied,matched
lazio/Fiumicino (RM)_ Via di Campo Salino_COMPLESSO bonifica Maccarese_Centro 7_casa della bonifica,download.pdf,0.original_foto_schede/lazio/Fiumicino (RM)_ Via di Campo Salino_COMPLESSO bonifica Maccarese_Centro 7_casa della bonifica/download.pdf,1201417793,37840,fcece9e0-bc9b-4014-8ec5-eb75aeb23e90,fcece9e0-bc9b-4014-8ec5-eb75aeb23e90.png,1.output_png_schede/fcece9e0-bc9b-4014-8ec5-eb75aeb23e90.png,already_exists,2,09_RM_Fiumicino_Bonifica Maccarese_Centro 7_silos.JPG,0.original_foto_schede/lazio/Fiumicino (RM)_ Via di Campo Salino_COMPLESSO bonifica Maccarese_Centro 7_casa della bonifica/09_RM_Fiumicino_Bonifica Maccarese_Centro 7_silos.JPG,fcece9e0-bc9b-4014-8ec5-eb75aeb23e90.jpg,2.output_images_random/fcece9e0-bc9b-4014-8ec5-eb75aeb23e90.jpg,copied,matched
"lazio/Fiumicino (RM)_ viale di Porto_bonifica Maccarese_ED. SINGOLO, casa della bonifica",download.pdf,"0.original_foto_schede/lazio/Fiumicino (RM)_ viale di Porto_bonifica Maccarese_ED. SINGOLO, casa della bonifica/download.pdf",1201418185,40079,dd18384b-a8b3-494c-a30c-4f06db81990a,dd18384b-a8b3-494c-a30c-4f06db81990a.png,1.output_png_schede/dd18384b-a8b3-494c-a30c-4f06db81990a.png,already_exists,2,02_RM_Fiumicino_Bonifica Maccarese_Casa colonica.jpg,"0.original_foto_schede/lazio/Fiumicino (RM)_ viale di Porto_bonifica Maccarese_ED. SINGOLO, casa della bonifica/02_RM_Fiumicino_Bonifica Maccarese_Casa colonica.jpg",dd18384b-a8b3-494c-a30c-4f06db81990a.jpg,2.output_images_random/dd18384b-a8b3-494c-a30c-4f06db81990a.jpg,copied,matched
lazio/Fontana Liri (FR)_ Via Cafenna 2_EDIFICIO CON ANNESSI casolare,download.pdf,0.original_foto_schede/lazio/Fontana Liri (FR)_ Via Cafenna 2_EDIFICIO CON ANNESSI casolare/download.pdf,,,,,,,0,,,,,,no_matching_iccd_code
"lazio/Fontechiari (FR)_ Via Della Cisterna 49_COMPLESSO, casa a edifici affiancati_1201416108",download.pdf,"0.original_foto_schede/lazio/Fontechiari (FR)_ Via Della Cisterna 49_COMPLESSO, casa a edifici affiancati_1201416108/download.pdf",1201416108,29118,eeeed3ce-9d82-458d-9408-b03dcd23cfad,eeeed3ce-9d82-458d-9408-b03dcd23cfad.png,1.output_png_schede/eeeed3ce-9d82-458d-9408-b03dcd23cfad.png,already_exists,1,Screenshot 2026-04-16 123838.png,"0.original_foto_schede/lazio/Fontechiari (FR)_ Via Della Cisterna 49_COMPLESSO, casa a edifici affiancati_1201416108/Screenshot 2026-04-16 123838.png",eeeed3ce-9d82-458d-9408-b03dcd23cfad.png,2.output_images_random/eeeed3ce-9d82-458d-9408-b03dcd23cfad.png,copied,matched
lazio/Formia (LT)_ Via Canzatora_EDIFICIO SINGOLO_casa a scala esterna,download.pdf,0.original_foto_schede/lazio/Formia (LT)_ Via Canzatora_EDIFICIO SINGOLO_casa a scala esterna/download.pdf,1201417981,37346,11680426-dbed-4b85-ada7-afd33dcf15d7,11680426-dbed-4b85-ada7-afd33dcf15d7.png,1.output_png_schede/11680426-dbed-4b85-ada7-afd33dcf15d7.png,already_exists,4,Facciata_NO.jpg,0.original_foto_schede/lazio/Formia (LT)_ Via Canzatora_EDIFICIO SINGOLO_casa a scala esterna/Facciata_NO.jpg,11680426-dbed-4b85-ada7-afd33dcf15d7.jpg,2.output_images_random/11680426-dbed-4b85-ada7-afd33dcf15d7.jpg,copied,matched
"lazio/Gallese (VT)_ Viale Valli 16_COMPLESSO, casa a edifici affiancati_casa con torre colombaia",download.pdf,"0.original_foto_schede/lazio/Gallese (VT)_ Viale Valli 16_COMPLESSO, casa a edifici affiancati_casa con torre colombaia/download.pdf",1201418893,32278,480c45a4-4a4b-4439-b97e-83397aed02d3,480c45a4-4a4b-4439-b97e-83397aed02d3.png,1.output_png_schede/480c45a4-4a4b-4439-b97e-83397aed02d3.png,already_exists,1,"VT, Gallese, Viale Valli 16 _Casa a nord-est.JPG","0.original_foto_schede/lazio/Gallese (VT)_ Viale Valli 16_COMPLESSO, casa a edifici affiancati_casa con torre colombaia/VT, Gallese, Viale Valli 16 _Casa a nord-est.JPG",480c45a4-4a4b-4439-b97e-83397aed02d3.jpg,2.output_images_random/480c45a4-4a4b-4439-b97e-83397aed02d3.jpg,copied,matched
lazio/Greccio (RI)_ Via Trafossata 18_EDIFICIO CON ANNESSI_casale,download.pdf,0.original_foto_schede/lazio/Greccio (RI)_ Via Trafossata 18_EDIFICIO CON ANNESSI_casale/download.pdf,1201417068,40926,27e2abb4-e481-4a45-8fa8-e1d5cac30815,27e2abb4-e481-4a45-8fa8-e1d5cac30815.png,1.output_png_schede/27e2abb4-e481-4a45-8fa8-e1d5cac30815.png,already_exists,6,Eidotipi.jpg,0.original_foto_schede/lazio/Greccio (RI)_ Via Trafossata 18_EDIFICIO CON ANNESSI_casale/Eidotipi.jpg,27e2abb4-e481-4a45-8fa8-e1d5cac30815.jpg,2.output_images_random/27e2abb4-e481-4a45-8fa8-e1d5cac30815.jpg,copied,matched
"lazio/Guarcino (FR)_ SR411, 44_EDIFICIO SINGOLO, casa con loggiato_1201418959",download.pdf,"0.original_foto_schede/lazio/Guarcino (FR)_ SR411, 44_EDIFICIO SINGOLO, casa con loggiato_1201418959/download.pdf",1201418959,40194,0f87012b-9b02-4fde-8889-be8bb30da091,0f87012b-9b02-4fde-8889-be8bb30da091.png,1.output_png_schede/0f87012b-9b02-4fde-8889-be8bb30da091.png,already_exists,3,FR_Guarcino_via_madonna_delle_grazie_casa_con_loggiato_foto_contesto_2.jpeg,"0.original_foto_schede/lazio/Guarcino (FR)_ SR411, 44_EDIFICIO SINGOLO, casa con loggiato_1201418959/FR_Guarcino_via_madonna_delle_grazie_casa_con_loggiato_foto_contesto_2.jpeg",0f87012b-9b02-4fde-8889-be8bb30da091.jpg,2.output_images_random/0f87012b-9b02-4fde-8889-be8bb30da091.jpg,copied,matched
"lazio/Isola del Liri (FR)_ Viale San Domenico 75_EDIFICIO SINGOLO, casa con teggia rurale_1201412297",download.pdf,"0.original_foto_schede/lazio/Isola del Liri (FR)_ Viale San Domenico 75_EDIFICIO SINGOLO, casa con teggia rurale_1201412297/download.pdf",,,,,,,0,,,,,,no_matching_iccd_code
lazio/Itri (LT)_ Santuario Madonna della Civita_EDIFICIO SINGOLO_casolare,download.pdf,0.original_foto_schede/lazio/Itri (LT)_ Santuario Madonna della Civita_EDIFICIO SINGOLO_casolare/download.pdf,1201416968,30331,48851383-3615-4d03-8e16-e1d00e4f7c5b,48851383-3615-4d03-8e16-e1d00e4f7c5b.png,1.output_png_schede/48851383-3615-4d03-8e16-e1d00e4f7c5b.png,already_exists,9,LT_Itri_Civita_contesto.jpg,0.original_foto_schede/lazio/Itri (LT)_ Santuario Madonna della Civita_EDIFICIO SINGOLO_casolare/LT_Itri_Civita_contesto.jpg,48851383-3615-4d03-8e16-e1d00e4f7c5b.jpg,2.output_images_random/48851383-3615-4d03-8e16-e1d00e4f7c5b.jpg,copied,matched
"lazio/Itri (LT)_ Via Contrada Santo Stefano, 42_EDIFICIO SINGOLO_casolare",download.pdf,"0.original_foto_schede/lazio/Itri (LT)_ Via Contrada Santo Stefano, 42_EDIFICIO SINGOLO_casolare/download.pdf",1201416971,30496,97694df4-65e9-4cb1-aced-64d1487e597f,97694df4-65e9-4cb1-aced-64d1487e597f.png,1.output_png_schede/97694df4-65e9-4cb1-aced-64d1487e597f.png,already_exists,9,LT_Itri_S_Stefano_ortofoto.jpg,"0.original_foto_schede/lazio/Itri (LT)_ Via Contrada Santo Stefano, 42_EDIFICIO SINGOLO_casolare/LT_Itri_S_Stefano_ortofoto.jpg",97694df4-65e9-4cb1-aced-64d1487e597f.jpg,2.output_images_random/97694df4-65e9-4cb1-aced-64d1487e597f.jpg,copied,matched
"lazio/Latina (LT)_ Strada Litoranea, 11529_EDIFICIO SINGOLO_casa della bonifica",download.pdf,"0.original_foto_schede/lazio/Latina (LT)_ Strada Litoranea, 11529_EDIFICIO SINGOLO_casa della bonifica/download.pdf",1201417996,39657,b56b4472-046a-4ace-9aa4-126433015b68,b56b4472-046a-4ace-9aa4-126433015b68.png,1.output_png_schede/b56b4472-046a-4ace-9aa4-126433015b68.png,already_exists,4,4. Eidotipo.jpeg,"0.original_foto_schede/lazio/Latina (LT)_ Strada Litoranea, 11529_EDIFICIO SINGOLO_casa della bonifica/4. Eidotipo.jpeg",b56b4472-046a-4ace-9aa4-126433015b68.jpg,2.output_images_random/b56b4472-046a-4ace-9aa4-126433015b68.jpg,copied,matched
"lazio/Latina (LT)_ Strada Novella 2067_EDIFICIO SINGOLO, casa della bonifica",download.pdf,"0.original_foto_schede/lazio/Latina (LT)_ Strada Novella 2067_EDIFICIO SINGOLO, casa della bonifica/download.pdf",1201415722,24116,0c158d2e-f4ca-40fc-8416-83238ccdc7a3,0c158d2e-f4ca-40fc-8416-83238ccdc7a3.png,1.output_png_schede/0c158d2e-f4ca-40fc-8416-83238ccdc7a3.png,already_exists,4,da nord-est.jpeg,"0.original_foto_schede/lazio/Latina (LT)_ Strada Novella 2067_EDIFICIO SINGOLO, casa della bonifica/da nord-est.jpeg",0c158d2e-f4ca-40fc-8416-83238ccdc7a3.jpg,2.output_images_random/0c158d2e-f4ca-40fc-8416-83238ccdc7a3.jpg,copied,matched
"lazio/Latina (LT)_ Strada Zi_ Maria, 2 (Borgo Grappa)_EDIFICIO SINGOLO, casa della bonifica",download.pdf,"0.original_foto_schede/lazio/Latina (LT)_ Strada Zi_ Maria, 2 (Borgo Grappa)_EDIFICIO SINGOLO, casa della bonifica/download.pdf",1201412505,19141,d6ed8067-0a8b-455d-b3b1-29634a2d6fba,d6ed8067-0a8b-455d-b3b1-29634a2d6fba.png,1.output_png_schede/d6ed8067-0a8b-455d-b3b1-29634a2d6fba.png,already_exists,4,Fronte su strada.jpeg,"0.original_foto_schede/lazio/Latina (LT)_ Strada Zi_ Maria, 2 (Borgo Grappa)_EDIFICIO SINGOLO, casa della bonifica/Fronte su strada.jpeg",d6ed8067-0a8b-455d-b3b1-29634a2d6fba.jpg,2.output_images_random/d6ed8067-0a8b-455d-b3b1-29634a2d6fba.jpg,copied,matched
lazio/Minturno (LT)_ Via le Vaglia_EDIFICIO CON ANNESSI_casolare,download.pdf,0.original_foto_schede/lazio/Minturno (LT)_ Via le Vaglia_EDIFICIO CON ANNESSI_casolare/download.pdf,1201416663,34074,519edd1b-e127-4012-bc16-ca95b4319e36,519edd1b-e127-4012-bc16-ca95b4319e36.png,1.output_png_schede/519edd1b-e127-4012-bc16-ca95b4319e36.png,already_exists,9,LT_Minturno_Solacciano_04_ortofoto.jpg,0.original_foto_schede/lazio/Minturno (LT)_ Via le Vaglia_EDIFICIO CON ANNESSI_casolare/LT_Minturno_Solacciano_04_ortofoto.jpg,519edd1b-e127-4012-bc16-ca95b4319e36.jpg,2.output_images_random/519edd1b-e127-4012-bc16-ca95b4319e36.jpg,copied,matched
"lazio/Minturno (LT)_ Via San Miano_EDIFICIO ANNESSI, casolare_1201416685",download.pdf,"0.original_foto_schede/lazio/Minturno (LT)_ Via San Miano_EDIFICIO ANNESSI, casolare_1201416685/download.pdf",1201416685,34019,35e1f97d-dccb-4df5-b161-6c43f64dd775,35e1f97d-dccb-4df5-b161-6c43f64dd775.png,1.output_png_schede/35e1f97d-dccb-4df5-b161-6c43f64dd775.png,already_exists,10,LT_Minturno_Zenobio_ortofoto.jpg,"0.original_foto_schede/lazio/Minturno (LT)_ Via San Miano_EDIFICIO ANNESSI, casolare_1201416685/LT_Minturno_Zenobio_ortofoto.jpg",35e1f97d-dccb-4df5-b161-6c43f64dd775.jpg,2.output_images_random/35e1f97d-dccb-4df5-b161-6c43f64dd775.jpg,copied,matched
"lazio/Minturno (LT)_ Via Selva Del Comune, s.n.c._EDIFICIO CON ANNESSI_casa a scala esterna",download.pdf,"0.original_foto_schede/lazio/Minturno (LT)_ Via Selva Del Comune, s.n.c._EDIFICIO CON ANNESSI_casa a scala esterna/download.pdf",1201416675,30832,d698ba6f-94dd-4da6-a7c5-84cf08e557b3,d698ba6f-94dd-4da6-a7c5-84cf08e557b3.png,1.output_png_schede/d698ba6f-94dd-4da6-a7c5-84cf08e557b3.png,already_exists,9,LT_Minturno_Selva_ortofoto.jpg,"0.original_foto_schede/lazio/Minturno (LT)_ Via Selva Del Comune, s.n.c._EDIFICIO CON ANNESSI_casa a scala esterna/LT_Minturno_Selva_ortofoto.jpg",d698ba6f-94dd-4da6-a7c5-84cf08e557b3.jpg,2.output_images_random/d698ba6f-94dd-4da6-a7c5-84cf08e557b3.jpg,copied,matched
"lazio/Monte San Giovanni Campano (FR)_ Via Cappuccini_EDIFICIO SINGOLO, casolare_1201416744",download.pdf,"0.original_foto_schede/lazio/Monte San Giovanni Campano (FR)_ Via Cappuccini_EDIFICIO SINGOLO, casolare_1201416744/download.pdf",1201416744,30787,51be6aac-bac3-48a1-be86-9eab4460ae9d,51be6aac-bac3-48a1-be86-9eab4460ae9d.png,1.output_png_schede/51be6aac-bac3-48a1-be86-9eab4460ae9d.png,already_exists,1,Screenshot 2026-04-16 153132.png,"0.original_foto_schede/lazio/Monte San Giovanni Campano (FR)_ Via Cappuccini_EDIFICIO SINGOLO, casolare_1201416744/Screenshot 2026-04-16 153132.png",51be6aac-bac3-48a1-be86-9eab4460ae9d.png,2.output_images_random/51be6aac-bac3-48a1-be86-9eab4460ae9d.png,copied,matched
lazio/Monte San Giovanni Campano (FR)_ Via Prati Colle Bianco_EDIFICIO SINGOLO_casolare,download.pdf,0.original_foto_schede/lazio/Monte San Giovanni Campano (FR)_ Via Prati Colle Bianco_EDIFICIO SINGOLO_casolare/download.pdf,1201415865,1095,9ece81e8-a641-4b9f-9543-f0061db7ea5e,9ece81e8-a641-4b9f-9543-f0061db7ea5e.png,1.output_png_schede/9ece81e8-a641-4b9f-9543-f0061db7ea5e.png,already_exists,0,,,,,no_image,matched
"lazio/Montopoli di Sabina (RI)_ Via Caprareccia_ED.SING, casa a scala esterna",download.pdf,"0.original_foto_schede/lazio/Montopoli di Sabina (RI)_ Via Caprareccia_ED.SING, casa a scala esterna/download.pdf",1201417969,21839,6440944f-f028-41b9-82da-8987872dc002,6440944f-f028-41b9-82da-8987872dc002.png,1.output_png_schede/6440944f-f028-41b9-82da-8987872dc002.png,already_exists,4,Facciata_NE_NO.jpg,"0.original_foto_schede/lazio/Montopoli di Sabina (RI)_ Via Caprareccia_ED.SING, casa a scala esterna/Facciata_NE_NO.jpg",6440944f-f028-41b9-82da-8987872dc002.jpg,2.output_images_random/6440944f-f028-41b9-82da-8987872dc002.jpg,copied,matched
"lazio/Nepi (VT)_ Strada Statale 311, snc_EDIFICIO CON ANNESSI_casale",download.pdf,"0.original_foto_schede/lazio/Nepi (VT)_ Strada Statale 311, snc_EDIFICIO CON ANNESSI_casale/download.pdf",1201417735,37778,08fd4f4c-3e86-4c10-ac01-c43ac58f52fd,08fd4f4c-3e86-4c10-ac01-c43ac58f52fd.png,1.output_png_schede/08fd4f4c-3e86-4c10-ac01-c43ac58f52fd.png,already_exists,5,Vt_Nepi_Casale_Prospetto_Laterale.jpg,"0.original_foto_schede/lazio/Nepi (VT)_ Strada Statale 311, snc_EDIFICIO CON ANNESSI_casale/Vt_Nepi_Casale_Prospetto_Laterale.jpg",08fd4f4c-3e86-4c10-ac01-c43ac58f52fd.jpg,2.output_images_random/08fd4f4c-3e86-4c10-ac01-c43ac58f52fd.jpg,copied,matched
lazio/Onano (VT)_ Strada Provinciale Onanese_1201418905,download.pdf,0.original_foto_schede/lazio/Onano (VT)_ Strada Provinciale Onanese_1201418905/download.pdf,1201418905,43475,67a73d4b-dcde-4776-a327-0d1bb3e6dd80,67a73d4b-dcde-4776-a327-0d1bb3e6dd80.png,1.output_png_schede/67a73d4b-dcde-4776-a327-0d1bb3e6dd80.png,already_exists,6,"VT, Onano, Strada Provinciale Onanese_Casa con torre, Ortofoto.jpg","0.original_foto_schede/lazio/Onano (VT)_ Strada Provinciale Onanese_1201418905/VT, Onano, Strada Provinciale Onanese_Casa con torre, Ortofoto.jpg",67a73d4b-dcde-4776-a327-0d1bb3e6dd80.jpg,2.output_images_random/67a73d4b-dcde-4776-a327-0d1bb3e6dd80.jpg,copied,matched
"lazio/Pescosolido (FR)_ Via Forcella 101_EDIFICIO SINGOLO, casa a scala esterna_1201417614",download.pdf,"0.original_foto_schede/lazio/Pescosolido (FR)_ Via Forcella 101_EDIFICIO SINGOLO, casa a scala esterna_1201417614/download.pdf",1201417614,34877,e0a56b98-ccca-4f81-a088-44ec4555b74c,e0a56b98-ccca-4f81-a088-44ec4555b74c.png,1.output_png_schede/e0a56b98-ccca-4f81-a088-44ec4555b74c.png,already_exists,1,Screenshot 2026-04-16 121246.png,"0.original_foto_schede/lazio/Pescosolido (FR)_ Via Forcella 101_EDIFICIO SINGOLO, casa a scala esterna_1201417614/Screenshot 2026-04-16 121246.png",e0a56b98-ccca-4f81-a088-44ec4555b74c.png,2.output_images_random/e0a56b98-ccca-4f81-a088-44ec4555b74c.png,copied,matched
"lazio/Poggio Mirteto (RI)_ via della Macchiarella_ED. SING., casa a scala esterna",download.pdf,"0.original_foto_schede/lazio/Poggio Mirteto (RI)_ via della Macchiarella_ED. SING., casa a scala esterna/download.pdf",1201415775,24702,30c10b0f-dede-4097-a7d7-4a3c7ebc012f,30c10b0f-dede-4097-a7d7-4a3c7ebc012f.png,1.output_png_schede/30c10b0f-dede-4097-a7d7-4a3c7ebc012f.png,already_exists,3,Facciata_E.jpeg,"0.original_foto_schede/lazio/Poggio Mirteto (RI)_ via della Macchiarella_ED. SING., casa a scala esterna/Facciata_E.jpeg",30c10b0f-dede-4097-a7d7-4a3c7ebc012f.jpg,2.output_images_random/30c10b0f-dede-4097-a7d7-4a3c7ebc012f.jpg,copied,matched
lazio/Poggio Mirteto (RI)_ Via Sant_Angelo_EDIFICIO CON ANNESSI_casale,download.pdf,0.original_foto_schede/lazio/Poggio Mirteto (RI)_ Via Sant_Angelo_EDIFICIO CON ANNESSI_casale/download.pdf,1201415744,31930,5f290821-87ef-4de3-8411-ad4f836d3cc9,5f290821-87ef-4de3-8411-ad4f836d3cc9.png,1.output_png_schede/5f290821-87ef-4de3-8411-ad4f836d3cc9.png,already_exists,5,annesso.jpg,0.original_foto_schede/lazio/Poggio Mirteto (RI)_ Via Sant_Angelo_EDIFICIO CON ANNESSI_casale/annesso.jpg,5f290821-87ef-4de3-8411-ad4f836d3cc9.jpg,2.output_images_random/5f290821-87ef-4de3-8411-ad4f836d3cc9.jpg,copied,matched
"lazio/Pomezia (RM)_ Via del Mare 195_EDIFICIO SINGOLO, casale",download.pdf,"0.original_foto_schede/lazio/Pomezia (RM)_ Via del Mare 195_EDIFICIO SINGOLO, casale/download.pdf",1201412498,447,2e3dc4c3-7466-4ca6-9784-b8e5ba8a7c25,2e3dc4c3-7466-4ca6-9784-b8e5ba8a7c25.png,1.output_png_schede/2e3dc4c3-7466-4ca6-9784-b8e5ba8a7c25.png,already_exists,4,RM_pomezia_casale_eidotipo.jpg,"0.original_foto_schede/lazio/Pomezia (RM)_ Via del Mare 195_EDIFICIO SINGOLO, casale/RM_pomezia_casale_eidotipo.jpg",2e3dc4c3-7466-4ca6-9784-b8e5ba8a7c25.jpg,2.output_images_random/2e3dc4c3-7466-4ca6-9784-b8e5ba8a7c25.jpg,copied,matched
lazio/Posta (RI)_ Via Villa Camponeschi_COMPLESSO_cascinale,download.pdf,0.original_foto_schede/lazio/Posta (RI)_ Via Villa Camponeschi_COMPLESSO_cascinale/download.pdf,1201418024,40870,49d74ad0-3b6d-4fdb-a1c5-46ac01441aa6,49d74ad0-3b6d-4fdb-a1c5-46ac01441aa6.png,1.output_png_schede/49d74ad0-3b6d-4fdb-a1c5-46ac01441aa6.png,already_exists,5,20250705_131202.jpg,0.original_foto_schede/lazio/Posta (RI)_ Via Villa Camponeschi_COMPLESSO_cascinale/20250705_131202.jpg,49d74ad0-3b6d-4fdb-a1c5-46ac01441aa6.jpg,2.output_images_random/49d74ad0-3b6d-4fdb-a1c5-46ac01441aa6.jpg,copied,matched
lazio/Posta Fibreno (FR)_ Contrada Carpello 13_EDIFICIO SINGOLO casa a scala esterna,download.pdf,0.original_foto_schede/lazio/Posta Fibreno (FR)_ Contrada Carpello 13_EDIFICIO SINGOLO casa a scala esterna/download.pdf,1201412521,19157,228d158e-b085-4853-b6a7-f0a300d456b2,228d158e-b085-4853-b6a7-f0a300d456b2.png,1.output_png_schede/228d158e-b085-4853-b6a7-f0a300d456b2.png,already_exists,0,,,,,no_image,matched
"lazio/Posta Fibreno (FR)_ Contrada Carpello 3_EDIFICIO SINGOLO, casolare_1201412524",download.pdf,"0.original_foto_schede/lazio/Posta Fibreno (FR)_ Contrada Carpello 3_EDIFICIO SINGOLO, casolare_1201412524/download.pdf",1201412524,19160,cfa17003-df18-43cf-8149-3a80491d2a30,cfa17003-df18-43cf-8149-3a80491d2a30.png,1.output_png_schede/cfa17003-df18-43cf-8149-3a80491d2a30.png,already_exists,5,FR_Posta_Fibreno_via_ Carpello_casolare_ foto_prospettoB.jpeg,"0.original_foto_schede/lazio/Posta Fibreno (FR)_ Contrada Carpello 3_EDIFICIO SINGOLO, casolare_1201412524/FR_Posta_Fibreno_via_ Carpello_casolare_ foto_prospettoB.jpeg",cfa17003-df18-43cf-8149-3a80491d2a30.jpg,2.output_images_random/cfa17003-df18-43cf-8149-3a80491d2a30.jpg,copied,matched
lazio/Rieti (RI)_ Via Tancia 28_EDIFICIO CON ANNESSI casale,download.pdf,0.original_foto_schede/lazio/Rieti (RI)_ Via Tancia 28_EDIFICIO CON ANNESSI casale/download.pdf,1201413696,19293,c0b72805-3cf8-434a-a058-6dcbaebfd552,c0b72805-3cf8-434a-a058-6dcbaebfd552.png,1.output_png_schede/c0b72805-3cf8-434a-a058-6dcbaebfd552.png,already_exists,5,IMG_20241005_172509.jpg,0.original_foto_schede/lazio/Rieti (RI)_ Via Tancia 28_EDIFICIO CON ANNESSI casale/IMG_20241005_172509.jpg,c0b72805-3cf8-434a-a058-6dcbaebfd552.jpg,2.output_images_random/c0b72805-3cf8-434a-a058-6dcbaebfd552.jpg,copied,matched
lazio/Rieti (RI)_ Via Ternana km 43_EDIFICIO SINGOLO_casa con torre,download.pdf,0.original_foto_schede/lazio/Rieti (RI)_ Via Ternana km 43_EDIFICIO SINGOLO_casa con torre/download.pdf,,,,,,,0,,,,,,no_matching_iccd_code
lazio/Rocca d_Arce (FR)_ Strada SP63_EDIFICIO SINGOLO_casa torre,download.pdf,0.original_foto_schede/lazio/Rocca d_Arce (FR)_ Strada SP63_EDIFICIO SINGOLO_casa torre/download.pdf,1201413928,19611,7970177d-06e6-4d13-bd4f-299911fa8a61,7970177d-06e6-4d13-bd4f-299911fa8a61.png,1.output_png_schede/7970177d-06e6-4d13-bd4f-299911fa8a61.png,already_exists,6,FR Rocca D_Arce Casa Torre SP63 Panoramica.jpg,0.original_foto_schede/lazio/Rocca d_Arce (FR)_ Strada SP63_EDIFICIO SINGOLO_casa torre/FR Rocca D_Arce Casa Torre SP63 Panoramica.jpg,7970177d-06e6-4d13-bd4f-299911fa8a61.jpg,2.output_images_random/7970177d-06e6-4d13-bd4f-299911fa8a61.jpg,copied,matched
"lazio/Rocca d_Arce (FR)_ via Fraioli_ED.SING., casa_1201412302",download.pdf,"0.original_foto_schede/lazio/Rocca d_Arce (FR)_ via Fraioli_ED.SING., casa_1201412302/download.pdf",1201412302,18958,d5745fbf-b38d-4ccd-a20a-6dd147e2bf25,d5745fbf-b38d-4ccd-a20a-6dd147e2bf25.png,1.output_png_schede/d5745fbf-b38d-4ccd-a20a-6dd147e2bf25.png,already_exists,5,FR Rocca D_Arce Casa Fraioli Contesto.jpg,"0.original_foto_schede/lazio/Rocca d_Arce (FR)_ via Fraioli_ED.SING., casa_1201412302/FR Rocca D_Arce Casa Fraioli Contesto.jpg",d5745fbf-b38d-4ccd-a20a-6dd147e2bf25.jpg,2.output_images_random/d5745fbf-b38d-4ccd-a20a-6dd147e2bf25.jpg,copied,matched
lazio/Roma (RM)_ Casale Lucernari_via di Tor San Giovanni_casa della bonifica,download.pdf,0.original_foto_schede/lazio/Roma (RM)_ Casale Lucernari_via di Tor San Giovanni_casa della bonifica/download.pdf,1201415122,19843,aa3e8ea7-173b-406e-81c7-ef1510986917,aa3e8ea7-173b-406e-81c7-ef1510986917.png,1.output_png_schede/aa3e8ea7-173b-406e-81c7-ef1510986917.png,already_exists,7,RM_C.LeLucernari_annesso.JPG,0.original_foto_schede/lazio/Roma (RM)_ Casale Lucernari_via di Tor San Giovanni_casa della bonifica/RM_C.LeLucernari_annesso.JPG,aa3e8ea7-173b-406e-81c7-ef1510986917.jpg,2.output_images_random/aa3e8ea7-173b-406e-81c7-ef1510986917.jpg,copied,matched
"lazio/Roma (RM)_ Via Collatina s.n.c._torre di Salone_ED.SING., casa torre",download.pdf,"0.original_foto_schede/lazio/Roma (RM)_ Via Collatina s.n.c._torre di Salone_ED.SING., casa torre/download.pdf",1201418096,34311,22d8e178-2500-4e54-ae8d-225b11392aca,22d8e178-2500-4e54-ae8d-225b11392aca.png,1.output_png_schede/22d8e178-2500-4e54-ae8d-225b11392aca.png,already_exists,8,RM-Municipio IV_Via Collatina snc_Foto 03.jpg,"0.original_foto_schede/lazio/Roma (RM)_ Via Collatina s.n.c._torre di Salone_ED.SING., casa torre/RM-Municipio IV_Via Collatina snc_Foto 03.jpg",22d8e178-2500-4e54-ae8d-225b11392aca.jpg,2.output_images_random/22d8e178-2500-4e54-ae8d-225b11392aca.jpg,copied,matched
"lazio/Roma (RM)_ Via Della Cervelletta_castello della Cervelletta_ED.ANN., casale_",download.pdf,"0.original_foto_schede/lazio/Roma (RM)_ Via Della Cervelletta_castello della Cervelletta_ED.ANN., casale_/download.pdf",1200700280,14128,b800f262-a11c-4b9a-b9f6-4909494e919f,b800f262-a11c-4b9a-b9f6-4909494e919f.png,1.output_png_schede/b800f262-a11c-4b9a-b9f6-4909494e919f.png,already_exists,16,RM-Municipio IV_Casale Cervelletta_10.jpg,"0.original_foto_schede/lazio/Roma (RM)_ Via Della Cervelletta_castello della Cervelletta_ED.ANN., casale_/RM-Municipio IV_Casale Cervelletta_10.jpg",b800f262-a11c-4b9a-b9f6-4909494e919f.jpg,2.output_images_random/b800f262-a11c-4b9a-b9f6-4909494e919f.jpg,copied,matched
"lazio/Roma (RM)_ Via di Ponte Mammolo 30_casale della Vannina_ED.ANN, casale_",download.pdf,"0.original_foto_schede/lazio/Roma (RM)_ Via di Ponte Mammolo 30_casale della Vannina_ED.ANN, casale_/download.pdf",1200700287,43402,c3b62223-0ef9-4405-9c7a-f7d2d96a5a2a,c3b62223-0ef9-4405-9c7a-f7d2d96a5a2a.png,1.output_png_schede/c3b62223-0ef9-4405-9c7a-f7d2d96a5a2a.png,already_exists,18,RM-Municipio IV_Via di Ponte Mammolo 30_IGM.jpg,"0.original_foto_schede/lazio/Roma (RM)_ Via di Ponte Mammolo 30_casale della Vannina_ED.ANN, casale_/RM-Municipio IV_Via di Ponte Mammolo 30_IGM.jpg",c3b62223-0ef9-4405-9c7a-f7d2d96a5a2a.jpg,2.output_images_random/c3b62223-0ef9-4405-9c7a-f7d2d96a5a2a.jpg,copied,matched
lazio/Roma (RM)_ Via Di Sant_Alessandro 120_torre Pratolungo_EDIFICIO ANNESSI_casa con torre_,download.pdf,0.original_foto_schede/lazio/Roma (RM)_ Via Di Sant_Alessandro 120_torre Pratolungo_EDIFICIO ANNESSI_casa con torre_/download.pdf,1201417035,36456,97eed373-723b-4be5-85f8-727f1d133839,97eed373-723b-4be5-85f8-727f1d133839.png,1.output_png_schede/97eed373-723b-4be5-85f8-727f1d133839.png,already_exists,10,RM-Municipio IV_Torre Pratolungo_05.jpg,0.original_foto_schede/lazio/Roma (RM)_ Via Di Sant_Alessandro 120_torre Pratolungo_EDIFICIO ANNESSI_casa con torre_/RM-Municipio IV_Torre Pratolungo_05.jpg,97eed373-723b-4be5-85f8-727f1d133839.jpg,2.output_images_random/97eed373-723b-4be5-85f8-727f1d133839.jpg,copied,matched
lazio/Roma (RM)_ Via di Tor San Giovanni_Casale Seconda Unità_casa della bonifica,download.pdf,0.original_foto_schede/lazio/Roma (RM)_ Via di Tor San Giovanni_Casale Seconda Unità_casa della bonifica/download.pdf,1201415119,19804,8779f8db-0c26-4a39-9fee-98d60e41be96,8779f8db-0c26-4a39-9fee-98d60e41be96.png,1.output_png_schede/8779f8db-0c26-4a39-9fee-98d60e41be96.png,already_exists,5,RM_C.Le2aUnità_casale_annessi_nord.JPG,0.original_foto_schede/lazio/Roma (RM)_ Via di Tor San Giovanni_Casale Seconda Unità_casa della bonifica/RM_C.Le2aUnità_casale_annessi_nord.JPG,8779f8db-0c26-4a39-9fee-98d60e41be96.jpg,2.output_images_random/8779f8db-0c26-4a39-9fee-98d60e41be96.jpg,copied,matched
lazio/Roma (RM)_ Via Egidio Galbani 101_torre Rebibbia_ED.SING._casa torre_,download.pdf,0.original_foto_schede/lazio/Roma (RM)_ Via Egidio Galbani 101_torre Rebibbia_ED.SING._casa torre_/download.pdf,,,,,,,0,,,,,,no_matching_iccd_code
"lazio/Roma (RM)_ Via Francesco Posterla_Ruderi di Coazzo_EDIFICIO SINGOLO, casa su sito archeologico_",download.pdf,"0.original_foto_schede/lazio/Roma (RM)_ Via Francesco Posterla_Ruderi di Coazzo_EDIFICIO SINGOLO, casa su sito archeologico_/download.pdf",,,,,,,0,,,,,,no_matching_iccd_code
"lazio/Roma (RM)_ Via Nomentana Km 9,1_torraccio della Cecchina_ED.SING., casale",download.pdf,"0.original_foto_schede/lazio/Roma (RM)_ Via Nomentana Km 9,1_torraccio della Cecchina_ED.SING., casale/download.pdf",1200700262,43409,dc1919f9-aac8-41f4-8760-db7e633ed218,dc1919f9-aac8-41f4-8760-db7e633ed218.png,1.output_png_schede/dc1919f9-aac8-41f4-8760-db7e633ed218.png,already_exists,8,"RM-Municipio IV_Via Nomentana Km 9,1 - Foto 03.jpg","0.original_foto_schede/lazio/Roma (RM)_ Via Nomentana Km 9,1_torraccio della Cecchina_ED.SING., casale/RM-Municipio IV_Via Nomentana Km 9,1 - Foto 03.jpg",dc1919f9-aac8-41f4-8760-db7e633ed218.jpg,2.output_images_random/dc1919f9-aac8-41f4-8760-db7e633ed218.jpg,copied,matched
"lazio/Roma (RM)_ Via Torre Sant_Eusebio 146_casale Sant_Eusebio_EDIFICIO ANNESSI, casa _torre__",download.pdf,"0.original_foto_schede/lazio/Roma (RM)_ Via Torre Sant_Eusebio 146_casale Sant_Eusebio_EDIFICIO ANNESSI, casa _torre__/download.pdf",1201412207,18859,414126fe-6fc6-471e-8ca8-23291ac54764,414126fe-6fc6-471e-8ca8-23291ac54764.png,1.output_png_schede/414126fe-6fc6-471e-8ca8-23291ac54764.png,already_exists,10,RM-Municipio IV_Casale Sant_Eusebio_04.jpg,"0.original_foto_schede/lazio/Roma (RM)_ Via Torre Sant_Eusebio 146_casale Sant_Eusebio_EDIFICIO ANNESSI, casa _torre__/RM-Municipio IV_Casale Sant_Eusebio_04.jpg",414126fe-6fc6-471e-8ca8-23291ac54764.jpg,2.output_images_random/414126fe-6fc6-471e-8ca8-23291ac54764.jpg,copied,matched
"lazio/Ronciglione (VT)_ Via Cassia Cimina Strada Provinciale 1, 3292_ED.SING., casa con torre",download.pdf,"0.original_foto_schede/lazio/Ronciglione (VT)_ Via Cassia Cimina Strada Provinciale 1, 3292_ED.SING., casa con torre/download.pdf",1201417743,36543,f29637f8-38e3-44e0-b608-eed1e00e7a0a,f29637f8-38e3-44e0-b608-eed1e00e7a0a.png,1.output_png_schede/f29637f8-38e3-44e0-b608-eed1e00e7a0a.png,already_exists,4,Vt_Ronciglione_Casa_con_Torre_Prospetto_Principale.jpg,"0.original_foto_schede/lazio/Ronciglione (VT)_ Via Cassia Cimina Strada Provinciale 1, 3292_ED.SING., casa con torre/Vt_Ronciglione_Casa_con_Torre_Prospetto_Principale.jpg",f29637f8-38e3-44e0-b608-eed1e00e7a0a.jpg,2.output_images_random/f29637f8-38e3-44e0-b608-eed1e00e7a0a.jpg,copied,matched
"lazio/Sabaudia (LT)_ Lungomare Pontino, 1_EDIFICIO SINGOLO_casa della bonifica",download.pdf,"0.original_foto_schede/lazio/Sabaudia (LT)_ Lungomare Pontino, 1_EDIFICIO SINGOLO_casa della bonifica/download.pdf",1201415015,19765,f5681d7f-2186-40ed-96ab-4499163c1611,f5681d7f-2186-40ed-96ab-4499163c1611.png,1.output_png_schede/f5681d7f-2186-40ed-96ab-4499163c1611.png,already_exists,5,1. La casa vista da nord-ovest.jpeg,"0.original_foto_schede/lazio/Sabaudia (LT)_ Lungomare Pontino, 1_EDIFICIO SINGOLO_casa della bonifica/1. La casa vista da nord-ovest.jpeg",f5681d7f-2186-40ed-96ab-4499163c1611.jpg,2.output_images_random/f5681d7f-2186-40ed-96ab-4499163c1611.jpg,copied,matched
"lazio/Sabaudia (LT)_ Via Migliara 47, 4315_EDIFICIO SINGOLO_casa della bonifica",download.pdf,"0.original_foto_schede/lazio/Sabaudia (LT)_ Via Migliara 47, 4315_EDIFICIO SINGOLO_casa della bonifica/download.pdf",1201413850,19395,2feb18b5-828d-48f7-b4d4-1c61541a2835,2feb18b5-828d-48f7-b4d4-1c61541a2835.png,1.output_png_schede/2feb18b5-828d-48f7-b4d4-1c61541a2835.png,already_exists,4,1. La casa.jpeg,"0.original_foto_schede/lazio/Sabaudia (LT)_ Via Migliara 47, 4315_EDIFICIO SINGOLO_casa della bonifica/1. La casa.jpeg",2feb18b5-828d-48f7-b4d4-1c61541a2835.jpg,2.output_images_random/2feb18b5-828d-48f7-b4d4-1c61541a2835.jpg,copied,matched
"lazio/San Giorgio al Liri (FR)_ via Calcarelle  EDIFICIO CON ANNESSI, casino",download.pdf,"0.original_foto_schede/lazio/San Giorgio al Liri (FR)_ via Calcarelle  EDIFICIO CON ANNESSI, casino/download.pdf",1201412080,18827,1caf03a2-bda7-4205-a491-a0695d7a181a,1caf03a2-bda7-4205-a491-a0695d7a181a.png,1.output_png_schede/1caf03a2-bda7-4205-a491-a0695d7a181a.png,already_exists,7,FR_SanGiorgioa Liri_casinoLucciola_facciataPrincipale_N.JPG,"0.original_foto_schede/lazio/San Giorgio al Liri (FR)_ via Calcarelle  EDIFICIO CON ANNESSI, casino/FR_SanGiorgioa Liri_casinoLucciola_facciataPrincipale_N.JPG",1caf03a2-bda7-4205-a491-a0695d7a181a.jpg,2.output_images_random/1caf03a2-bda7-4205-a491-a0695d7a181a.jpg,copied,matched
lazio/Sant_Apollinare (FR)_ Via Morroncelle_EDIFICIO SINGOLO_casa a scala esterna,download.pdf,0.original_foto_schede/lazio/Sant_Apollinare (FR)_ Via Morroncelle_EDIFICIO SINGOLO_casa a scala esterna/download.pdf,1201415890,23044,b7154a94-b3c8-4bfb-b7b4-f904498cffe3,b7154a94-b3c8-4bfb-b7b4-f904498cffe3.png,1.output_png_schede/b7154a94-b3c8-4bfb-b7b4-f904498cffe3.png,already_exists,8,FR_S.APOLLINARE_ViaMorroncelle_casaConOliveto_contesto(vistaDaSE).jpg,0.original_foto_schede/lazio/Sant_Apollinare (FR)_ Via Morroncelle_EDIFICIO SINGOLO_casa a scala esterna/FR_S.APOLLINARE_ViaMorroncelle_casaConOliveto_contesto(vistaDaSE).jpg,b7154a94-b3c8-4bfb-b7b4-f904498cffe3.jpg,2.output_images_random/b7154a94-b3c8-4bfb-b7b4-f904498cffe3.jpg,copied,matched
"lazio/Santi Cosma e Damiano (LT)_ Seconda Traversa Via Campanili, s.n.c._ED.SING., casa a scala esterna",download.pdf,"0.original_foto_schede/lazio/Santi Cosma e Damiano (LT)_ Seconda Traversa Via Campanili, s.n.c._ED.SING., casa a scala esterna/download.pdf",1201415971,29228,5dca9fa8-77de-4f9e-ac3b-4e96e154df04,5dca9fa8-77de-4f9e-ac3b-4e96e154df04.png,1.output_png_schede/5dca9fa8-77de-4f9e-ac3b-4e96e154df04.png,already_exists,4,LT_CosmaDamiano_Campanili2T_eidotipo.jpg,"0.original_foto_schede/lazio/Santi Cosma e Damiano (LT)_ Seconda Traversa Via Campanili, s.n.c._ED.SING., casa a scala esterna/LT_CosmaDamiano_Campanili2T_eidotipo.jpg",5dca9fa8-77de-4f9e-ac3b-4e96e154df04.jpg,2.output_images_random/5dca9fa8-77de-4f9e-ac3b-4e96e154df04.jpg,copied,matched
lazio/Santi Cosma e Damiano (LT)_ Strada Arrano_edificio singolo_casa a scala esterna_1201415999,download.pdf,0.original_foto_schede/lazio/Santi Cosma e Damiano (LT)_ Strada Arrano_edificio singolo_casa a scala esterna_1201415999/download.pdf,1201415999,25175,b3f02698-07aa-4eb7-b0cb-af4cb2942b32,b3f02698-07aa-4eb7-b0cb-af4cb2942b32.png,1.output_png_schede/b3f02698-07aa-4eb7-b0cb-af4cb2942b32.png,already_exists,8,LT_CosmaDamiano_Arrano_02_ortofoto.jpg,0.original_foto_schede/lazio/Santi Cosma e Damiano (LT)_ Strada Arrano_edificio singolo_casa a scala esterna_1201415999/LT_CosmaDamiano_Arrano_02_ortofoto.jpg,b3f02698-07aa-4eb7-b0cb-af4cb2942b32.jpg,2.output_images_random/b3f02698-07aa-4eb7-b0cb-af4cb2942b32.jpg,copied,matched
lazio/Santi Cosma e Damiano (LT)_ Strada Provinciale 160 - Vellota_EDIFICIO SINGOLO_casale,download.pdf,0.original_foto_schede/lazio/Santi Cosma e Damiano (LT)_ Strada Provinciale 160 - Vellota_EDIFICIO SINGOLO_casale/download.pdf,1201415978,28017,90641190-4848-4749-a158-780aded159c5,90641190-4848-4749-a158-780aded159c5.png,1.output_png_schede/90641190-4848-4749-a158-780aded159c5.png,already_exists,8,LT_CosmaDamiano_SP160_prospetto_laterale_SE.jpg,0.original_foto_schede/lazio/Santi Cosma e Damiano (LT)_ Strada Provinciale 160 - Vellota_EDIFICIO SINGOLO_casale/LT_CosmaDamiano_SP160_prospetto_laterale_SE.jpg,90641190-4848-4749-a158-780aded159c5.jpg,2.output_images_random/90641190-4848-4749-a158-780aded159c5.jpg,copied,matched
"lazio/Santi Cosma e Damiano (LT)_ Traversa strada comunale Parma_EDIFICIO SINGOLO, casale_1201415975",download.pdf,"0.original_foto_schede/lazio/Santi Cosma e Damiano (LT)_ Traversa strada comunale Parma_EDIFICIO SINGOLO, casale_1201415975/download.pdf",1201415975,27999,3cd4dc4b-0add-4e0c-8ddd-3c460342a2c6,3cd4dc4b-0add-4e0c-8ddd-3c460342a2c6.png,1.output_png_schede/3cd4dc4b-0add-4e0c-8ddd-3c460342a2c6.png,already_exists,11,Foto anni 50_01.jpg,"0.original_foto_schede/lazio/Santi Cosma e Damiano (LT)_ Traversa strada comunale Parma_EDIFICIO SINGOLO, casale_1201415975/Foto anni 50_01.jpg",3cd4dc4b-0add-4e0c-8ddd-3c460342a2c6.jpg,2.output_images_random/3cd4dc4b-0add-4e0c-8ddd-3c460342a2c6.jpg,copied,matched
lazio/Santi Cosma e Damiano (LT)_ Traversa Strada Provinciale 126 - Portagalera_EDIFICIO SINGOLO_casolare,download.pdf,0.original_foto_schede/lazio/Santi Cosma e Damiano (LT)_ Traversa Strada Provinciale 126 - Portagalera_EDIFICIO SINGOLO_casolare/download.pdf,1201416669,34080,e47e59a8-aacb-4209-8240-a1335f9772cb,e47e59a8-aacb-4209-8240-a1335f9772cb.png,1.output_png_schede/e47e59a8-aacb-4209-8240-a1335f9772cb.png,already_exists,3,LT_CosmaDamiano_Mannarella_pozzo.jpg,0.original_foto_schede/lazio/Santi Cosma e Damiano (LT)_ Traversa Strada Provinciale 126 - Portagalera_EDIFICIO SINGOLO_casolare/LT_CosmaDamiano_Mannarella_pozzo.jpg,e47e59a8-aacb-4209-8240-a1335f9772cb.jpg,2.output_images_random/e47e59a8-aacb-4209-8240-a1335f9772cb.jpg,copied,matched
"lazio/Santi Cosma e Damiano (LT)_ Via Ceracoli, s.n.c._EDIFICIO ANNESSI_casa a scala esterna_1201416006",download.pdf,"0.original_foto_schede/lazio/Santi Cosma e Damiano (LT)_ Via Ceracoli, s.n.c._EDIFICIO ANNESSI_casa a scala esterna_1201416006/download.pdf",1201416006,23797,83856176-6cac-4bcf-a15a-00407108d42e,83856176-6cac-4bcf-a15a-00407108d42e.png,1.output_png_schede/83856176-6cac-4bcf-a15a-00407108d42e.png,already_exists,3,LT_CosmaDamiano_Ceracoli_02_ortofoto.jpg,"0.original_foto_schede/lazio/Santi Cosma e Damiano (LT)_ Via Ceracoli, s.n.c._EDIFICIO ANNESSI_casa a scala esterna_1201416006/LT_CosmaDamiano_Ceracoli_02_ortofoto.jpg",83856176-6cac-4bcf-a15a-00407108d42e.jpg,2.output_images_random/83856176-6cac-4bcf-a15a-00407108d42e.jpg,copied,matched
"lazio/Santi Cosma e Damiano (LT)_ Via Filari di Cristo_EDIFICIO SINGOLO, casale_1201416708",download.pdf,"0.original_foto_schede/lazio/Santi Cosma e Damiano (LT)_ Via Filari di Cristo_EDIFICIO SINGOLO, casale_1201416708/download.pdf",1201416708,30730,380e406c-c95a-4100-89af-1da30832913a,380e406c-c95a-4100-89af-1da30832913a.png,1.output_png_schede/380e406c-c95a-4100-89af-1da30832913a.png,already_exists,9,LT_CosmaDamiano_Cisterna_ortofoto.jpg,"0.original_foto_schede/lazio/Santi Cosma e Damiano (LT)_ Via Filari di Cristo_EDIFICIO SINGOLO, casale_1201416708/LT_CosmaDamiano_Cisterna_ortofoto.jpg",380e406c-c95a-4100-89af-1da30832913a.jpg,2.output_images_random/380e406c-c95a-4100-89af-1da30832913a.jpg,copied,matched
lazio/Santopadre (FR)_ Strada SP63 Località Collepizzuto_EDIFICIO SINGOLO casale,download.pdf,0.original_foto_schede/lazio/Santopadre (FR)_ Strada SP63 Località Collepizzuto_EDIFICIO SINGOLO casale/download.pdf,1201412546,19272,a7c60666-67e3-47b1-9ccc-a37d6535f57e,a7c60666-67e3-47b1-9ccc-a37d6535f57e.png,1.output_png_schede/a7c60666-67e3-47b1-9ccc-a37d6535f57e.png,already_exists,6,FR Santopadre Casale SP63 Loc. Collepizzuto lato Sud Ovest.jpg,0.original_foto_schede/lazio/Santopadre (FR)_ Strada SP63 Località Collepizzuto_EDIFICIO SINGOLO casale/FR Santopadre Casale SP63 Loc. Collepizzuto lato Sud Ovest.jpg,a7c60666-67e3-47b1-9ccc-a37d6535f57e.jpg,2.output_images_random/a7c60666-67e3-47b1-9ccc-a37d6535f57e.jpg,copied,matched
"lazio/Scandriglia (RI)_ SP39_ED. SING., casa a scala esterna_",download.pdf,"0.original_foto_schede/lazio/Scandriglia (RI)_ SP39_ED. SING., casa a scala esterna_/download.pdf",1201416126,28681,9547cead-c539-4b98-9f9e-6fa11f06ed39,9547cead-c539-4b98-9f9e-6fa11f06ed39.png,1.output_png_schede/9547cead-c539-4b98-9f9e-6fa11f06ed39.png,already_exists,4,Facciata_SE.jpg,"0.original_foto_schede/lazio/Scandriglia (RI)_ SP39_ED. SING., casa a scala esterna_/Facciata_SE.jpg",9547cead-c539-4b98-9f9e-6fa11f06ed39.jpg,2.output_images_random/9547cead-c539-4b98-9f9e-6fa11f06ed39.jpg,copied,matched
lazio/Scandriglia (RI)_ via Francesco Massimiani 28_EDIFICIO SINGOLO_casa di pendio,download.pdf,0.original_foto_schede/lazio/Scandriglia (RI)_ via Francesco Massimiani 28_EDIFICIO SINGOLO_casa di pendio/download.pdf,1201416649,12711,97d4f774-05d1-420b-a517-27710a57aaa3,97d4f774-05d1-420b-a517-27710a57aaa3.png,1.output_png_schede/97d4f774-05d1-420b-a517-27710a57aaa3.png,already_exists,4,Prospetto N.jpg,0.original_foto_schede/lazio/Scandriglia (RI)_ via Francesco Massimiani 28_EDIFICIO SINGOLO_casa di pendio/Prospetto N.jpg,97d4f774-05d1-420b-a517-27710a57aaa3.jpg,2.output_images_random/97d4f774-05d1-420b-a517-27710a57aaa3.jpg,copied,matched
lazio/Sermoneta (LT)_ Via della Fontana Murata_EDIFICIO SINGOLO,download.pdf,0.original_foto_schede/lazio/Sermoneta (LT)_ Via della Fontana Murata_EDIFICIO SINGOLO/download.pdf,1201415964,29225,746be1a4-227f-46cb-822f-5fd52d68a371,746be1a4-227f-46cb-822f-5fd52d68a371.png,1.output_png_schede/746be1a4-227f-46cb-822f-5fd52d68a371.png,already_exists,6,2. I prospetti nord-est e nord-ovest con un annesso funzionalejpeg.jpeg,0.original_foto_schede/lazio/Sermoneta (LT)_ Via della Fontana Murata_EDIFICIO SINGOLO/2. I prospetti nord-est e nord-ovest con un annesso funzionalejpeg.jpeg,746be1a4-227f-46cb-822f-5fd52d68a371.jpg,2.output_images_random/746be1a4-227f-46cb-822f-5fd52d68a371.jpg,copied,matched
"lazio/Sora (FR)_ Strada Comunale Agnone Maggiore 23_EDIFICIO SINGOLO, casa con loggiato_1201412266",download.pdf,"0.original_foto_schede/lazio/Sora (FR)_ Strada Comunale Agnone Maggiore 23_EDIFICIO SINGOLO, casa con loggiato_1201412266/download.pdf",1201412266,18992,25761852-c528-439e-aab7-222f460abbcd,25761852-c528-439e-aab7-222f460abbcd.png,1.output_png_schede/25761852-c528-439e-aab7-222f460abbcd.png,already_exists,1,Screenshot 2026-04-16 125226.png,"0.original_foto_schede/lazio/Sora (FR)_ Strada Comunale Agnone Maggiore 23_EDIFICIO SINGOLO, casa con loggiato_1201412266/Screenshot 2026-04-16 125226.png",25761852-c528-439e-aab7-222f460abbcd.png,2.output_images_random/25761852-c528-439e-aab7-222f460abbcd.png,copied,matched
"lazio/Sora (FR)_ Via Ruscitto 2a_EDIFICIO SINGOLO, casale_1201412285",download.pdf,"0.original_foto_schede/lazio/Sora (FR)_ Via Ruscitto 2a_EDIFICIO SINGOLO, casale_1201412285/download.pdf",1201412285,18916,02f71bb3-78c0-46ba-83e2-9a25cfca315f,02f71bb3-78c0-46ba-83e2-9a25cfca315f.png,1.output_png_schede/02f71bb3-78c0-46ba-83e2-9a25cfca315f.png,already_exists,7,FR_Sora_Via_Ruscitto_casale_2_foto_contesto.jpeg,"0.original_foto_schede/lazio/Sora (FR)_ Via Ruscitto 2a_EDIFICIO SINGOLO, casale_1201412285/FR_Sora_Via_Ruscitto_casale_2_foto_contesto.jpeg",02f71bb3-78c0-46ba-83e2-9a25cfca315f.jpg,2.output_images_random/02f71bb3-78c0-46ba-83e2-9a25cfca315f.jpg,copied,matched
lazio/Sora (FR)_ via Villa Carrara_EDIFICIO SINGOLO casa a scala esterna,download.pdf,0.original_foto_schede/lazio/Sora (FR)_ via Villa Carrara_EDIFICIO SINGOLO casa a scala esterna/download.pdf,1201412271,18907,636cb6f5-a0f7-4893-b4ed-89235ae44159,636cb6f5-a0f7-4893-b4ed-89235ae44159.png,1.output_png_schede/636cb6f5-a0f7-4893-b4ed-89235ae44159.png,already_exists,5,FR_Sora_Via_Villa_Carrara_casa_con_scala_esterna_foto_prospetto_C.jpeg,0.original_foto_schede/lazio/Sora (FR)_ via Villa Carrara_EDIFICIO SINGOLO casa a scala esterna/FR_Sora_Via_Villa_Carrara_casa_con_scala_esterna_foto_prospetto_C.jpeg,636cb6f5-a0f7-4893-b4ed-89235ae44159.jpg,2.output_images_random/636cb6f5-a0f7-4893-b4ed-89235ae44159.jpg,copied,matched
lazio/Soriano nel Cimino (VT)_ Strada Provinciale 61 Molinella_EDIFICIO CON ANNESSI_casale,download.pdf,0.original_foto_schede/lazio/Soriano nel Cimino (VT)_ Strada Provinciale 61 Molinella_EDIFICIO CON ANNESSI_casale/download.pdf,1201416845,31070,9581a782-1c57-4fe3-ae70-c9418c8a8e51,9581a782-1c57-4fe3-ae70-c9418c8a8e51.png,1.output_png_schede/9581a782-1c57-4fe3-ae70-c9418c8a8e51.png,already_exists,1,"VT_Soriano nel Cimino, SP61 Molinella_Casale, ortofoto .jpg","0.original_foto_schede/lazio/Soriano nel Cimino (VT)_ Strada Provinciale 61 Molinella_EDIFICIO CON ANNESSI_casale/VT_Soriano nel Cimino, SP61 Molinella_Casale, ortofoto .jpg",9581a782-1c57-4fe3-ae70-c9418c8a8e51.jpg,2.output_images_random/9581a782-1c57-4fe3-ae70-c9418c8a8e51.jpg,copied,matched
"lazio/Sperlonga (LT)_ Via di Vale Vespa_EDIFICIO SINGOLO, casa di pendio_1201416986",download.pdf,"0.original_foto_schede/lazio/Sperlonga (LT)_ Via di Vale Vespa_EDIFICIO SINGOLO, casa di pendio_1201416986/download.pdf",1201416986,35211,55c676ac-07eb-415e-8463-cc4a4a8d4a18,55c676ac-07eb-415e-8463-cc4a4a8d4a18.png,1.output_png_schede/55c676ac-07eb-415e-8463-cc4a4a8d4a18.png,already_exists,6,LT_Sperlonga_Scafati_eidotipo.jpg,"0.original_foto_schede/lazio/Sperlonga (LT)_ Via di Vale Vespa_EDIFICIO SINGOLO, casa di pendio_1201416986/LT_Sperlonga_Scafati_eidotipo.jpg",55c676ac-07eb-415e-8463-cc4a4a8d4a18.jpg,2.output_images_random/55c676ac-07eb-415e-8463-cc4a4a8d4a18.jpg,copied,matched
"lazio/Spigno Saturnia (LT)_ Via Campeo_ED.SING., dimora stagionale",download.pdf,"0.original_foto_schede/lazio/Spigno Saturnia (LT)_ Via Campeo_ED.SING., dimora stagionale/download.pdf",1201417000,37305,277b5dda-37cc-42bf-849b-f317795148c7,277b5dda-37cc-42bf-849b-f317795148c7.png,1.output_png_schede/277b5dda-37cc-42bf-849b-f317795148c7.png,already_exists,7,LT_Spigno_Campeo_veduta_NO.jpg,"0.original_foto_schede/lazio/Spigno Saturnia (LT)_ Via Campeo_ED.SING., dimora stagionale/LT_Spigno_Campeo_veduta_NO.jpg",277b5dda-37cc-42bf-849b-f317795148c7.jpg,2.output_images_random/277b5dda-37cc-42bf-849b-f317795148c7.jpg,copied,matched
"lazio/Spigno Saturnia (LT)_ Via Pedemontana, 9_EDIFICIO SINGOLO, casolare_1201417013",download.pdf,"0.original_foto_schede/lazio/Spigno Saturnia (LT)_ Via Pedemontana, 9_EDIFICIO SINGOLO, casolare_1201417013/download.pdf",1201417013,29129,d1490895-e7b9-45ce-bfec-077974974157,d1490895-e7b9-45ce-bfec-077974974157.png,1.output_png_schede/d1490895-e7b9-45ce-bfec-077974974157.png,already_exists,8,LT_Spigno_Rapella_prospetto_laterale_nord.jpg,"0.original_foto_schede/lazio/Spigno Saturnia (LT)_ Via Pedemontana, 9_EDIFICIO SINGOLO, casolare_1201417013/LT_Spigno_Rapella_prospetto_laterale_nord.jpg",d1490895-e7b9-45ce-bfec-077974974157.jpg,2.output_images_random/d1490895-e7b9-45ce-bfec-077974974157.jpg,copied,matched
"lazio/Spigno Saturnia (LT)_ Via Saturnia_EDIFICIO ANNESSI, casa a scala esterna_1201417014",download.pdf,"0.original_foto_schede/lazio/Spigno Saturnia (LT)_ Via Saturnia_EDIFICIO ANNESSI, casa a scala esterna_1201417014/download.pdf",1201417014,37296,1b415eb8-6dad-441f-89d9-52218ec8a75d,1b415eb8-6dad-441f-89d9-52218ec8a75d.png,1.output_png_schede/1b415eb8-6dad-441f-89d9-52218ec8a75d.png,already_exists,11,LT_Spigno_Pontanelli_frantoio_interno_2.jpg,"0.original_foto_schede/lazio/Spigno Saturnia (LT)_ Via Saturnia_EDIFICIO ANNESSI, casa a scala esterna_1201417014/LT_Spigno_Pontanelli_frantoio_interno_2.jpg",1b415eb8-6dad-441f-89d9-52218ec8a75d.jpg,2.output_images_random/1b415eb8-6dad-441f-89d9-52218ec8a75d.jpg,copied,matched
"lazio/Spigno Saturnia (LT)_ Via Turrimai, 38_EDIFICIO SINGOLO, casa a corte chiusa_1201417008",download.pdf,"0.original_foto_schede/lazio/Spigno Saturnia (LT)_ Via Turrimai, 38_EDIFICIO SINGOLO, casa a corte chiusa_1201417008/download.pdf",1201417008,28808,98fd0fb8-742d-4279-9416-1208d94deb4c,98fd0fb8-742d-4279-9416-1208d94deb4c.png,1.output_png_schede/98fd0fb8-742d-4279-9416-1208d94deb4c.png,already_exists,10,LT_Spigno_Turrimai_01_prospetto_posteriore_NE.jpg,"0.original_foto_schede/lazio/Spigno Saturnia (LT)_ Via Turrimai, 38_EDIFICIO SINGOLO, casa a corte chiusa_1201417008/LT_Spigno_Turrimai_01_prospetto_posteriore_NE.jpg",98fd0fb8-742d-4279-9416-1208d94deb4c.jpg,2.output_images_random/98fd0fb8-742d-4279-9416-1208d94deb4c.jpg,copied,matched
"lazio/Sutri (VT)_ Località Pian Castagno_EDIFICIO SINGOLO, casa a scala esterna",download.pdf,"0.original_foto_schede/lazio/Sutri (VT)_ Località Pian Castagno_EDIFICIO SINGOLO, casa a scala esterna/download.pdf",1201413742,19426,94ad1711-ebef-4a36-8a5e-e810fb73c0ac,94ad1711-ebef-4a36-8a5e-e810fb73c0ac.png,1.output_png_schede/94ad1711-ebef-4a36-8a5e-e810fb73c0ac.png,already_exists,4,VT_Sutri_Località Pian Castagno_Casa con scala.JPG,"0.original_foto_schede/lazio/Sutri (VT)_ Località Pian Castagno_EDIFICIO SINGOLO, casa a scala esterna/VT_Sutri_Località Pian Castagno_Casa con scala.JPG",94ad1711-ebef-4a36-8a5e-e810fb73c0ac.jpg,2.output_images_random/94ad1711-ebef-4a36-8a5e-e810fb73c0ac.jpg,copied,matched
lazio/Tarquinia (VT)_ SP44_EDIFICIO SINGOLO_casa a corte chiusa,download.pdf,0.original_foto_schede/lazio/Tarquinia (VT)_ SP44_EDIFICIO SINGOLO_casa a corte chiusa/download.pdf,1201417848,37817,87f19da5-d2ef-4375-a4ae-33d272cc09bf,87f19da5-d2ef-4375-a4ae-33d272cc09bf.png,1.output_png_schede/87f19da5-d2ef-4375-a4ae-33d272cc09bf.png,already_exists,4,prospetto_E.jpg,0.original_foto_schede/lazio/Tarquinia (VT)_ SP44_EDIFICIO SINGOLO_casa a corte chiusa/prospetto_E.jpg,87f19da5-d2ef-4375-a4ae-33d272cc09bf.jpg,2.output_images_random/87f19da5-d2ef-4375-a4ae-33d272cc09bf.jpg,copied,matched
lazio/Vallemaio (FR)_ Via Macere nuove_EDIFICIO SINGOLO capanna 1 e 2,download.pdf,0.original_foto_schede/lazio/Vallemaio (FR)_ Via Macere nuove_EDIFICIO SINGOLO capanna 1 e 2/download.pdf,,,,,,,0,,,,,,no_matching_iccd_code
"lazio/Vasanello (VT)_ Deviazione Strada Provinciale 30 snc_ED. SING., casa a scala esterna",download.pdf,"0.original_foto_schede/lazio/Vasanello (VT)_ Deviazione Strada Provinciale 30 snc_ED. SING., casa a scala esterna/download.pdf",,,,,,,0,,,,,,no_matching_iccd_code
"lazio/Veroli (FR)_ Via Aia Cianchetti 149_ED.SING., scala esterna e loggia",download.pdf,"0.original_foto_schede/lazio/Veroli (FR)_ Via Aia Cianchetti 149_ED.SING., scala esterna e loggia/download.pdf",1201418121,39747,687568d9-63a8-4546-abb0-097849cfd1df,687568d9-63a8-4546-abb0-097849cfd1df.png,1.output_png_schede/687568d9-63a8-4546-abb0-097849cfd1df.png,already_exists,3,FR_Veroli_via_madonna_delle_chiaie_casa_a_scala_esterna_foto_prospetto_A.jpeg,"0.original_foto_schede/lazio/Veroli (FR)_ Via Aia Cianchetti 149_ED.SING., scala esterna e loggia/FR_Veroli_via_madonna_delle_chiaie_casa_a_scala_esterna_foto_prospetto_A.jpeg",687568d9-63a8-4546-abb0-097849cfd1df.jpg,2.output_images_random/687568d9-63a8-4546-abb0-097849cfd1df.jpg,copied,matched
lazio/Vetralla (VT)_ Str Provinciale Mazzocchio_EDIFICIO SINGOLO_casa a scala esterna,download.pdf,0.original_foto_schede/lazio/Vetralla (VT)_ Str Provinciale Mazzocchio_EDIFICIO SINGOLO_casa a scala esterna/download.pdf,1201416626,36365,b14425b1-18a8-4f5f-a8cb-5d8b400ee770,b14425b1-18a8-4f5f-a8cb-5d8b400ee770.png,1.output_png_schede/b14425b1-18a8-4f5f-a8cb-5d8b400ee770.png,already_exists,4,prospetto NE.jpg,0.original_foto_schede/lazio/Vetralla (VT)_ Str Provinciale Mazzocchio_EDIFICIO SINGOLO_casa a scala esterna/prospetto NE.jpg,b14425b1-18a8-4f5f-a8cb-5d8b400ee770.jpg,2.output_images_random/b14425b1-18a8-4f5f-a8cb-5d8b400ee770.jpg,copied,matched
"lazio/Villa Latina (FR)_ Via Valenti 10_EDIFICIO ANNESSI, casino_1201418125",download.pdf,"0.original_foto_schede/lazio/Villa Latina (FR)_ Via Valenti 10_EDIFICIO ANNESSI, casino_1201418125/download.pdf",1201418125,41261,f80c8119-bb2e-4093-b925-8f7d61ca26a8,f80c8119-bb2e-4093-b925-8f7d61ca26a8.png,1.output_png_schede/f80c8119-bb2e-4093-b925-8f7d61ca26a8.png,already_exists,17,FR_Villa_Latina_via_valenti_casino_foto_contesto_1.jpeg,"0.original_foto_schede/lazio/Villa Latina (FR)_ Via Valenti 10_EDIFICIO ANNESSI, casino_1201418125/FR_Villa_Latina_via_valenti_casino_foto_contesto_1.jpeg",f80c8119-bb2e-4093-b925-8f7d61ca26a8.jpg,2.output_images_random/f80c8119-bb2e-4093-b925-8f7d61ca26a8.jpg,copied,matched
lazio/Villa Latina (FR)_ Via Valenti 28_EDIFICIO CON ANNESSI_cascinale,download.pdf,0.original_foto_schede/lazio/Villa Latina (FR)_ Via Valenti 28_EDIFICIO CON ANNESSI_cascinale/download.pdf,1201418119,40495,a86660ff-7c20-4648-a3df-6569c2f22c5b,a86660ff-7c20-4648-a3df-6569c2f22c5b.png,1.output_png_schede/a86660ff-7c20-4648-a3df-6569c2f22c5b.png,already_exists,6,FR_Villa_Latina_via_valenti_cascina_foto_annesso_1_prospetto_a.jpeg,0.original_foto_schede/lazio/Villa Latina (FR)_ Via Valenti 28_EDIFICIO CON ANNESSI_cascinale/FR_Villa_Latina_via_valenti_cascina_foto_annesso_1_prospetto_a.jpeg,a86660ff-7c20-4648-a3df-6569c2f22c5b.jpg,2.output_images_random/a86660ff-7c20-4648-a3df-6569c2f22c5b.jpg,copied,matched
lazio/Viterbo (VT)_ strada Cipollara_COMPLESSO_casa a edifici affiancati,download.pdf,0.original_foto_schede/lazio/Viterbo (VT)_ strada Cipollara_COMPLESSO_casa a edifici affiancati/download.pdf,1201416060,29360,22eb8719-4afd-4697-afb8-d07ee65402d5,22eb8719-4afd-4697-afb8-d07ee65402d5.png,1.output_png_schede/22eb8719-4afd-4697-afb8-d07ee65402d5.png,already_exists,6,"Viterbo, strada Cipollara_Casale, lato nord-ovest.JPG","0.original_foto_schede/lazio/Viterbo (VT)_ strada Cipollara_COMPLESSO_casa a edifici affiancati/Viterbo, strada Cipollara_Casale, lato nord-ovest.JPG",22eb8719-4afd-4697-afb8-d07ee65402d5.jpg,2.output_images_random/22eb8719-4afd-4697-afb8-d07ee65402d5.jpg,copied,matched
"lazio/Viterbo (VT)_ Strada del Bullicame_EDIFICIO SINGOLO, casa con torre_1201413741",download.pdf,"0.original_foto_schede/lazio/Viterbo (VT)_ Strada del Bullicame_EDIFICIO SINGOLO, casa con torre_1201413741/download.pdf",1201413741,19425,c172de93-3334-4684-8f46-fbfa14bcf27b,c172de93-3334-4684-8f46-fbfa14bcf27b.png,1.output_png_schede/c172de93-3334-4684-8f46-fbfa14bcf27b.png,already_exists,5,"Viterbo, Strada del Bullicame, Casa del Boia_Lato sud.JPG","0.original_foto_schede/lazio/Viterbo (VT)_ Strada del Bullicame_EDIFICIO SINGOLO, casa con torre_1201413741/Viterbo, Strada del Bullicame, Casa del Boia_Lato sud.JPG",c172de93-3334-4684-8f46-fbfa14bcf27b.jpg,2.output_images_random/c172de93-3334-4684-8f46-fbfa14bcf27b.jpg,copied,matched
"lazio/Viterbo (VT)_ Strada Poggio Casale_EDIFICIO SINGOLO, casa con torre_1201417708",download.pdf,"0.original_foto_schede/lazio/Viterbo (VT)_ Strada Poggio Casale_EDIFICIO SINGOLO, casa con torre_1201417708/download.pdf",1201417708,37239,d506a9f3-6e7b-4876-ab39-0eca9fd97e2c,d506a9f3-6e7b-4876-ab39-0eca9fd97e2c.png,1.output_png_schede/d506a9f3-6e7b-4876-ab39-0eca9fd97e2c.png,already_exists,5,"Viterbo, Strada Poggio Casale_Casa con torre, lato nord.JPG","0.original_foto_schede/lazio/Viterbo (VT)_ Strada Poggio Casale_EDIFICIO SINGOLO, casa con torre_1201417708/Viterbo, Strada Poggio Casale_Casa con torre, lato nord.JPG",d506a9f3-6e7b-4876-ab39-0eca9fd97e2c.jpg,2.output_images_random/d506a9f3-6e7b-4876-ab39-0eca9fd97e2c.jpg,copied,matched
"lazio/Viterbo (VT)_ Strada Respoglio_ED. ANN., casale con torre colombaia",download.pdf,"0.original_foto_schede/lazio/Viterbo (VT)_ Strada Respoglio_ED. ANN., casale con torre colombaia/download.pdf",1201416833,33648,279efb6e-cbe0-4481-8dc6-6d7feec655ef,279efb6e-cbe0-4481-8dc6-6d7feec655ef.png,1.output_png_schede/279efb6e-cbe0-4481-8dc6-6d7feec655ef.png,already_exists,6,"Viterbo, strada Respoglio_Casale, lato est.JPG","0.original_foto_schede/lazio/Viterbo (VT)_ Strada Respoglio_ED. ANN., casale con torre colombaia/Viterbo, strada Respoglio_Casale, lato est.JPG",279efb6e-cbe0-4481-8dc6-6d7feec655ef.jpg,2.output_images_random/279efb6e-cbe0-4481-8dc6-6d7feec655ef.jpg,copied,matched
lazio/Viterbo (VT)_ Strada Risiere_EDIFICIO CON ANNESSI_casale,download.pdf,0.original_foto_schede/lazio/Viterbo (VT)_ Strada Risiere_EDIFICIO CON ANNESSI_casale/download.pdf,1201415164,32152,ee8a9bb7-b426-42b7-a07f-f04471656ce4,ee8a9bb7-b426-42b7-a07f-f04471656ce4.png,1.output_png_schede/ee8a9bb7-b426-42b7-a07f-f04471656ce4.png,already_exists,6,"Viterbo, località Castel d_Asso, strada Risiere_Casale, lato nord-est.JPG","0.original_foto_schede/lazio/Viterbo (VT)_ Strada Risiere_EDIFICIO CON ANNESSI_casale/Viterbo, località Castel d_Asso, strada Risiere_Casale, lato nord-est.JPG",ee8a9bb7-b426-42b7-a07f-f04471656ce4.jpg,2.output_images_random/ee8a9bb7-b426-42b7-a07f-f04471656ce4.jpg,copied,matched
lazio/Viterbo (VT)_ Via Ficoncella_EDIFICIO CON ANNESSI_casale,download.pdf,0.original_foto_schede/lazio/Viterbo (VT)_ Via Ficoncella_EDIFICIO CON ANNESSI_casale/download.pdf,1201415909,43425,029c2f6d-739c-42ec-a7b3-7b6849fae1f8,029c2f6d-739c-42ec-a7b3-7b6849fae1f8.png,1.output_png_schede/029c2f6d-739c-42ec-a7b3-7b6849fae1f8.png,already_exists,6,"Viterbo, via Ficoncella_Casale,Planimetria catastale.jpg","0.original_foto_schede/lazio/Viterbo (VT)_ Via Ficoncella_EDIFICIO CON ANNESSI_casale/Viterbo, via Ficoncella_Casale,Planimetria catastale.jpg",029c2f6d-739c-42ec-a7b3-7b6849fae1f8.jpg,2.output_images_random/029c2f6d-739c-42ec-a7b3-7b6849fae1f8.jpg,copied,matched
liguria/0700381618_SP_Sarzana_EDANN_cascina,0700381618_SP_Sarzana_EDANN_cascina.pdf,0.original_foto_schede/liguria/0700381618_SP_Sarzana_EDANN_cascina/0700381618_SP_Sarzana_EDANN_cascina.pdf,0700381618,7673,378f1dbb-8332-4adf-bf03-931f3b262c5a,378f1dbb-8332-4adf-bf03-931f3b262c5a.png,1.output_png_schede/378f1dbb-8332-4adf-bf03-931f3b262c5a.png,already_exists,6,foto_contesto.JPG,0.original_foto_schede/liguria/0700381618_SP_Sarzana_EDANN_cascina/foto_contesto.JPG,378f1dbb-8332-4adf-bf03-931f3b262c5a.jpg,2.output_images_random/378f1dbb-8332-4adf-bf03-931f3b262c5a.jpg,copied,matched
liguria/0700381649_SV_Murialdo_EDANN_cascina,0700381649_SV_Murialdo_EDANN_cascina.pdf,0.original_foto_schede/liguria/0700381649_SV_Murialdo_EDANN_cascina/0700381649_SV_Murialdo_EDANN_cascina.pdf,0700381649,7615,8ee843d0-d89b-436a-acbd-bd912028205b,8ee843d0-d89b-436a-acbd-bd912028205b.png,1.output_png_schede/8ee843d0-d89b-436a-acbd-bd912028205b.png,already_exists,5,01_vista degli edifici nel contesto.JPG,0.original_foto_schede/liguria/0700381649_SV_Murialdo_EDANN_cascina/01_vista degli edifici nel contesto.JPG,8ee843d0-d89b-436a-acbd-bd912028205b.jpg,2.output_images_random/8ee843d0-d89b-436a-acbd-bd912028205b.jpg,copied,matched
liguria/0700381672_SV_Calizzano_EDSING_dimora stagionale,0700381672_SV_Calizzano Dimora stagionale.pdf,0.original_foto_schede/liguria/0700381672_SV_Calizzano_EDSING_dimora stagionale/0700381672_SV_Calizzano Dimora stagionale.pdf,0700381672,7679,5e2eec77-b722-429b-96f6-2bd9474553b4,5e2eec77-b722-429b-96f6-2bd9474553b4.png,1.output_png_schede/5e2eec77-b722-429b-96f6-2bd9474553b4.png,already_exists,5,01_Inserimento nel contesto.JPG,0.original_foto_schede/liguria/0700381672_SV_Calizzano_EDSING_dimora stagionale/01_Inserimento nel contesto.JPG,5e2eec77-b722-429b-96f6-2bd9474553b4.jpg,2.output_images_random/5e2eec77-b722-429b-96f6-2bd9474553b4.jpg,copied,matched
liguria/0700381676_SP_Sarzana_EDANN_cascina,0700381676_SP_Sarzana_EDANN_cascina.pdf,0.original_foto_schede/liguria/0700381676_SP_Sarzana_EDANN_cascina/0700381676_SP_Sarzana_EDANN_cascina.pdf,0700381676,7683,81b73bb1-0b96-43ea-a1b6-2eefbd163ffe,81b73bb1-0b96-43ea-a1b6-2eefbd163ffe.png,1.output_png_schede/81b73bb1-0b96-43ea-a1b6-2eefbd163ffe.png,already_exists,10,SP_SARZANA_ViaNavonella_ista_annesso_SudOvest_lato_versoStrada.JPG,0.original_foto_schede/liguria/0700381676_SP_Sarzana_EDANN_cascina/SP_SARZANA_ViaNavonella_ista_annesso_SudOvest_lato_versoStrada.JPG,81b73bb1-0b96-43ea-a1b6-2eefbd163ffe.jpg,2.output_images_random/81b73bb1-0b96-43ea-a1b6-2eefbd163ffe.jpg,copied,matched
liguria/0700381678_SP_Sarzana_COM_cascina,SP_Sarzana_COM_cascina.pdf,0.original_foto_schede/liguria/0700381678_SP_Sarzana_COM_cascina/SP_Sarzana_COM_cascina.pdf,0700381678,7685,8a0d0529-f3ac-4495-ab2a-e9eb6e0b5982,8a0d0529-f3ac-4495-ab2a-e9eb6e0b5982.png,1.output_png_schede/8a0d0529-f3ac-4495-ab2a-e9eb6e0b5982.png,already_exists,10,SP_SARZANA_ViaNavonella_fienile_prospetto_sud_ovest.JPG,0.original_foto_schede/liguria/0700381678_SP_Sarzana_COM_cascina/SP_SARZANA_ViaNavonella_fienile_prospetto_sud_ovest.JPG,8a0d0529-f3ac-4495-ab2a-e9eb6e0b5982.jpg,2.output_images_random/8a0d0529-f3ac-4495-ab2a-e9eb6e0b5982.jpg,copied,matched
liguria/0700381806_IM_Isolabona_EDSING_casolare,0700381806_IM_Isolabona_EDSING_Casolare.pdf,0.original_foto_schede/liguria/0700381806_IM_Isolabona_EDSING_casolare/0700381806_IM_Isolabona_EDSING_Casolare.pdf,0700381806,22035,b2d9a9c5-af2d-4acd-9e70-b75d9e464d70,b2d9a9c5-af2d-4acd-9e70-b75d9e464d70.png,1.output_png_schede/b2d9a9c5-af2d-4acd-9e70-b75d9e464d70.png,already_exists,6,IM_Isolabona_casolare_nuova costruzione.jpg,0.original_foto_schede/liguria/0700381806_IM_Isolabona_EDSING_casolare/IM_Isolabona_casolare_nuova costruzione.jpg,b2d9a9c5-af2d-4acd-9e70-b75d9e464d70.jpg,2.output_images_random/b2d9a9c5-af2d-4acd-9e70-b75d9e464d70.jpg,copied,matched
liguria/0700381868_SV_Millesimo_EEANN_casa corte aperta,0700381868_SV_Millesimo_EEANN_casa corte aperta.pdf,0.original_foto_schede/liguria/0700381868_SV_Millesimo_EEANN_casa corte aperta/0700381868_SV_Millesimo_EEANN_casa corte aperta.pdf,0700381868,7783,3f656c53-1874-4b96-94e3-1a0087558b26,3f656c53-1874-4b96-94e3-1a0087558b26.png,1.output_png_schede/3f656c53-1874-4b96-94e3-1a0087558b26.png,already_exists,8,SV_MILLESIMO_Spaletto_SP28bis_contesto.JPG,0.original_foto_schede/liguria/0700381868_SV_Millesimo_EEANN_casa corte aperta/SV_MILLESIMO_Spaletto_SP28bis_contesto.JPG,3f656c53-1874-4b96-94e3-1a0087558b26.jpg,2.output_images_random/3f656c53-1874-4b96-94e3-1a0087558b26.jpg,copied,matched
liguria/0700381913_SV_Cengio_EDANN_cascina_Cascina Pastone,SV_Cengio_EDIFICIO CON ANNESSI_cascina Pastone.pdf,0.original_foto_schede/liguria/0700381913_SV_Cengio_EDANN_cascina_Cascina Pastone/SV_Cengio_EDIFICIO CON ANNESSI_cascina Pastone.pdf,0700381913,7851,9407211d-9d84-4ca9-8ba4-ac7336d1d0aa,9407211d-9d84-4ca9-8ba4-ac7336d1d0aa.png,1.output_png_schede/9407211d-9d84-4ca9-8ba4-ac7336d1d0aa.png,already_exists,13,SV_CENGIO_Pastoni_CascinaPastone_co.JPG,0.original_foto_schede/liguria/0700381913_SV_Cengio_EDANN_cascina_Cascina Pastone/SV_CENGIO_Pastoni_CascinaPastone_co.JPG,9407211d-9d84-4ca9-8ba4-ac7336d1d0aa.jpg,2.output_images_random/9407211d-9d84-4ca9-8ba4-ac7336d1d0aa.jpg,copied,matched
liguria/0700382006_SP_Arcola_EDSING_cascina,SP_Arcola_EDSING_cascina.pdf,0.original_foto_schede/liguria/0700382006_SP_Arcola_EDSING_cascina/SP_Arcola_EDSING_cascina.pdf,0700382006,7969,d3834e71-5e39-4c08-bfb6-44ee43226f1e,d3834e71-5e39-4c08-bfb6-44ee43226f1e.png,1.output_png_schede/d3834e71-5e39-4c08-bfb6-44ee43226f1e.png,already_exists,6,SP_ARCOLA_Serra_ViaSerradiBaccano_ortofoto.png,0.original_foto_schede/liguria/0700382006_SP_Arcola_EDSING_cascina/SP_ARCOLA_Serra_ViaSerradiBaccano_ortofoto.png,d3834e71-5e39-4c08-bfb6-44ee43226f1e.png,2.output_images_random/d3834e71-5e39-4c08-bfb6-44ee43226f1e.png,copied,matched
liguria/0700410910_GE_Savignone_EDANN_pendio,GE_Savignone_EDANN_casa pendio.pdf,0.original_foto_schede/liguria/0700410910_GE_Savignone_EDANN_pendio/GE_Savignone_EDANN_casa pendio.pdf,0700410910,9329,90254abc-0bb8-4806-baca-98d7656d3256,90254abc-0bb8-4806-baca-98d7656d3256.png,1.output_png_schede/90254abc-0bb8-4806-baca-98d7656d3256.png,already_exists,7,GE_SAVIGNONE_Pochettini_contesto.JPG,0.original_foto_schede/liguria/0700410910_GE_Savignone_EDANN_pendio/GE_SAVIGNONE_Pochettini_contesto.JPG,90254abc-0bb8-4806-baca-98d7656d3256.jpg,2.output_images_random/90254abc-0bb8-4806-baca-98d7656d3256.jpg,copied,matched
liguria/0700410925_GE_Crocefieschi_EDANN_casa Braia,GE_Crocefieschi_EDANN_casa Braia.pdf,0.original_foto_schede/liguria/0700410925_GE_Crocefieschi_EDANN_casa Braia/GE_Crocefieschi_EDANN_casa Braia.pdf,0700410925,9215,cefe5135-e517-48ba-a66c-794425ab51ad,cefe5135-e517-48ba-a66c-794425ab51ad.png,1.output_png_schede/cefe5135-e517-48ba-a66c-794425ab51ad.png,already_exists,6,GE_CROCEFIESCHI_prospetto nord-ovest.JPG,0.original_foto_schede/liguria/0700410925_GE_Crocefieschi_EDANN_casa Braia/GE_CROCEFIESCHI_prospetto nord-ovest.JPG,cefe5135-e517-48ba-a66c-794425ab51ad.jpg,2.output_images_random/cefe5135-e517-48ba-a66c-794425ab51ad.jpg,copied,matched
liguria/0700410943_IM_Cosio d_Arroscia_COM_edifici affiancati,Eidotipo.pdf,0.original_foto_schede/liguria/0700410943_IM_Cosio d_Arroscia_COM_edifici affiancati/Eidotipo.pdf,,,,,,,0,,,,,,no_matching_iccd_code
liguria/0700410958_SP_Varese Ligure_EDANN_cascina,SP_Varese Ligure_EDANN_cascina.pdf,0.original_foto_schede/liguria/0700410958_SP_Varese Ligure_EDANN_cascina/SP_Varese Ligure_EDANN_cascina.pdf,0700410958,9403,4a0763cd-c361-4ec1-8a5c-6453c79da8db,4a0763cd-c361-4ec1-8a5c-6453c79da8db.png,1.output_png_schede/4a0763cd-c361-4ec1-8a5c-6453c79da8db.png,already_exists,5,SP_Varese_Ligure_Cascina_SP566_contesto.jpg,0.original_foto_schede/liguria/0700410958_SP_Varese Ligure_EDANN_cascina/SP_Varese_Ligure_Cascina_SP566_contesto.jpg,4a0763cd-c361-4ec1-8a5c-6453c79da8db.jpg,2.output_images_random/4a0763cd-c361-4ec1-8a5c-6453c79da8db.jpg,copied,matched
liguria/0700410991_GE_Valbrevenna_EDSING_pendio,0700410991_GE_Valbrevenna_EDSING_casa di pendio.pdf,0.original_foto_schede/liguria/0700410991_GE_Valbrevenna_EDSING_pendio/0700410991_GE_Valbrevenna_EDSING_casa di pendio.pdf,0700410991,9464,9b8460ac-1a5f-4e81-a568-bd8607aca73b,9b8460ac-1a5f-4e81-a568-bd8607aca73b.png,1.output_png_schede/9b8460ac-1a5f-4e81-a568-bd8607aca73b.png,already_exists,8,GE_VALBREVENNA_foto di contesto.JPG,0.original_foto_schede/liguria/0700410991_GE_Valbrevenna_EDSING_pendio/GE_VALBREVENNA_foto di contesto.JPG,9b8460ac-1a5f-4e81-a568-bd8607aca73b.jpg,2.output_images_random/9b8460ac-1a5f-4e81-a568-bd8607aca73b.jpg,copied,matched
liguria/0700411128_IM_Cesio_EDSING_pendio,0700411128_IM_Cesio_EDSING_casa di pendio.pdf,0.original_foto_schede/liguria/0700411128_IM_Cesio_EDSING_pendio/0700411128_IM_Cesio_EDSING_casa di pendio.pdf,0700411128,903,e5abb7b9-c8f2-4e75-b63c-b78bb40d54a1,e5abb7b9-c8f2-4e75-b63c-b78bb40d54a1.png,1.output_png_schede/e5abb7b9-c8f2-4e75-b63c-b78bb40d54a1.png,already_exists,6,IM_CESIO-Frazione Arzeno d_Oneglia_prospetti E e S.JPG,0.original_foto_schede/liguria/0700411128_IM_Cesio_EDSING_pendio/IM_CESIO-Frazione Arzeno d_Oneglia_prospetti E e S.JPG,e5abb7b9-c8f2-4e75-b63c-b78bb40d54a1.jpg,2.output_images_random/e5abb7b9-c8f2-4e75-b63c-b78bb40d54a1.jpg,copied,matched
liguria/0700411172_GE_Masone_EDNN_cascina,0700411172_GE_Masone_EDNN_cascina.pdf,0.original_foto_schede/liguria/0700411172_GE_Masone_EDNN_cascina/0700411172_GE_Masone_EDNN_cascina.pdf,0700411172,2578,888ea582-1086-4bc2-a84b-0289c88e5f9f,888ea582-1086-4bc2-a84b-0289c88e5f9f.png,1.output_png_schede/888ea582-1086-4bc2-a84b-0289c88e5f9f.png,already_exists,9,GE_MASONE_ViaSanPietro_abitazione_prospetto_SE.JPG,0.original_foto_schede/liguria/0700411172_GE_Masone_EDNN_cascina/GE_MASONE_ViaSanPietro_abitazione_prospetto_SE.JPG,888ea582-1086-4bc2-a84b-0289c88e5f9f.jpg,2.output_images_random/888ea582-1086-4bc2-a84b-0289c88e5f9f.jpg,copied,matched
liguria/0700411189_SV_Sassello_EDNN_casa rurale di montagna,0700411189_SV_Sassello_EDNN_casa rurale di montagna.pdf,0.original_foto_schede/liguria/0700411189_SV_Sassello_EDNN_casa rurale di montagna/0700411189_SV_Sassello_EDNN_casa rurale di montagna.pdf,0700411189,21596,e284f6d0-2ab3-4d89-b18d-86636fd30f1c,e284f6d0-2ab3-4d89-b18d-86636fd30f1c.png,1.output_png_schede/e284f6d0-2ab3-4d89-b18d-86636fd30f1c.png,already_exists,8,SV_SASSELLO_Cascinazze_abitazione_vista_Ovest.JPG,0.original_foto_schede/liguria/0700411189_SV_Sassello_EDNN_casa rurale di montagna/SV_SASSELLO_Cascinazze_abitazione_vista_Ovest.JPG,e284f6d0-2ab3-4d89-b18d-86636fd30f1c.jpg,2.output_images_random/e284f6d0-2ab3-4d89-b18d-86636fd30f1c.jpg,copied,matched
liguria/0700411220_SV_Case Giaculu_EDANN_casa a corte aperta,0700411220_SV_Case Giaculu_EDANN_casa a corte aperta.pdf,0.original_foto_schede/liguria/0700411220_SV_Case Giaculu_EDANN_casa a corte aperta/0700411220_SV_Case Giaculu_EDANN_casa a corte aperta.pdf,0700411220,22533,fe9285e7-cbcd-48be-82bc-86bd4b5d17cb,fe9285e7-cbcd-48be-82bc-86bd4b5d17cb.png,1.output_png_schede/fe9285e7-cbcd-48be-82bc-86bd4b5d17cb.png,already_exists,8,SV_SASSELLO_annesso_vista da nord-ovest.JPG,0.original_foto_schede/liguria/0700411220_SV_Case Giaculu_EDANN_casa a corte aperta/SV_SASSELLO_annesso_vista da nord-ovest.JPG,fe9285e7-cbcd-48be-82bc-86bd4b5d17cb.jpg,2.output_images_random/fe9285e7-cbcd-48be-82bc-86bd4b5d17cb.jpg,copied,matched
liguria/0700411390_GE_Cicagna_COM_edifici affiancati,0700411390_Cicagna_COM_edaffiancati.pdf,0.original_foto_schede/liguria/0700411390_GE_Cicagna_COM_edifici affiancati/0700411390_Cicagna_COM_edaffiancati.pdf,0700411390,2596,a7c82822-ab99-4c3b-83b1-95ffa92f9620,a7c82822-ab99-4c3b-83b1-95ffa92f9620.png,1.output_png_schede/a7c82822-ab99-4c3b-83b1-95ffa92f9620.png,already_exists,7,CICAGNA_vista del complesso inserito nel contesto.jpg,0.original_foto_schede/liguria/0700411390_GE_Cicagna_COM_edifici affiancati/CICAGNA_vista del complesso inserito nel contesto.jpg,a7c82822-ab99-4c3b-83b1-95ffa92f9620.jpg,2.output_images_random/a7c82822-ab99-4c3b-83b1-95ffa92f9620.jpg,copied,matched
liguria/0700411411_GE_Casella_COM_edifici affiancati,GE_Casella_COM_edifici affiancati.pdf,0.original_foto_schede/liguria/0700411411_GE_Casella_COM_edifici affiancati/GE_Casella_COM_edifici affiancati.pdf,0700411411,24538,c54812b4-9ab4-4fd2-a454-f573182f945c,c54812b4-9ab4-4fd2-a454-f573182f945c.png,1.output_png_schede/c54812b4-9ab4-4fd2-a454-f573182f945c.png,already_exists,6,GE_CASELLA_vista da sud.JPG,0.original_foto_schede/liguria/0700411411_GE_Casella_COM_edifici affiancati/GE_CASELLA_vista da sud.JPG,c54812b4-9ab4-4fd2-a454-f573182f945c.jpg,2.output_images_random/c54812b4-9ab4-4fd2-a454-f573182f945c.jpg,copied,matched
liguria/0700411472_GE_COM_edifici affiancati,0700411472_GE_COM_casa edifici affianc.pdf,0.original_foto_schede/liguria/0700411472_GE_COM_edifici affiancati/0700411472_GE_COM_casa edifici affianc.pdf,0700411472,27390,4ae9b11b-3422-41e1-bae9-243df2d32ff1,4ae9b11b-3422-41e1-bae9-243df2d32ff1.png,1.output_png_schede/4ae9b11b-3422-41e1-bae9-243df2d32ff1.png,already_exists,5,GENOVA_vista del prospetto ovest.JPG,0.original_foto_schede/liguria/0700411472_GE_COM_edifici affiancati/GENOVA_vista del prospetto ovest.JPG,4ae9b11b-3422-41e1-bae9-243df2d32ff1.jpg,2.output_images_random/4ae9b11b-3422-41e1-bae9-243df2d32ff1.jpg,copied,matched
liguria/0700411482_GE_Isola del Cantone_EDSING_scala est,0700411482_GE_Isola del Cantone_EDSING_scala est.pdf,0.original_foto_schede/liguria/0700411482_GE_Isola del Cantone_EDSING_scala est/0700411482_GE_Isola del Cantone_EDSING_scala est.pdf,0700411482,25599,6a6b5d65-79b7-46b3-b8d8-27b51a43f2fb,6a6b5d65-79b7-46b3-b8d8-27b51a43f2fb.png,1.output_png_schede/6a6b5d65-79b7-46b3-b8d8-27b51a43f2fb.png,already_exists,6,GE_ISOLA_DEL_CANTONE_FrazionePrarolo10_vista_SE.JPG,0.original_foto_schede/liguria/0700411482_GE_Isola del Cantone_EDSING_scala est/GE_ISOLA_DEL_CANTONE_FrazionePrarolo10_vista_SE.JPG,6a6b5d65-79b7-46b3-b8d8-27b51a43f2fb.jpg,2.output_images_random/6a6b5d65-79b7-46b3-b8d8-27b51a43f2fb.jpg,copied,matched
liguria/0700411485_GE_Campoligure_EDANN_Cascina,0700411485_GE_Campoligure_EDANN_Cascina.pdf,0.original_foto_schede/liguria/0700411485_GE_Campoligure_EDANN_Cascina/0700411485_GE_Campoligure_EDANN_Cascina.pdf,0700411485,27570,677469f2-bf4d-4cfc-9163-f9ce5065d99a,677469f2-bf4d-4cfc-9163-f9ce5065d99a.png,1.output_png_schede/677469f2-bf4d-4cfc-9163-f9ce5065d99a.png,already_exists,12,GE_CAMPO_LIGURE_ViaVallePonzema139_abitazione_prospetto_SO.JPG,0.original_foto_schede/liguria/0700411485_GE_Campoligure_EDANN_Cascina/GE_CAMPO_LIGURE_ViaVallePonzema139_abitazione_prospetto_SO.JPG,677469f2-bf4d-4cfc-9163-f9ce5065d99a.jpg,2.output_images_random/677469f2-bf4d-4cfc-9163-f9ce5065d99a.jpg,copied,matched
liguria/0700411492_GE_Ronco Scrivia_EDANN_casa,0700411492_GE_Ronco Scrivia_EDANN_casa.pdf,0.original_foto_schede/liguria/0700411492_GE_Ronco Scrivia_EDANN_casa/0700411492_GE_Ronco Scrivia_EDANN_casa.pdf,0700411492,27400,ad952878-ef02-4669-8c55-744cf16ff28e,ad952878-ef02-4669-8c55-744cf16ff28e.png,1.output_png_schede/ad952878-ef02-4669-8c55-744cf16ff28e.png,already_exists,8,GE_RONCO_SCRIVIA_ViaMonteGrappa_abitazione_NO.JPG,0.original_foto_schede/liguria/0700411492_GE_Ronco Scrivia_EDANN_casa/GE_RONCO_SCRIVIA_ViaMonteGrappa_abitazione_NO.JPG,ad952878-ef02-4669-8c55-744cf16ff28e.jpg,2.output_images_random/ad952878-ef02-4669-8c55-744cf16ff28e.jpg,copied,matched
liguria/0700411646_GE_Montoggio_EDANN_pendio,GE_Montoggio_EDANN_pendio.pdf,0.original_foto_schede/liguria/0700411646_GE_Montoggio_EDANN_pendio/GE_Montoggio_EDANN_pendio.pdf,0700411646,32946,571aab0d-a3d8-4230-bc6a-1a11d3938b1c,571aab0d-a3d8-4230-bc6a-1a11d3938b1c.png,1.output_png_schede/571aab0d-a3d8-4230-bc6a-1a11d3938b1c.png,already_exists,11,GE_MONTOGGIO_LocalitàMontemoro_abitazione_prospetto_SE.JPG,0.original_foto_schede/liguria/0700411646_GE_Montoggio_EDANN_pendio/GE_MONTOGGIO_LocalitàMontemoro_abitazione_prospetto_SE.JPG,571aab0d-a3d8-4230-bc6a-1a11d3938b1c.jpg,2.output_images_random/571aab0d-a3d8-4230-bc6a-1a11d3938b1c.jpg,copied,matched
liguria/0700411672_IM_Perinaldo_EDSING_dimora stagionale,0700411672_IM_Perinaldo_EDSING_dimora stagionale.pdf,0.original_foto_schede/liguria/0700411672_IM_Perinaldo_EDSING_dimora stagionale/0700411672_IM_Perinaldo_EDSING_dimora stagionale.pdf,0700411672,32900,bf1ca33a-fd01-425a-b063-5097ffe38d90,bf1ca33a-fd01-425a-b063-5097ffe38d90.png,1.output_png_schede/bf1ca33a-fd01-425a-b063-5097ffe38d90.png,already_exists,6,IM_Perinaldo_dimora stagionale_contesto.jpg,0.original_foto_schede/liguria/0700411672_IM_Perinaldo_EDSING_dimora stagionale/IM_Perinaldo_dimora stagionale_contesto.jpg,bf1ca33a-fd01-425a-b063-5097ffe38d90.jpg,2.output_images_random/bf1ca33a-fd01-425a-b063-5097ffe38d90.jpg,copied,matched
liguria/0700411774_GE_Orero_COM_edifici affiancati,GE_Orero_COM_edifici affiancati.pdf,0.original_foto_schede/liguria/0700411774_GE_Orero_COM_edifici affiancati/GE_Orero_COM_edifici affiancati.pdf,0700411774,42845,7b27b41c-3efa-4620-ad47-5538808b6131,7b27b41c-3efa-4620-ad47-5538808b6131.png,1.output_png_schede/7b27b41c-3efa-4620-ad47-5538808b6131.png,already_exists,7,ORERO_vista da sud-ovest dell_edificio 5.jpg,0.original_foto_schede/liguria/0700411774_GE_Orero_COM_edifici affiancati/ORERO_vista da sud-ovest dell_edificio 5.jpg,7b27b41c-3efa-4620-ad47-5538808b6131.jpg,2.output_images_random/7b27b41c-3efa-4620-ad47-5538808b6131.jpg,copied,matched
liguria/0700411864_GE_Borzonasca_EDSING_pendio,GE_Borzonasca_EDSING_pendio.pdf,0.original_foto_schede/liguria/0700411864_GE_Borzonasca_EDSING_pendio/GE_Borzonasca_EDSING_pendio.pdf,0700411864,36404,685e07d0-63be-4cf8-babd-cf6a0d51c6d4,685e07d0-63be-4cf8-babd-cf6a0d51c6d4.png,1.output_png_schede/685e07d0-63be-4cf8-babd-cf6a0d51c6d4.png,already_exists,8,Borzonasca_pros sud-est+nord-est par.jpg,0.original_foto_schede/liguria/0700411864_GE_Borzonasca_EDSING_pendio/Borzonasca_pros sud-est+nord-est par.jpg,685e07d0-63be-4cf8-babd-cf6a0d51c6d4.jpg,2.output_images_random/685e07d0-63be-4cf8-babd-cf6a0d51c6d4.jpg,copied,matched
liguria/0700411915_SP_Rocchetta di Vara_EDSING_pendio,SP_RocchettaVara_CasaSP9_eidotipo.pdf,0.original_foto_schede/liguria/0700411915_SP_Rocchetta di Vara_EDSING_pendio/SP_RocchettaVara_CasaSP9_eidotipo.pdf,,,,,,,0,,,,,,no_matching_iccd_code
liguria/0700411922_SP_Beverino_EDSING_scala esterna,SP_Beverino_Casa_Via_Mulini_02_eidotipo.pdf,0.original_foto_schede/liguria/0700411922_SP_Beverino_EDSING_scala esterna/SP_Beverino_Casa_Via_Mulini_02_eidotipo.pdf,,,,,,,0,,,,,,no_matching_iccd_code
lombardia/0100462938_Macugnaga_EDSING_Walser,0100462938_Macugnaga_EDSING_Walser.pdf,0.original_foto_schede/lombardia/0100462938_Macugnaga_EDSING_Walser/0100462938_Macugnaga_EDSING_Walser.pdf,,,,,,,0,,,,,,no_matching_iccd_code
lombardia/0303276983_BG_Villa d_Ogna_EDSING_casa di pendio,BG_Villa d_Ogna_EDSING_casa di pendio.pdf,0.original_foto_schede/lombardia/0303276983_BG_Villa d_Ogna_EDSING_casa di pendio/BG_Villa d_Ogna_EDSING_casa di pendio.pdf,,,,,,,0,,,,,,no_matching_iccd_code
lombardia/0303277064_LO_Secugnago_COM_corte chiusa_Cascina Uggeri,0303277064_LO_Secugnago_COM_corte chiusa_Cascina Uggeri.pdf,0.original_foto_schede/lombardia/0303277064_LO_Secugnago_COM_corte chiusa_Cascina Uggeri/0303277064_LO_Secugnago_COM_corte chiusa_Cascina Uggeri.pdf,0303277064,20163,029729ca-8660-4a6b-83a0-d516f223595c,029729ca-8660-4a6b-83a0-d516f223595c.png,1.output_png_schede/029729ca-8660-4a6b-83a0-d516f223595c.png,already_exists,6,contesto.jpg,0.original_foto_schede/lombardia/0303277064_LO_Secugnago_COM_corte chiusa_Cascina Uggeri/contesto.jpg,029729ca-8660-4a6b-83a0-d516f223595c.jpg,2.output_images_random/029729ca-8660-4a6b-83a0-d516f223595c.jpg,copied,matched
lombardia/0303277289_BS_Agnosine_COM_corte rurale chiusa,BS_Agnosine_COM_corte rurale chiusa.pdf,0.original_foto_schede/lombardia/0303277289_BS_Agnosine_COM_corte rurale chiusa/BS_Agnosine_COM_corte rurale chiusa.pdf,0303277289,29041,90676693-04cc-4dc3-9bc8-b44437cc69de,90676693-04cc-4dc3-9bc8-b44437cc69de.png,1.output_png_schede/90676693-04cc-4dc3-9bc8-b44437cc69de.png,already_exists,4,11_retro superiore_DSC9939.jpg,0.original_foto_schede/lombardia/0303277289_BS_Agnosine_COM_corte rurale chiusa/11_retro superiore_DSC9939.jpg,90676693-04cc-4dc3-9bc8-b44437cc69de.jpg,2.output_images_random/90676693-04cc-4dc3-9bc8-b44437cc69de.jpg,copied,matched
lombardia/0303277391_BS_Artogne_EDSING_cascina,BS_Artogne_EDSING_cascina.pdf,0.original_foto_schede/lombardia/0303277391_BS_Artogne_EDSING_cascina/BS_Artogne_EDSING_cascina.pdf,0303277391,20473,0dea2c1c-3bb4-4586-a329-c73a4fcf5dd8,0dea2c1c-3bb4-4586-a329-c73a4fcf5dd8.png,1.output_png_schede/0dea2c1c-3bb4-4586-a329-c73a4fcf5dd8.png,already_exists,4,Edificio_1_facciata NE_BS729.jpeg,0.original_foto_schede/lombardia/0303277391_BS_Artogne_EDSING_cascina/Edificio_1_facciata NE_BS729.jpeg,0dea2c1c-3bb4-4586-a329-c73a4fcf5dd8.jpg,2.output_images_random/0dea2c1c-3bb4-4586-a329-c73a4fcf5dd8.jpg,copied,matched
lombardia/0303277664_MN_Curtatone_EDANN_cascina,0303277664_MN_Curtatone_EDANN_cascina.pdf,0.original_foto_schede/lombardia/0303277664_MN_Curtatone_EDANN_cascina/0303277664_MN_Curtatone_EDANN_cascina.pdf,0303277664,20673,d56e1998-7d05-47de-8dd7-395f75ff4f13,d56e1998-7d05-47de-8dd7-395f75ff4f13.png,1.output_png_schede/d56e1998-7d05-47de-8dd7-395f75ff4f13.png,already_exists,5,MN_Curtatone_cascina_strada_santa_53_contesto.jpg,0.original_foto_schede/lombardia/0303277664_MN_Curtatone_EDANN_cascina/MN_Curtatone_cascina_strada_santa_53_contesto.jpg,d56e1998-7d05-47de-8dd7-395f75ff4f13.jpg,2.output_images_random/d56e1998-7d05-47de-8dd7-395f75ff4f13.jpg,copied,matched
lombardia/0303277956_BG_Corna Imagna_EDSING_casa rurale montagna,BG_Corna Imagna_EDSING_casa rurale montagna.pdf,0.original_foto_schede/lombardia/0303277956_BG_Corna Imagna_EDSING_casa rurale montagna/BG_Corna Imagna_EDSING_casa rurale montagna.pdf,0303277956,21588,9cc598c9-8ba1-4cfd-8235-f1f37acdc407,9cc598c9-8ba1-4cfd-8235-f1f37acdc407.png,1.output_png_schede/9cc598c9-8ba1-4cfd-8235-f1f37acdc407.png,already_exists,3,3_2.jpeg,0.original_foto_schede/lombardia/0303277956_BG_Corna Imagna_EDSING_casa rurale montagna/3_2.jpeg,9cc598c9-8ba1-4cfd-8235-f1f37acdc407.jpg,2.output_images_random/9cc598c9-8ba1-4cfd-8235-f1f37acdc407.jpg,copied,matched
lombardia/0303277965_BG_Sant_Omobono Terme_EDANN_casale,BG_Sant_Omobono Terme_EDANN_casale.pdf,0.original_foto_schede/lombardia/0303277965_BG_Sant_Omobono Terme_EDANN_casale/BG_Sant_Omobono Terme_EDANN_casale.pdf,0303277965,1067,018a4cb2-a88f-4740-92f0-7cc61a152e51,018a4cb2-a88f-4740-92f0-7cc61a152e51.png,1.output_png_schede/018a4cb2-a88f-4740-92f0-7cc61a152e51.png,already_exists,5,annesso_3.jpeg,0.original_foto_schede/lombardia/0303277965_BG_Sant_Omobono Terme_EDANN_casale/annesso_3.jpeg,018a4cb2-a88f-4740-92f0-7cc61a152e51.jpg,2.output_images_random/018a4cb2-a88f-4740-92f0-7cc61a152e51.jpg,copied,matched
lombardia/0303278007_BG_Ardesio_COM_corte rurale aperta,0303278007_BG_Ardesio_COM_corte rurale aperta.pdf,0.original_foto_schede/lombardia/0303278007_BG_Ardesio_COM_corte rurale aperta/0303278007_BG_Ardesio_COM_corte rurale aperta.pdf,0303278007,4887,a0e0abe4-e37e-4b12-b5c1-f504ecb8951e,a0e0abe4-e37e-4b12-b5c1-f504ecb8951e.png,1.output_png_schede/a0e0abe4-e37e-4b12-b5c1-f504ecb8951e.png,already_exists,4,DSC_9289.jpg,0.original_foto_schede/lombardia/0303278007_BG_Ardesio_COM_corte rurale aperta/DSC_9289.jpg,a0e0abe4-e37e-4b12-b5c1-f504ecb8951e.jpg,2.output_images_random/a0e0abe4-e37e-4b12-b5c1-f504ecb8951e.jpg,copied,matched
lombardia/0303278281_MI_Gaggiano_COM_cascina_Grande,0303278281_MI_Gaggiano_COM_cascina_Grande.pdf,0.original_foto_schede/lombardia/0303278281_MI_Gaggiano_COM_cascina_Grande/0303278281_MI_Gaggiano_COM_cascina_Grande.pdf,0303278281,25389,f7f3e400-c46b-4736-af2d-e538479e1be7,f7f3e400-c46b-4736-af2d-e538479e1be7.png,1.output_png_schede/f7f3e400-c46b-4736-af2d-e538479e1be7.png,already_exists,6,EIdotipo MI 50.JPG,0.original_foto_schede/lombardia/0303278281_MI_Gaggiano_COM_cascina_Grande/EIdotipo MI 50.JPG,f7f3e400-c46b-4736-af2d-e538479e1be7.jpg,2.output_images_random/f7f3e400-c46b-4736-af2d-e538479e1be7.jpg,copied,matched
lombardia/0303278314_BG_Castione Presolana_EDANN-rurale montagna,0303278314_BG_Castione Presolana_EDANN-rurale montagna.pdf,0.original_foto_schede/lombardia/0303278314_BG_Castione Presolana_EDANN-rurale montagna/0303278314_BG_Castione Presolana_EDANN-rurale montagna.pdf,0303278314,3040,f43b5b6c-61ae-4a5e-b4b8-ff9760f3999b,f43b5b6c-61ae-4a5e-b4b8-ff9760f3999b.png,1.output_png_schede/f43b5b6c-61ae-4a5e-b4b8-ff9760f3999b.png,already_exists,4,BG_Castione_della_Presolana_casa_rurale_di_montagna_dettaglio.jpg,0.original_foto_schede/lombardia/0303278314_BG_Castione Presolana_EDANN-rurale montagna/BG_Castione_della_Presolana_casa_rurale_di_montagna_dettaglio.jpg,f43b5b6c-61ae-4a5e-b4b8-ff9760f3999b.jpg,2.output_images_random/f43b5b6c-61ae-4a5e-b4b8-ff9760f3999b.jpg,copied,matched
lombardia/0303280470_MN_Viadana_COm_cascina corte aperta,0303280470_MN_Viadana_COm_cascina corte aperta.pdf,0.original_foto_schede/lombardia/0303280470_MN_Viadana_COm_cascina corte aperta/0303280470_MN_Viadana_COm_cascina corte aperta.pdf,0303280470,43968,e49907eb-b909-4bcf-8607-b31c9705d455,e49907eb-b909-4bcf-8607-b31c9705d455.png,1.output_png_schede/e49907eb-b909-4bcf-8607-b31c9705d455.png,already_exists,5,_MG_6542.jpg,0.original_foto_schede/lombardia/0303280470_MN_Viadana_COm_cascina corte aperta/_MG_6542.jpg,e49907eb-b909-4bcf-8607-b31c9705d455.jpg,2.output_images_random/e49907eb-b909-4bcf-8607-b31c9705d455.jpg,copied,matched
lombardia/0303280666_0303281188_0303280670_LC_Olginate_COM_corte rurale aperta,0303280666_LC_Olginate_COM_corte rurale aperta.pdf,0.original_foto_schede/lombardia/0303280666_0303281188_0303280670_LC_Olginate_COM_corte rurale aperta/0303280666_LC_Olginate_COM_corte rurale aperta.pdf,0303280666,28483,51aa3e26-8012-4561-8bc3-0b9e9b8a2f34,51aa3e26-8012-4561-8bc3-0b9e9b8a2f34.png,1.output_png_schede/51aa3e26-8012-4561-8bc3-0b9e9b8a2f34.png,already_exists,15,LC06A_olginate_viaCaRomano11_latoS.jpg,0.original_foto_schede/lombardia/0303280666_0303281188_0303280670_LC_Olginate_COM_corte rurale aperta/LC06A_olginate_viaCaRomano11_latoS.jpg,51aa3e26-8012-4561-8bc3-0b9e9b8a2f34.jpg,2.output_images_random/51aa3e26-8012-4561-8bc3-0b9e9b8a2f34.jpg,copied,matched
lombardia/0303280912_VA_Sesto Calende_EDANN_casa a ballatoio,0303280912_VA_Sesto Calende_EDANN_casa a ballatoio.pdf,0.original_foto_schede/lombardia/0303280912_VA_Sesto Calende_EDANN_casa a ballatoio/0303280912_VA_Sesto Calende_EDANN_casa a ballatoio.pdf,0303280912,30271,c34b3eda-858d-4c40-8434-2bdad207d0a1,c34b3eda-858d-4c40-8434-2bdad207d0a1.png,1.output_png_schede/c34b3eda-858d-4c40-8434-2bdad207d0a1.png,already_exists,6,VA139_angolo SO.jpg,0.original_foto_schede/lombardia/0303280912_VA_Sesto Calende_EDANN_casa a ballatoio/VA139_angolo SO.jpg,c34b3eda-858d-4c40-8434-2bdad207d0a1.jpg,2.output_images_random/c34b3eda-858d-4c40-8434-2bdad207d0a1.jpg,copied,matched
lombardia/0303281110_PV_Broni_COM_cscina corte chiusa_Ortaglia,PV_Broni_COM_cscina corte chiusa_Ortaglia.pdf,0.original_foto_schede/lombardia/0303281110_PV_Broni_COM_cscina corte chiusa_Ortaglia/PV_Broni_COM_cscina corte chiusa_Ortaglia.pdf,0303281110,31139,2d4c709f-71b6-4746-9507-61e6342105c3,2d4c709f-71b6-4746-9507-61e6342105c3.png,1.output_png_schede/2d4c709f-71b6-4746-9507-61e6342105c3.png,already_exists,8,PV51_cortile settentrionale.jpg,0.original_foto_schede/lombardia/0303281110_PV_Broni_COM_cscina corte chiusa_Ortaglia/PV51_cortile settentrionale.jpg,2d4c709f-71b6-4746-9507-61e6342105c3.jpg,2.output_images_random/2d4c709f-71b6-4746-9507-61e6342105c3.jpg,copied,matched
lombardia/0303281357_SO_Madesimo_EDANN_casa alpina,0303281357_SO_Madesimo_EDANN_casa alpina.pdf,0.original_foto_schede/lombardia/0303281357_SO_Madesimo_EDANN_casa alpina/0303281357_SO_Madesimo_EDANN_casa alpina.pdf,0303281357,29308,4c0ce6f0-acbd-4581-93a8-5b2a27ce77f9,4c0ce6f0-acbd-4581-93a8-5b2a27ce77f9.png,1.output_png_schede/4c0ce6f0-acbd-4581-93a8-5b2a27ce77f9.png,already_exists,6,SO_Madesimo_SO178_PareteO.jpeg,0.original_foto_schede/lombardia/0303281357_SO_Madesimo_EDANN_casa alpina/SO_Madesimo_SO178_PareteO.jpeg,4c0ce6f0-acbd-4581-93a8-5b2a27ce77f9.jpg,2.output_images_random/4c0ce6f0-acbd-4581-93a8-5b2a27ce77f9.jpg,copied,matched
lombardia/0303282725_SO_Madesimo_EDSING_casa alpina,0303282725_SO_Madesimo_EDSING_casa alpina.pdf,0.original_foto_schede/lombardia/0303282725_SO_Madesimo_EDSING_casa alpina/0303282725_SO_Madesimo_EDSING_casa alpina.pdf,0303282725,32611,6dedc206-5501-43ef-b3ff-421137532431,6dedc206-5501-43ef-b3ff-421137532431.png,1.output_png_schede/6dedc206-5501-43ef-b3ff-421137532431.png,already_exists,4,SO_Madesimo_SO179_Contesto.jpeg,0.original_foto_schede/lombardia/0303282725_SO_Madesimo_EDSING_casa alpina/SO_Madesimo_SO179_Contesto.jpeg,6dedc206-5501-43ef-b3ff-421137532431.jpg,2.output_images_random/6dedc206-5501-43ef-b3ff-421137532431.jpg,copied,matched
lombardia/0303282872_BS_Leno_COM_corte rurale aperta,BS_Leno_COM_corte rurale aperta.pdf,0.original_foto_schede/lombardia/0303282872_BS_Leno_COM_corte rurale aperta/BS_Leno_COM_corte rurale aperta.pdf,0303282872,29667,649df419-3776-456d-a58f-6151f73a33ab,649df419-3776-456d-a58f-6151f73a33ab.png,1.output_png_schede/649df419-3776-456d-a58f-6151f73a33ab.png,already_exists,4,IMG_6726.jpg,0.original_foto_schede/lombardia/0303282872_BS_Leno_COM_corte rurale aperta/IMG_6726.jpg,649df419-3776-456d-a58f-6151f73a33ab.jpg,2.output_images_random/649df419-3776-456d-a58f-6151f73a33ab.jpg,copied,matched
lombardia/0303282985_CO_Centro Valle Intelvi_EDANN_casa corte aperta,0303282985_CO_Centro Valle Intelvi_EDANN_casa corte aperta.pdf,0.original_foto_schede/lombardia/0303282985_CO_Centro Valle Intelvi_EDANN_casa corte aperta/0303282985_CO_Centro Valle Intelvi_EDANN_casa corte aperta.pdf,0303282985,34558,b170128d-7d5a-497d-b75f-a42970f5219b,b170128d-7d5a-497d-b75f-a42970f5219b.png,1.output_png_schede/b170128d-7d5a-497d-b75f-a42970f5219b.png,already_exists,6,CO59_CentroValleIntelvi_annesso_b.jpg,0.original_foto_schede/lombardia/0303282985_CO_Centro Valle Intelvi_EDANN_casa corte aperta/CO59_CentroValleIntelvi_annesso_b.jpg,b170128d-7d5a-497d-b75f-a42970f5219b.jpg,2.output_images_random/b170128d-7d5a-497d-b75f-a42970f5219b.jpg,copied,matched
lombardia/0303284775_CR_Casalmaggiore_COM_edifici affiancati,0303284775_CR_Casalmaggiore_COM_edifici affiancati.pdf,0.original_foto_schede/lombardia/0303284775_CR_Casalmaggiore_COM_edifici affiancati/0303284775_CR_Casalmaggiore_COM_edifici affiancati.pdf,0303284775,30026,32e81225-4cdb-4886-88ed-bbe74f6ca10c,32e81225-4cdb-4886-88ed-bbe74f6ca10c.png,1.output_png_schede/32e81225-4cdb-4886-88ed-bbe74f6ca10c.png,already_exists,3,CR_Casalmaggiore_Case_Sparse_Casalbellotto_snc_immagine_di_contesto.jpg,0.original_foto_schede/lombardia/0303284775_CR_Casalmaggiore_COM_edifici affiancati/CR_Casalmaggiore_Case_Sparse_Casalbellotto_snc_immagine_di_contesto.jpg,32e81225-4cdb-4886-88ed-bbe74f6ca10c.jpg,2.output_images_random/32e81225-4cdb-4886-88ed-bbe74f6ca10c.jpg,copied,matched
lombardia/0303285067_MI_Vigevano_COM_cascina corte aperta,0303285067_MI_Vigevano_COM_cascina corte aperta.pdf,0.original_foto_schede/lombardia/0303285067_MI_Vigevano_COM_cascina corte aperta/0303285067_MI_Vigevano_COM_cascina corte aperta.pdf,0303285067,43625,25c9e74b-0f5e-4ca8-8432-cbb3c2b07656,25c9e74b-0f5e-4ca8-8432-cbb3c2b07656.png,1.output_png_schede/25c9e74b-0f5e-4ca8-8432-cbb3c2b07656.png,already_exists,6,PV156A_Vigevano_lato SE.jpg,0.original_foto_schede/lombardia/0303285067_MI_Vigevano_COM_cascina corte aperta/PV156A_Vigevano_lato SE.jpg,25c9e74b-0f5e-4ca8-8432-cbb3c2b07656.jpg,2.output_images_random/25c9e74b-0f5e-4ca8-8432-cbb3c2b07656.jpg,copied,matched
lombardia/binasco01,binasco01.pdf,0.original_foto_schede/lombardia/binasco01/binasco01.pdf,0303280759,30264,2ab5d014-5d5a-4df9-baa3-9c8a861a0053,2ab5d014-5d5a-4df9-baa3-9c8a861a0053.png,1.output_png_schede/2ab5d014-5d5a-4df9-baa3-9c8a861a0053.png,already_exists,7,1fa74d7a-0848-4f9b-aadd-2958b9e1eb5e.jpg,0.original_foto_schede/lombardia/binasco01/1fa74d7a-0848-4f9b-aadd-2958b9e1eb5e.jpg,2ab5d014-5d5a-4df9-baa3-9c8a861a0053.jpg,2.output_images_random/2ab5d014-5d5a-4df9-baa3-9c8a861a0053.jpg,copied,matched
lombardia/gaggiano01,gaggiano01.pdf,0.original_foto_schede/lombardia/gaggiano01/gaggiano01.pdf,0303278361,25648,0441c72d-b24e-4551-bbde-790c50af85f6,0441c72d-b24e-4551-bbde-790c50af85f6.png,1.output_png_schede/0441c72d-b24e-4551-bbde-790c50af85f6.png,already_exists,9,1064d2f2-e63f-403c-8810-83b2f2ddd06a.jpg,0.original_foto_schede/lombardia/gaggiano01/1064d2f2-e63f-403c-8810-83b2f2ddd06a.jpg,0441c72d-b24e-4551-bbde-790c50af85f6.jpg,2.output_images_random/0441c72d-b24e-4551-bbde-790c50af85f6.jpg,copied,matched
lombardia/segrate01,segrate01.pdf,0.original_foto_schede/lombardia/segrate01/segrate01.pdf,0303284915,43590,9b849c4c-18b3-468e-a70f-dc904332a708,9b849c4c-18b3-468e-a70f-dc904332a708.png,1.output_png_schede/9b849c4c-18b3-468e-a70f-dc904332a708.png,already_exists,5,1a46624e-e2af-41cc-81b4-2baf02041c93.jpg,0.original_foto_schede/lombardia/segrate01/1a46624e-e2af-41cc-81b4-2baf02041c93.jpg,9b849c4c-18b3-468e-a70f-dc904332a708.jpg,2.output_images_random/9b849c4c-18b3-468e-a70f-dc904332a708.jpg,copied,matched
lombardia/vittuone01,vittuone01.pdf,0.original_foto_schede/lombardia/vittuone01/vittuone01.pdf,0303281197,31473,c387257e-fa24-42e5-a800-3c0608d994ee,c387257e-fa24-42e5-a800-3c0608d994ee.png,1.output_png_schede/c387257e-fa24-42e5-a800-3c0608d994ee.png,already_exists,8,84f2001e-8daa-441c-a7a7-b9dfe0f47aa4.jpg,0.original_foto_schede/lombardia/vittuone01/84f2001e-8daa-441c-a7a7-b9dfe0f47aa4.jpg,c387257e-fa24-42e5-a800-3c0608d994ee.jpg,2.output_images_random/c387257e-fa24-42e5-a800-3c0608d994ee.jpg,copied,matched
marche/1100389502_Filottrano_EDANN_casale_Casa Martinangeli,Filotrano_casa Martinangeli_casale.pdf,0.original_foto_schede/marche/1100389502_Filottrano_EDANN_casale_Casa Martinangeli/Filotrano_casa Martinangeli_casale.pdf,1100389502,8169,d4811010-b592-485f-ac86-2768a62eaf2f,d4811010-b592-485f-ac86-2768a62eaf2f.png,1.output_png_schede/d4811010-b592-485f-ac86-2768a62eaf2f.png,already_exists,6,AN_Filottrano_Casa Martinangeli_Prospetto Sud.jpg,0.original_foto_schede/marche/1100389502_Filottrano_EDANN_casale_Casa Martinangeli/AN_Filottrano_Casa Martinangeli_Prospetto Sud.jpg,d4811010-b592-485f-ac86-2768a62eaf2f.jpg,2.output_images_random/d4811010-b592-485f-ac86-2768a62eaf2f.jpg,copied,matched
marche/1100389532_Agugliano_EDSING_casa con bigattiera_Casa Cavucci,1100389532_Agugliano_EDSING_casa con bigattiera_Casa Cavucci.pdf,0.original_foto_schede/marche/1100389532_Agugliano_EDSING_casa con bigattiera_Casa Cavucci/1100389532_Agugliano_EDSING_casa con bigattiera_Casa Cavucci.pdf,1100389532,8222,0aa1503c-8cb8-41af-8920-6b889bbc89b4,0aa1503c-8cb8-41af-8920-6b889bbc89b4.png,1.output_png_schede/0aa1503c-8cb8-41af-8920-6b889bbc89b4.png,already_exists,6,AN_agugliano_casa_cavucci_contrada_cannetacci_eidotipo.jpg,0.original_foto_schede/marche/1100389532_Agugliano_EDSING_casa con bigattiera_Casa Cavucci/AN_agugliano_casa_cavucci_contrada_cannetacci_eidotipo.jpg,0aa1503c-8cb8-41af-8920-6b889bbc89b4.jpg,2.output_images_random/0aa1503c-8cb8-41af-8920-6b889bbc89b4.jpg,copied,matched
marche/1100389535_S.Marcello_EDANN_casa con bigattiera_Casa Padovano,1100389535_S MArcello Bigattiera.pdf,0.original_foto_schede/marche/1100389535_S.Marcello_EDANN_casa con bigattiera_Casa Padovano/1100389535_S MArcello Bigattiera.pdf,1100389535,8121,dabb4c0b-c088-4db4-bd02-019577b12ebf,dabb4c0b-c088-4db4-bd02-019577b12ebf.png,1.output_png_schede/dabb4c0b-c088-4db4-bd02-019577b12ebf.png,already_exists,10,AN_San_Marcello_casa_Padovano_facciata(1).jpg,0.original_foto_schede/marche/1100389535_S.Marcello_EDANN_casa con bigattiera_Casa Padovano/AN_San_Marcello_casa_Padovano_facciata(1).jpg,dabb4c0b-c088-4db4-bd02-019577b12ebf.jpg,2.output_images_random/dabb4c0b-c088-4db4-bd02-019577b12ebf.jpg,copied,matched
"marche/1100389555_Montecassiano_EDANN, casa a scala esterna_Casa Zacconi","Montecassiano_Casa Zacconi, EDANN, casa a scala esterna.pdf","0.original_foto_schede/marche/1100389555_Montecassiano_EDANN, casa a scala esterna_Casa Zacconi/Montecassiano_Casa Zacconi, EDANN, casa a scala esterna.pdf",1100389555,28582,be59e241-ea17-48ac-b683-b4e06e8e1359,be59e241-ea17-48ac-b683-b4e06e8e1359.png,1.output_png_schede/be59e241-ea17-48ac-b683-b4e06e8e1359.png,already_exists,4,MC_Montecassiano_Casa Zacconi_contesto.JPG,"0.original_foto_schede/marche/1100389555_Montecassiano_EDANN, casa a scala esterna_Casa Zacconi/MC_Montecassiano_Casa Zacconi_contesto.JPG",be59e241-ea17-48ac-b683-b4e06e8e1359.jpg,2.output_images_random/be59e241-ea17-48ac-b683-b4e06e8e1359.jpg,copied,matched
marche/1100389574_Chiaravalle_EDANN_casa con bigattiera e scala est_Casa Chiappa,1100389574_Maschera Scheda Censimenti v3.pdf,0.original_foto_schede/marche/1100389574_Chiaravalle_EDANN_casa con bigattiera e scala est_Casa Chiappa/1100389574_Maschera Scheda Censimenti v3.pdf,,,,,,,0,,,,,,no_matching_iccd_code
marche/1100389576_Genga_EDANN_casale_Barota,1100389576_Genga_EDANN_casale_Barota.pdf,0.original_foto_schede/marche/1100389576_Genga_EDANN_casale_Barota/1100389576_Genga_EDANN_casale_Barota.pdf,1100389576,8288,501a93b1-303d-4b7b-87b3-a38acfe5b228,501a93b1-303d-4b7b-87b3-a38acfe5b228.png,1.output_png_schede/501a93b1-303d-4b7b-87b3-a38acfe5b228.png,already_exists,8,AN_Genga_Casa_Barota_Prospetto_Ovest.jpg,0.original_foto_schede/marche/1100389576_Genga_EDANN_casale_Barota/AN_Genga_Casa_Barota_Prospetto_Ovest.jpg,501a93b1-303d-4b7b-87b3-a38acfe5b228.jpg,2.output_images_random/501a93b1-303d-4b7b-87b3-a38acfe5b228.jpg,copied,matched
marche/1100389601_Fabriano_EDANN_casa di pendio_Casa Serra,"Fabriano_Casa Serra, EDANN_casa di pendio.pdf","0.original_foto_schede/marche/1100389601_Fabriano_EDANN_casa di pendio_Casa Serra/Fabriano_Casa Serra, EDANN_casa di pendio.pdf",1100389601,8193,cfb72b96-ff6a-4a16-8af9-e69e209fcf83,cfb72b96-ff6a-4a16-8af9-e69e209fcf83.png,1.output_png_schede/cfb72b96-ff6a-4a16-8af9-e69e209fcf83.png,already_exists,7,AN_Fabriano_Casa Serra_prospetto SE.JPG,0.original_foto_schede/marche/1100389601_Fabriano_EDANN_casa di pendio_Casa Serra/AN_Fabriano_Casa Serra_prospetto SE.JPG,cfb72b96-ff6a-4a16-8af9-e69e209fcf83.jpg,2.output_images_random/cfb72b96-ff6a-4a16-8af9-e69e209fcf83.jpg,copied,matched
marche/1100389738_Chiaravalle_EDANN_casa con bigattiera_Brecciaroli,1100389738_Chiaravalle_EDANN_casa con bigattiera Brecciaroli.pdf,0.original_foto_schede/marche/1100389738_Chiaravalle_EDANN_casa con bigattiera_Brecciaroli/1100389738_Chiaravalle_EDANN_casa con bigattiera Brecciaroli.pdf,1100389738,8379,fc4fa58a-5c0b-468b-9bd0-1011cf5bdfec,fc4fa58a-5c0b-468b-9bd0-1011cf5bdfec.png,1.output_png_schede/fc4fa58a-5c0b-468b-9bd0-1011cf5bdfec.png,already_exists,8,AN_Chiaravalle_Casa_Brecciaroli_Prospetto_Sud.jpg,0.original_foto_schede/marche/1100389738_Chiaravalle_EDANN_casa con bigattiera_Brecciaroli/AN_Chiaravalle_Casa_Brecciaroli_Prospetto_Sud.jpg,fc4fa58a-5c0b-468b-9bd0-1011cf5bdfec.jpg,2.output_images_random/fc4fa58a-5c0b-468b-9bd0-1011cf5bdfec.jpg,copied,matched
marche/1100389791_Porto Recanati_EDANN_scala esterna_Case Gigli,1100389791_Porto Recanati_Scala est Gigli.pdf,0.original_foto_schede/marche/1100389791_Porto Recanati_EDANN_scala esterna_Case Gigli/1100389791_Porto Recanati_Scala est Gigli.pdf,1100389791,7301,055a426b-d150-47d3-bcbd-af75c1e717bb,055a426b-d150-47d3-bcbd-af75c1e717bb.png,1.output_png_schede/055a426b-d150-47d3-bcbd-af75c1e717bb.png,already_exists,7,MC_PortoRecanati_Case Gigli_9764_prospetto principale.jpg,0.original_foto_schede/marche/1100389791_Porto Recanati_EDANN_scala esterna_Case Gigli/MC_PortoRecanati_Case Gigli_9764_prospetto principale.jpg,055a426b-d150-47d3-bcbd-af75c1e717bb.jpg,2.output_images_random/055a426b-d150-47d3-bcbd-af75c1e717bb.jpg,copied,matched
marche/1100389914_Montelupone_Casa Contrada Poeta_EDSING_casa a scala esterna,1100389914_Montelupone_Casa Contrada Poeta_EDSING_casa a scala esterna.pdf,0.original_foto_schede/marche/1100389914_Montelupone_Casa Contrada Poeta_EDSING_casa a scala esterna/1100389914_Montelupone_Casa Contrada Poeta_EDSING_casa a scala esterna.pdf,1100389914,781,6d13cb61-22ce-4877-b5e0-0fe7273b5099,6d13cb61-22ce-4877-b5e0-0fe7273b5099.png,1.output_png_schede/6d13cb61-22ce-4877-b5e0-0fe7273b5099.png,already_exists,4,MC_Montelupone_c.daPoeta_nord.JPG,0.original_foto_schede/marche/1100389914_Montelupone_Casa Contrada Poeta_EDSING_casa a scala esterna/MC_Montelupone_c.daPoeta_nord.JPG,6d13cb61-22ce-4877-b5e0-0fe7273b5099.jpg,2.output_images_random/6d13cb61-22ce-4877-b5e0-0fe7273b5099.jpg,copied,matched
marche/1100389959_Osimo_Casa Stringhi_EDANN_casa con bigattiera,Osimo_Casa Stringhi_EDANN_casa con bigattiera.pdf,0.original_foto_schede/marche/1100389959_Osimo_Casa Stringhi_EDANN_casa con bigattiera/Osimo_Casa Stringhi_EDANN_casa con bigattiera.pdf,1100389959,26199,706037d5-372a-4f1b-9460-b1afdd85f1e6,706037d5-372a-4f1b-9460-b1afdd85f1e6.png,1.output_png_schede/706037d5-372a-4f1b-9460-b1afdd85f1e6.png,already_exists,7,AN_Osimo_Casa_Stringhi_Contesto.jpg,0.original_foto_schede/marche/1100389959_Osimo_Casa Stringhi_EDANN_casa con bigattiera/AN_Osimo_Casa_Stringhi_Contesto.jpg,706037d5-372a-4f1b-9460-b1afdd85f1e6.jpg,2.output_images_random/706037d5-372a-4f1b-9460-b1afdd85f1e6.jpg,copied,matched
marche/1100391235_Fabriano_EDANN_casa pendio_Vallazza,1100391235_Fabriano_EDANN_casa pendio_Vallazza.pdf,0.original_foto_schede/marche/1100391235_Fabriano_EDANN_casa pendio_Vallazza/1100391235_Fabriano_EDANN_casa pendio_Vallazza.pdf,1100391235,6591,f288c328-c08e-4bcf-8204-d92ac41ac1fc,f288c328-c08e-4bcf-8204-d92ac41ac1fc.png,1.output_png_schede/f288c328-c08e-4bcf-8204-d92ac41ac1fc.png,already_exists,7,AN_Fabriano_Casa Vallazza_contesto.jpg,0.original_foto_schede/marche/1100391235_Fabriano_EDANN_casa pendio_Vallazza/AN_Fabriano_Casa Vallazza_contesto.jpg,f288c328-c08e-4bcf-8204-d92ac41ac1fc.jpg,2.output_images_random/f288c328-c08e-4bcf-8204-d92ac41ac1fc.jpg,copied,matched
marche/1100391410_Cossignano_EDSING_scala esterna_Casa Concetti,1100391410_Cossignano_EDSING_scala esterna_Casa Concetti.pdf,0.original_foto_schede/marche/1100391410_Cossignano_EDSING_scala esterna_Casa Concetti/1100391410_Cossignano_EDSING_scala esterna_Casa Concetti.pdf,1100391410,35587,7842880c-ddcd-4709-b3e4-ed2967d4c2f0,7842880c-ddcd-4709-b3e4-ed2967d4c2f0.png,1.output_png_schede/7842880c-ddcd-4709-b3e4-ed2967d4c2f0.png,already_exists,0,,,,,no_image,matched
marche/1100392798_Fano_EDANN_casale_casa Solazzi (scalaint),1100392798_Casa a scala interna Fano_casa Solazzi.pdf,0.original_foto_schede/marche/1100392798_Fano_EDANN_casale_casa Solazzi (scalaint)/1100392798_Casa a scala interna Fano_casa Solazzi.pdf,1100392798,27479,feb5a135-f998-4b72-8d9d-0b9b74a107c3,feb5a135-f998-4b72-8d9d-0b9b74a107c3.png,1.output_png_schede/feb5a135-f998-4b72-8d9d-0b9b74a107c3.png,already_exists,2,PU_Fano_Casa Solazzi_contesto.jpg,0.original_foto_schede/marche/1100392798_Fano_EDANN_casale_casa Solazzi (scalaint)/PU_Fano_Casa Solazzi_contesto.jpg,feb5a135-f998-4b72-8d9d-0b9b74a107c3.jpg,2.output_images_random/feb5a135-f998-4b72-8d9d-0b9b74a107c3.jpg,copied,matched
marche/1100392842_Mercatello_EDANN_casa con torre_Bruscara,Mercatello_casa con torre.pdf,0.original_foto_schede/marche/1100392842_Mercatello_EDANN_casa con torre_Bruscara/Mercatello_casa con torre.pdf,1100392842,38374,aa449244-d3ac-4c0c-8933-bc6581079761,aa449244-d3ac-4c0c-8933-bc6581079761.png,1.output_png_schede/aa449244-d3ac-4c0c-8933-bc6581079761.png,already_exists,9,PU_Mercatello sul Metauro_Casa Bruscara_contesto.jpg,0.original_foto_schede/marche/1100392842_Mercatello_EDANN_casa con torre_Bruscara/PU_Mercatello sul Metauro_Casa Bruscara_contesto.jpg,aa449244-d3ac-4c0c-8933-bc6581079761.jpg,2.output_images_random/aa449244-d3ac-4c0c-8933-bc6581079761.jpg,copied,matched
marche/1100392903_Monteprandone_EDANN_casa con loggiato_Casa XXIV Maggio,AP_Monteprandone_Casa_XXIV_Maggio_eidotipo.pdf,0.original_foto_schede/marche/1100392903_Monteprandone_EDANN_casa con loggiato_Casa XXIV Maggio/AP_Monteprandone_Casa_XXIV_Maggio_eidotipo.pdf,,,,,,,0,,,,,,no_matching_iccd_code
marche/1100393026_Urbisaglia_EDANN_Casa_Bandini_2,1100393026_Urbisaglia_casa Bandini 2.pdf,0.original_foto_schede/marche/1100393026_Urbisaglia_EDANN_Casa_Bandini_2/1100393026_Urbisaglia_casa Bandini 2.pdf,1100393026,39782,8f6be09d-64f7-4773-9062-30255b672d70,8f6be09d-64f7-4773-9062-30255b672d70.png,1.output_png_schede/8f6be09d-64f7-4773-9062-30255b672d70.png,already_exists,8,MC_Urbisaglia_Casa_Bandini_ProspSE.JPG,0.original_foto_schede/marche/1100393026_Urbisaglia_EDANN_Casa_Bandini_2/MC_Urbisaglia_Casa_Bandini_ProspSE.JPG,8f6be09d-64f7-4773-9062-30255b672d70.jpg,2.output_images_random/8f6be09d-64f7-4773-9062-30255b672d70.jpg,copied,matched
marche/1100393027_Urbisaglia_EDSING_casale_Casa_Bandini,1100393027_Urbisaglia_Casa Bandini.pdf,0.original_foto_schede/marche/1100393027_Urbisaglia_EDSING_casale_Casa_Bandini/1100393027_Urbisaglia_Casa Bandini.pdf,1100393027,32335,78a95c14-7937-4b53-b810-beafba0c47bb,78a95c14-7937-4b53-b810-beafba0c47bb.png,1.output_png_schede/78a95c14-7937-4b53-b810-beafba0c47bb.png,already_exists,3,MC_Urbisaglia_Casa_Bandini_ProspNO.2.JPG,0.original_foto_schede/marche/1100393027_Urbisaglia_EDSING_casale_Casa_Bandini/MC_Urbisaglia_Casa_Bandini_ProspNO.2.JPG,78a95c14-7937-4b53-b810-beafba0c47bb.jpg,2.output_images_random/78a95c14-7937-4b53-b810-beafba0c47bb.jpg,copied,matched
marche/1100393061_Mercatello_EDANN_casa con torre_Cà la Felice,Mercatello_Cà la Felice_EDANN_casa con torre.pdf,0.original_foto_schede/marche/1100393061_Mercatello_EDANN_casa con torre_Cà la Felice/Mercatello_Cà la Felice_EDANN_casa con torre.pdf,1100393061,39859,4fcd724f-2eaa-4958-926a-99e0c7436b9a,4fcd724f-2eaa-4958-926a-99e0c7436b9a.png,1.output_png_schede/4fcd724f-2eaa-4958-926a-99e0c7436b9a.png,already_exists,6,PU_Mercatello sul Metauro_Cà la Felice_prospetto principale SO.jpg,0.original_foto_schede/marche/1100393061_Mercatello_EDANN_casa con torre_Cà la Felice/PU_Mercatello sul Metauro_Cà la Felice_prospetto principale SO.jpg,4fcd724f-2eaa-4958-926a-99e0c7436b9a.jpg,2.output_images_random/4fcd724f-2eaa-4958-926a-99e0c7436b9a.jpg,copied,matched
marche/1100393062_Mercatello_EDANN_casa con torre_Casa Giardino,Mercatello_Casa Giardino_EDANN_casa con torre.pdf,0.original_foto_schede/marche/1100393062_Mercatello_EDANN_casa con torre_Casa Giardino/Mercatello_Casa Giardino_EDANN_casa con torre.pdf,1100393062,39812,e52e1d5f-5b75-4b19-9662-edb313877d10,e52e1d5f-5b75-4b19-9662-edb313877d10.png,1.output_png_schede/e52e1d5f-5b75-4b19-9662-edb313877d10.png,already_exists,6,PU_Mercatello sul Metauro_Casa Giardino_contesto.jpg,0.original_foto_schede/marche/1100393062_Mercatello_EDANN_casa con torre_Casa Giardino/PU_Mercatello sul Metauro_Casa Giardino_contesto.jpg,e52e1d5f-5b75-4b19-9662-edb313877d10.jpg,2.output_images_random/e52e1d5f-5b75-4b19-9662-edb313877d10.jpg,copied,matched
marche/1100393062_PU_Mercatello_casa con torre Giardino,1100393062_Maschera Scheda Censimenti v3.pdf,0.original_foto_schede/marche/1100393062_PU_Mercatello_casa con torre Giardino/1100393062_Maschera Scheda Censimenti v3.pdf,,,,,,,0,,,,,,no_matching_iccd_code
marche/1100393168_Cingoli_EDANN_Botontano2_scalaesterna (no a torre),Cingoli_EDANN_Botontano2_scalaesterna (no a torre).pdf,0.original_foto_schede/marche/1100393168_Cingoli_EDANN_Botontano2_scalaesterna (no a torre)/Cingoli_EDANN_Botontano2_scalaesterna (no a torre).pdf,1100393168,41642,0ec34e16-35c5-4910-9738-a2662f241b2c,0ec34e16-35c5-4910-9738-a2662f241b2c.png,1.output_png_schede/0ec34e16-35c5-4910-9738-a2662f241b2c.png,already_exists,11,MC_Cingoli_Casa_Botontano_2_ortofoto.png,0.original_foto_schede/marche/1100393168_Cingoli_EDANN_Botontano2_scalaesterna (no a torre)/MC_Cingoli_Casa_Botontano_2_ortofoto.png,0ec34e16-35c5-4910-9738-a2662f241b2c.png,2.output_images_random/0ec34e16-35c5-4910-9738-a2662f241b2c.png,copied,matched
marche/1100393181_Cingoli_EDANN_casolare_Casa Ciriaci,1100393181_Cingoli_EDANN_casolare_Casa Ciriaci.pdf,0.original_foto_schede/marche/1100393181_Cingoli_EDANN_casolare_Casa Ciriaci/1100393181_Cingoli_EDANN_casolare_Casa Ciriaci.pdf,1100393181,41571,09d75789-bea3-4b54-9bbb-9358510e27a1,09d75789-bea3-4b54-9bbb-9358510e27a1.png,1.output_png_schede/09d75789-bea3-4b54-9bbb-9358510e27a1.png,already_exists,10,MC_Cingoli_Casa_Ciriaci_finestra.jpg,0.original_foto_schede/marche/1100393181_Cingoli_EDANN_casolare_Casa Ciriaci/MC_Cingoli_Casa_Ciriaci_finestra.jpg,09d75789-bea3-4b54-9bbb-9358510e27a1.jpg,2.output_images_random/09d75789-bea3-4b54-9bbb-9358510e27a1.jpg,copied,matched
marche/1100393183_Cingoli_EDSIN_scala esterna_Colocci,1100393183_Cingoli_EDSIN_scala esterna_Colocci.pdf,0.original_foto_schede/marche/1100393183_Cingoli_EDSIN_scala esterna_Colocci/1100393183_Cingoli_EDSIN_scala esterna_Colocci.pdf,1100393183,37535,1d474135-cbec-4cbc-8393-1939a4886dbb,1d474135-cbec-4cbc-8393-1939a4886dbb.png,1.output_png_schede/1d474135-cbec-4cbc-8393-1939a4886dbb.png,already_exists,9,MC_Cingoli_Casa_Colocci_nicchie.jpg,0.original_foto_schede/marche/1100393183_Cingoli_EDSIN_scala esterna_Colocci/MC_Cingoli_Casa_Colocci_nicchie.jpg,1d474135-cbec-4cbc-8393-1939a4886dbb.jpg,2.output_images_random/1d474135-cbec-4cbc-8393-1939a4886dbb.jpg,copied,matched
marche/1100393184_Cingoli_EDANN_scala esterna Botontano1,Cingoli_EDANN_scala esterna Botontano1.pdf,0.original_foto_schede/marche/1100393184_Cingoli_EDANN_scala esterna Botontano1/Cingoli_EDANN_scala esterna Botontano1.pdf,1100393184,41294,3f3eca4e-adb2-4af5-a847-e4be04296379,3f3eca4e-adb2-4af5-a847-e4be04296379.png,1.output_png_schede/3f3eca4e-adb2-4af5-a847-e4be04296379.png,already_exists,12,MC_Cingoli_Casa_Botontano_1_annesso.jpg,0.original_foto_schede/marche/1100393184_Cingoli_EDANN_scala esterna Botontano1/MC_Cingoli_Casa_Botontano_1_annesso.jpg,3f3eca4e-adb2-4af5-a847-e4be04296379.jpg,2.output_images_random/3f3eca4e-adb2-4af5-a847-e4be04296379.jpg,copied,matched
"marche/1100393217_Montalto delle Marche_Casa C.da Lago, EDANN_scala esterna",1100393217_Montalto delle Marche_Casa C.da Lago_EDANN_scala esterna.pdf,"0.original_foto_schede/marche/1100393217_Montalto delle Marche_Casa C.da Lago, EDANN_scala esterna/1100393217_Montalto delle Marche_Casa C.da Lago_EDANN_scala esterna.pdf",1100393217,39810,0649f538-07e9-4b01-badb-3c7fef3f55ae,0649f538-07e9-4b01-badb-3c7fef3f55ae.png,1.output_png_schede/0649f538-07e9-4b01-badb-3c7fef3f55ae.png,already_exists,10,AP_Montalto_delle _Marche_Casa_C.da_Lago_Annesso_2.jpg,"0.original_foto_schede/marche/1100393217_Montalto delle Marche_Casa C.da Lago, EDANN_scala esterna/AP_Montalto_delle _Marche_Casa_C.da_Lago_Annesso_2.jpg",0649f538-07e9-4b01-badb-3c7fef3f55ae.jpg,2.output_images_random/0649f538-07e9-4b01-badb-3c7fef3f55ae.jpg,copied,matched
marche/1100393232_Massignano_EDSING_scala esterna_Casa 6 C.S Giuliana,1100393232_Massignano_EDSING_scala est_Casa 6 S Giuliana.pdf,0.original_foto_schede/marche/1100393232_Massignano_EDSING_scala esterna_Casa 6 C.S Giuliana/1100393232_Massignano_EDSING_scala est_Casa 6 S Giuliana.pdf,1100393232,38823,56b6be5e-cbcf-4ec4-b1b6-9198f17e0fdf,56b6be5e-cbcf-4ec4-b1b6-9198f17e0fdf.png,1.output_png_schede/56b6be5e-cbcf-4ec4-b1b6-9198f17e0fdf.png,already_exists,0,,,,,no_image,matched
marche/1100393238_Massignano_EDSING_Casa 1 C.da S. Giuliana,1100393238_Massignano_EDSING_Casa 1 C.da S. Giuliana.pdf,0.original_foto_schede/marche/1100393238_Massignano_EDSING_Casa 1 C.da S. Giuliana/1100393238_Massignano_EDSING_Casa 1 C.da S. Giuliana.pdf,,,,,,,0,,,,,,no_matching_iccd_code
marche/1100393291_Sant_Angelo Vado_EDSING_casale_Ca Baleo,"Ca Baleo, EDIFICIO SINGOLO, casale.pdf","0.original_foto_schede/marche/1100393291_Sant_Angelo Vado_EDSING_casale_Ca Baleo/Ca Baleo, EDIFICIO SINGOLO, casale.pdf",1100393291,32082,89ff0ddf-1825-477c-a557-13b279f77686,89ff0ddf-1825-477c-a557-13b279f77686.png,1.output_png_schede/89ff0ddf-1825-477c-a557-13b279f77686.png,already_exists,5,PU_Sant_AngeloInVado_CaBaleo_VistaNordOvest.jpeg,0.original_foto_schede/marche/1100393291_Sant_Angelo Vado_EDSING_casale_Ca Baleo/PU_Sant_AngeloInVado_CaBaleo_VistaNordOvest.jpeg,89ff0ddf-1825-477c-a557-13b279f77686.jpg,2.output_images_random/89ff0ddf-1825-477c-a557-13b279f77686.jpg,copied,matched
marche/1100393433_Recanati_EDSING_scala esterna_Grottini,1100393433_Recanati_EDSING_scala esterna_Grottini.pdf,0.original_foto_schede/marche/1100393433_Recanati_EDSING_scala esterna_Grottini/1100393433_Recanati_EDSING_scala esterna_Grottini.pdf,1100393433,42579,99bd76af-a0ff-44a2-868f-964562100814,99bd76af-a0ff-44a2-868f-964562100814.png,1.output_png_schede/99bd76af-a0ff-44a2-868f-964562100814.png,already_exists,4,MC_Recanati_Casa. Grottini_SO.jpeg,0.original_foto_schede/marche/1100393433_Recanati_EDSING_scala esterna_Grottini/MC_Recanati_Casa. Grottini_SO.jpeg,99bd76af-a0ff-44a2-868f-964562100814.jpg,2.output_images_random/99bd76af-a0ff-44a2-868f-964562100814.jpg,copied,matched
marche/1100393520_Porto Recanati_EDANN_bigattiera_Casa Galassi_9744,1100393520_MC_PortoRecanati_bigattiera_Casa Galassi_9744.pdf,0.original_foto_schede/marche/1100393520_Porto Recanati_EDANN_bigattiera_Casa Galassi_9744/1100393520_MC_PortoRecanati_bigattiera_Casa Galassi_9744.pdf,1100393520,35483,cd905821-68ca-4bbf-888c-e9ce27d59235,cd905821-68ca-4bbf-888c-e9ce27d59235.png,1.output_png_schede/cd905821-68ca-4bbf-888c-e9ce27d59235.png,already_exists,3,MC_PortoRecanati_Casa Galassi_9744_SCALA.jpg,0.original_foto_schede/marche/1100393520_Porto Recanati_EDANN_bigattiera_Casa Galassi_9744/MC_PortoRecanati_Casa Galassi_9744_SCALA.jpg,cd905821-68ca-4bbf-888c-e9ce27d59235.jpg,2.output_images_random/cd905821-68ca-4bbf-888c-e9ce27d59235.jpg,copied,matched
marche/1100393523_Porto Recanati_EDANN_Castelletta_scala esterna,Porto Recanati_Castelletta_scala esterna.pdf,0.original_foto_schede/marche/1100393523_Porto Recanati_EDANN_Castelletta_scala esterna/Porto Recanati_Castelletta_scala esterna.pdf,1100393523,642,8a54a1d8-809f-49da-860b-e752b5d60573,8a54a1d8-809f-49da-860b-e752b5d60573.png,1.output_png_schede/8a54a1d8-809f-49da-860b-e752b5d60573.png,already_exists,1,MC_PortoRecanati_Casa Castelletta_sud.jpg,0.original_foto_schede/marche/1100393523_Porto Recanati_EDANN_Castelletta_scala esterna/MC_PortoRecanati_Casa Castelletta_sud.jpg,8a54a1d8-809f-49da-860b-e752b5d60573.jpg,2.output_images_random/8a54a1d8-809f-49da-860b-e752b5d60573.jpg,copied,matched
marche/1100393566_PortoRecanati_EDANN_Casa Camilletti_9740_casa con bigattiera,Casa Camilletti_9740.pdf,0.original_foto_schede/marche/1100393566_PortoRecanati_EDANN_Casa Camilletti_9740_casa con bigattiera/Casa Camilletti_9740.pdf,1100393566,42860,025184ae-5f48-4929-b70b-116342403adb,025184ae-5f48-4929-b70b-116342403adb.png,1.output_png_schede/025184ae-5f48-4929-b70b-116342403adb.png,already_exists,1,MC_PortoRecanati_Casa Camilletti_9740_prospetto principale.jpg,0.original_foto_schede/marche/1100393566_PortoRecanati_EDANN_Casa Camilletti_9740_casa con bigattiera/MC_PortoRecanati_Casa Camilletti_9740_prospetto principale.jpg,025184ae-5f48-4929-b70b-116342403adb.jpg,2.output_images_random/025184ae-5f48-4929-b70b-116342403adb.jpg,copied,matched
molise/1400108529_CB_Vinchiaturo_Masseria,Masseria Santoianni_EDSING_casa a scala esterna.pdf,0.original_foto_schede/molise/1400108529_CB_Vinchiaturo_Masseria/Masseria Santoianni_EDSING_casa a scala esterna.pdf,1400108529,2851,b9fc1263-e512-4fe5-b775-75eb80ba257e,b9fc1263-e512-4fe5-b775-75eb80ba257e.png,1.output_png_schede/b9fc1263-e512-4fe5-b775-75eb80ba257e.png,already_exists,4,CB_Vinchiaturo_Mass.Santoianni_SO.JPG,0.original_foto_schede/molise/1400108529_CB_Vinchiaturo_Masseria/CB_Vinchiaturo_Mass.Santoianni_SO.JPG,b9fc1263-e512-4fe5-b775-75eb80ba257e.jpg,2.output_images_random/b9fc1263-e512-4fe5-b775-75eb80ba257e.jpg,copied,matched
molise/1400108552_Masseria Della Banca_COM_masseria con torre,Masseria Della Banca_COM_masseria con torre.pdf,0.original_foto_schede/molise/1400108552_Masseria Della Banca_COM_masseria con torre/Masseria Della Banca_COM_masseria con torre.pdf,,,,,,,0,,,,,,no_matching_iccd_code
molise/1400108588_CB_Sepino_Ponte tavole 2 Insediamento rurale,Ponte di Tavole 2_COM_insediamento rurale.pdf,0.original_foto_schede/molise/1400108588_CB_Sepino_Ponte tavole 2 Insediamento rurale/Ponte di Tavole 2_COM_insediamento rurale.pdf,1400108588,992,b7185930-f0a4-4f24-aebe-9a2cecbbb6f6,b7185930-f0a4-4f24-aebe-9a2cecbbb6f6.png,1.output_png_schede/b7185930-f0a4-4f24-aebe-9a2cecbbb6f6.png,already_exists,13,CB_Sepino_insediamento rurale_Ponte di Tavole 2. Edificio 3. Interno..jpg,0.original_foto_schede/molise/1400108588_CB_Sepino_Ponte tavole 2 Insediamento rurale/CB_Sepino_insediamento rurale_Ponte di Tavole 2. Edificio 3. Interno..jpg,b7185930-f0a4-4f24-aebe-9a2cecbbb6f6.jpg,2.output_images_random/b7185930-f0a4-4f24-aebe-9a2cecbbb6f6.jpg,copied,matched
molise/1400108657_CB_Guardiaregia_La cesa,"Casa La Cesa, EDIFICIO SINGOLO, casa di pendio.pdf","0.original_foto_schede/molise/1400108657_CB_Guardiaregia_La cesa/Casa La Cesa, EDIFICIO SINGOLO, casa di pendio.pdf",1400108657,3172,bf19c19b-1bd1-4347-b9c9-96f18ed62ea2,bf19c19b-1bd1-4347-b9c9-96f18ed62ea2.png,1.output_png_schede/bf19c19b-1bd1-4347-b9c9-96f18ed62ea2.png,already_exists,6,CB_Guardiaregia_casa di pendio_casa di pendioFonte La Cesa. Forno. Particolare..jpg,0.original_foto_schede/molise/1400108657_CB_Guardiaregia_La cesa/CB_Guardiaregia_casa di pendio_casa di pendioFonte La Cesa. Forno. Particolare..jpg,bf19c19b-1bd1-4347-b9c9-96f18ed62ea2.jpg,2.output_images_random/bf19c19b-1bd1-4347-b9c9-96f18ed62ea2.jpg,copied,matched
molise/1400108794_CB_San Martino in Pensilis_Masseria Sassi Cesare,00108794_CB_San Martino in Pensilis_Masseria Sassi Cesare.pdf,0.original_foto_schede/molise/1400108794_CB_San Martino in Pensilis_Masseria Sassi Cesare/00108794_CB_San Martino in Pensilis_Masseria Sassi Cesare.pdf,1400108794,1876,28fe89ee-f752-4171-8bd5-f4449c3e4a02,28fe89ee-f752-4171-8bd5-f4449c3e4a02.png,1.output_png_schede/28fe89ee-f752-4171-8bd5-f4449c3e4a02.png,already_exists,3,CB_San Martino in Pensilis_Masseria Sassi Cesare.JPG,0.original_foto_schede/molise/1400108794_CB_San Martino in Pensilis_Masseria Sassi Cesare/CB_San Martino in Pensilis_Masseria Sassi Cesare.JPG,28fe89ee-f752-4171-8bd5-f4449c3e4a02.jpg,2.output_images_random/28fe89ee-f752-4171-8bd5-f4449c3e4a02.jpg,copied,matched
molise/1400108853_CB_Oratino_Casa Pozzo Nuovo_EDSING_scala esterna,00108853_CB_Oratino_Casa Pozzo Nuovo_EDSING_scala esterna.pdf,0.original_foto_schede/molise/1400108853_CB_Oratino_Casa Pozzo Nuovo_EDSING_scala esterna/00108853_CB_Oratino_Casa Pozzo Nuovo_EDSING_scala esterna.pdf,1400108853,28385,309ce237-14f3-4843-9935-3d6bf014b530,309ce237-14f3-4843-9935-3d6bf014b530.png,1.output_png_schede/309ce237-14f3-4843-9935-3d6bf014b530.png,already_exists,3,CB_Oratino_CasaPozzoNuovo_latoSE.jpg,0.original_foto_schede/molise/1400108853_CB_Oratino_Casa Pozzo Nuovo_EDSING_scala esterna/CB_Oratino_CasaPozzoNuovo_latoSE.jpg,309ce237-14f3-4843-9935-3d6bf014b530.jpg,2.output_images_random/309ce237-14f3-4843-9935-3d6bf014b530.jpg,copied,matched
molise/1400108855_CB_Oratino_Casa Vetica_EDSING_casa di pendio,"Casa Vetica , EDIFICIO SINGOLO, casa di pendio.pdf","0.original_foto_schede/molise/1400108855_CB_Oratino_Casa Vetica_EDSING_casa di pendio/Casa Vetica , EDIFICIO SINGOLO, casa di pendio.pdf",1400108855,26200,52c3d681-cc1e-4f04-ade4-09cd2cc9e4cd,52c3d681-cc1e-4f04-ade4-09cd2cc9e4cd.png,1.output_png_schede/52c3d681-cc1e-4f04-ade4-09cd2cc9e4cd.png,already_exists,4,CB_Oratino_CasaVetica_eidotipo.jpg,0.original_foto_schede/molise/1400108855_CB_Oratino_Casa Vetica_EDSING_casa di pendio/CB_Oratino_CasaVetica_eidotipo.jpg,52c3d681-cc1e-4f04-ade4-09cd2cc9e4cd.jpg,2.output_images_random/52c3d681-cc1e-4f04-ade4-09cd2cc9e4cd.jpg,copied,matched
molise/1400108861_IS_Capracotta_casa di pendio_Casa Macchia,00108861_IS_Capracotta_casa di pendio.pdf,0.original_foto_schede/molise/1400108861_IS_Capracotta_casa di pendio_Casa Macchia/00108861_IS_Capracotta_casa di pendio.pdf,1400108861,28497,afd2c151-d356-424e-aaf2-01b10e1a412c,afd2c151-d356-424e-aaf2-01b10e1a412c.png,1.output_png_schede/afd2c151-d356-424e-aaf2-01b10e1a412c.png,already_exists,4,IS_Capracotta_casaMacchia_latoSud.jpg,0.original_foto_schede/molise/1400108861_IS_Capracotta_casa di pendio_Casa Macchia/IS_Capracotta_casaMacchia_latoSud.jpg,afd2c151-d356-424e-aaf2-01b10e1a412c.jpg,2.output_images_random/afd2c151-d356-424e-aaf2-01b10e1a412c.jpg,copied,matched
molise/1400108866_CB_Riccia_Casale Località Sticozze_EDSING,00108866_CB_Riccia_Casale Località Sticozze_EDSING.pdf,0.original_foto_schede/molise/1400108866_CB_Riccia_Casale Località Sticozze_EDSING/00108866_CB_Riccia_Casale Località Sticozze_EDSING.pdf,1400108866,2755,cf6e2921-bd94-406d-9a63-0ff462ee42cb,cf6e2921-bd94-406d-9a63-0ff462ee42cb.png,1.output_png_schede/cf6e2921-bd94-406d-9a63-0ff462ee42cb.png,already_exists,5,CB_Riccia_casale_casale Sticozze. Eidotipo..jpg,0.original_foto_schede/molise/1400108866_CB_Riccia_Casale Località Sticozze_EDSING/CB_Riccia_casale_casale Sticozze. Eidotipo..jpg,cf6e2921-bd94-406d-9a63-0ff462ee42cb.jpg,2.output_images_random/cf6e2921-bd94-406d-9a63-0ff462ee42cb.jpg,copied,matched
molise/1400108871_CB_Guardiaregia_Casale Calleo_EDANN_casale,Casale Calleo_EDANN_casale.pdf,0.original_foto_schede/molise/1400108871_CB_Guardiaregia_Casale Calleo_EDANN_casale/Casale Calleo_EDANN_casale.pdf,1400108871,1759,06c87500-7a78-45be-8fe0-90ba3b310535,06c87500-7a78-45be-8fe0-90ba3b310535.png,1.output_png_schede/06c87500-7a78-45be-8fe0-90ba3b310535.png,already_exists,10,CB_Guardiaregia_casale_casale Calleo. Edificio 2. Interno..jpg,0.original_foto_schede/molise/1400108871_CB_Guardiaregia_Casale Calleo_EDANN_casale/CB_Guardiaregia_casale_casale Calleo. Edificio 2. Interno..jpg,06c87500-7a78-45be-8fe0-90ba3b310535.jpg,2.output_images_random/06c87500-7a78-45be-8fe0-90ba3b310535.jpg,copied,matched
molise/1400108946_IS_Castelpetroso_Masserie Rondine_COM_insediamento rurale,"Masserie Rondine, COM_insediamento rurale.pdf","0.original_foto_schede/molise/1400108946_IS_Castelpetroso_Masserie Rondine_COM_insediamento rurale/Masserie Rondine, COM_insediamento rurale.pdf",1400108946,33207,23816566-37d2-46d7-90de-6ceb7f181e39,23816566-37d2-46d7-90de-6ceb7f181e39.png,1.output_png_schede/23816566-37d2-46d7-90de-6ceb7f181e39.png,already_exists,6,IS_Castelpetroso_MassRondine_contesto.JPG,0.original_foto_schede/molise/1400108946_IS_Castelpetroso_Masserie Rondine_COM_insediamento rurale/IS_Castelpetroso_MassRondine_contesto.JPG,23816566-37d2-46d7-90de-6ceb7f181e39.jpg,2.output_images_random/23816566-37d2-46d7-90de-6ceb7f181e39.jpg,copied,matched
molise/1400108950_IS_Castelpetroso_Masseria Fiaschi_EDSING_casa di pendio,00108950_Masseria Fiaschi_EDSING_casa di pendio.pdf,0.original_foto_schede/molise/1400108950_IS_Castelpetroso_Masseria Fiaschi_EDSING_casa di pendio/00108950_Masseria Fiaschi_EDSING_casa di pendio.pdf,1400108950,31206,4312b618-3f46-42c3-828a-26a08ea507cb,4312b618-3f46-42c3-828a-26a08ea507cb.png,1.output_png_schede/4312b618-3f46-42c3-828a-26a08ea507cb.png,already_exists,4,IS_Castelpetroso_MassFiaschi_latoSE.JPG,0.original_foto_schede/molise/1400108950_IS_Castelpetroso_Masseria Fiaschi_EDSING_casa di pendio/IS_Castelpetroso_MassFiaschi_latoSE.JPG,4312b618-3f46-42c3-828a-26a08ea507cb.jpg,2.output_images_random/4312b618-3f46-42c3-828a-26a08ea507cb.jpg,copied,matched
molise/1400108960_CB_Acquaviva Collecroce_EDSING_pendioNO,CB_Acquaviva Collecroce_EDSING_pendio.pdf,0.original_foto_schede/molise/1400108960_CB_Acquaviva Collecroce_EDSING_pendioNO/CB_Acquaviva Collecroce_EDSING_pendio.pdf,1400108960,5535,25966991-9481-47b0-b0b7-91b68cee8c42,25966991-9481-47b0-b0b7-91b68cee8c42.png,1.output_png_schede/25966991-9481-47b0-b0b7-91b68cee8c42.png,already_exists,5,CB_AcquavivaCollecroce_CasaColle_eidotipo.jpg,0.original_foto_schede/molise/1400108960_CB_Acquaviva Collecroce_EDSING_pendioNO/CB_AcquavivaCollecroce_CasaColle_eidotipo.jpg,25966991-9481-47b0-b0b7-91b68cee8c42.jpg,2.output_images_random/25966991-9481-47b0-b0b7-91b68cee8c42.jpg,copied,matched
molise/1400109245_Isernia_Masseria a corte,Masseria De Lellis-Petrecca_COM_masseria a corte.pdf,0.original_foto_schede/molise/1400109245_Isernia_Masseria a corte/Masseria De Lellis-Petrecca_COM_masseria a corte.pdf,1400109245,41669,a4b90322-2b3f-48b1-8b21-dbb69d6f5c82,a4b90322-2b3f-48b1-8b21-dbb69d6f5c82.png,1.output_png_schede/a4b90322-2b3f-48b1-8b21-dbb69d6f5c82.png,already_exists,12,IS_Isernia_masseria_masseria De Lellis-Petrecca. Edificio 2. Parete sud-ovest (3) (1).jpg,0.original_foto_schede/molise/1400109245_Isernia_Masseria a corte/IS_Isernia_masseria_masseria De Lellis-Petrecca. Edificio 2. Parete sud-ovest (3) (1).jpg,a4b90322-2b3f-48b1-8b21-dbb69d6f5c82.jpg,2.output_images_random/a4b90322-2b3f-48b1-8b21-dbb69d6f5c82.jpg,copied,matched
molise/1400109423_CB_Montenero di Bisaccia_EDSING_casolare_Masseri Pontone,CB_Montenero di Bisaccia_EDSING_casolare_Masseria Pontone.pdf,0.original_foto_schede/molise/1400109423_CB_Montenero di Bisaccia_EDSING_casolare_Masseri Pontone/CB_Montenero di Bisaccia_EDSING_casolare_Masseria Pontone.pdf,1400109423,37508,cea3ae7e-05a0-4533-a431-931cc600fded,cea3ae7e-05a0-4533-a431-931cc600fded.png,1.output_png_schede/cea3ae7e-05a0-4533-a431-931cc600fded.png,already_exists,4,CB_Montenero di B._Masseria Pontone_contesto.jpg,0.original_foto_schede/molise/1400109423_CB_Montenero di Bisaccia_EDSING_casolare_Masseri Pontone/CB_Montenero di B._Masseria Pontone_contesto.jpg,cea3ae7e-05a0-4533-a431-931cc600fded.jpg,2.output_images_random/cea3ae7e-05a0-4533-a431-931cc600fded.jpg,copied,matched
molise/1400109438_IS_Santa Maria del Molise_Dimora stagionale,Casa S. Angelo_EDSING_dimora stagionale.pdf,0.original_foto_schede/molise/1400109438_IS_Santa Maria del Molise_Dimora stagionale/Casa S. Angelo_EDSING_dimora stagionale.pdf,1400109438,32746,d78699ff-cb57-4275-a70d-9c6b38622482,d78699ff-cb57-4275-a70d-9c6b38622482.png,1.output_png_schede/d78699ff-cb57-4275-a70d-9c6b38622482.png,already_exists,5,IS_S.MariaDelMolise_CasaS.Angelo_ortofoto.jpg,0.original_foto_schede/molise/1400109438_IS_Santa Maria del Molise_Dimora stagionale/IS_S.MariaDelMolise_CasaS.Angelo_ortofoto.jpg,d78699ff-cb57-4275-a70d-9c6b38622482.jpg,2.output_images_random/d78699ff-cb57-4275-a70d-9c6b38622482.jpg,copied,matched
piemonte/0100456938_NO_Vinzaglio_COM_cascina a corte chiusa_Cascina Nuova,NO_Vinzaglio_Cascina_Nuova_eidotipo.pdf,0.original_foto_schede/piemonte/0100456938_NO_Vinzaglio_COM_cascina a corte chiusa_Cascina Nuova/NO_Vinzaglio_Cascina_Nuova_eidotipo.pdf,,,,,,,0,,,,,,no_matching_iccd_code
piemonte/0100456974_TO_Alpignano_COM_Cascina Bonafous,TO_Alpignano_Complesso_Cascina Bonafous.pdf,0.original_foto_schede/piemonte/0100456974_TO_Alpignano_COM_Cascina Bonafous/TO_Alpignano_Complesso_Cascina Bonafous.pdf,0100456974,9440,15d197c0-6300-47da-8779-51c724a21ade,15d197c0-6300-47da-8779-51c724a21ade.png,1.output_png_schede/15d197c0-6300-47da-8779-51c724a21ade.png,already_exists,9,TO_Alpignano_Cascina Bonafus_contesto.JPG,0.original_foto_schede/piemonte/0100456974_TO_Alpignano_COM_Cascina Bonafous/TO_Alpignano_Cascina Bonafus_contesto.JPG,15d197c0-6300-47da-8779-51c724a21ade.jpg,2.output_images_random/15d197c0-6300-47da-8779-51c724a21ade.jpg,copied,matched
piemonte/0100457073_CN_COM_corte rurale chiusa_Tetti Pesio,0100457073_CN_Tetti Pesio_corte rurale chiusa.pdf,0.original_foto_schede/piemonte/0100457073_CN_COM_corte rurale chiusa_Tetti Pesio/0100457073_CN_Tetti Pesio_corte rurale chiusa.pdf,0100457073,9598,1e55b249-20af-48ba-bf26-06fd9c4358f8,1e55b249-20af-48ba-bf26-06fd9c4358f8.png,1.output_png_schede/1e55b249-20af-48ba-bf26-06fd9c4358f8.png,already_exists,7,CN_Cuneo_Tetti Pesio_Cortile SO.jpg,0.original_foto_schede/piemonte/0100457073_CN_COM_corte rurale chiusa_Tetti Pesio/CN_Cuneo_Tetti Pesio_Cortile SO.jpg,1e55b249-20af-48ba-bf26-06fd9c4358f8.jpg,2.output_images_random/1e55b249-20af-48ba-bf26-06fd9c4358f8.jpg,copied,matched
piemonte/0100457074_CN_EDANN_cascina_Cascina Vecchia,0100457074_CN_EDANN_cascina_Cascina Vecchia.pdf,0.original_foto_schede/piemonte/0100457074_CN_EDANN_cascina_Cascina Vecchia/0100457074_CN_EDANN_cascina_Cascina Vecchia.pdf,0100457074,9599,71a40bc3-5fcb-4099-8cf2-14c7e3bad777,71a40bc3-5fcb-4099-8cf2-14c7e3bad777.png,1.output_png_schede/71a40bc3-5fcb-4099-8cf2-14c7e3bad777.png,already_exists,6,CN_Cascina Vecchioa_Prospetto N.jpg,0.original_foto_schede/piemonte/0100457074_CN_EDANN_cascina_Cascina Vecchia/CN_Cascina Vecchioa_Prospetto N.jpg,71a40bc3-5fcb-4099-8cf2-14c7e3bad777.jpg,2.output_images_random/71a40bc3-5fcb-4099-8cf2-14c7e3bad777.jpg,copied,matched
piemonte/0100457089_CN_COM_cascina_Cascina Risorgimento,CN_Cascina Risorgimento_COMPLESSO_cascina.pdf,0.original_foto_schede/piemonte/0100457089_CN_COM_cascina_Cascina Risorgimento/CN_Cascina Risorgimento_COMPLESSO_cascina.pdf,0100457089,9561,6aab9fca-f4d3-4789-9fbe-2fcb9cc566b5,6aab9fca-f4d3-4789-9fbe-2fcb9cc566b5.png,1.output_png_schede/6aab9fca-f4d3-4789-9fbe-2fcb9cc566b5.png,already_exists,4,CN_Cuneo_Cascina Risorgimento_Edificio.jpg,0.original_foto_schede/piemonte/0100457089_CN_COM_cascina_Cascina Risorgimento/CN_Cuneo_Cascina Risorgimento_Edificio.jpg,6aab9fca-f4d3-4789-9fbe-2fcb9cc566b5.jpg,2.output_images_random/6aab9fca-f4d3-4789-9fbe-2fcb9cc566b5.jpg,copied,matched
piemonte/0100457092_CN_EDANN_casa ballatoio_Marcellina,CN_Edificio con annessi_casa a ballatoio_Cascina Marcellina.pdf,0.original_foto_schede/piemonte/0100457092_CN_EDANN_casa ballatoio_Marcellina/CN_Edificio con annessi_casa a ballatoio_Cascina Marcellina.pdf,0100457092,9565,1b014025-e129-41b9-a194-dfa1f57481ac,1b014025-e129-41b9-a194-dfa1f57481ac.png,1.output_png_schede/1b014025-e129-41b9-a194-dfa1f57481ac.png,already_exists,6,CN_Cuneo_Via del sale_edif. annessi_cprosp. est.JPG,0.original_foto_schede/piemonte/0100457092_CN_EDANN_casa ballatoio_Marcellina/CN_Cuneo_Via del sale_edif. annessi_cprosp. est.JPG,1b014025-e129-41b9-a194-dfa1f57481ac.jpg,2.output_images_random/1b014025-e129-41b9-a194-dfa1f57481ac.jpg,copied,matched
piemonte/0100457200_AL_Valmadonna_COM_cascina_Cascina Ruffina,AL_Alessandria_Complesso_Cascina Ruffina.pdf,0.original_foto_schede/piemonte/0100457200_AL_Valmadonna_COM_cascina_Cascina Ruffina/AL_Alessandria_Complesso_Cascina Ruffina.pdf,0100457200,9742,ec46f6b9-2d82-4b74-a0ce-b75dde58351f,ec46f6b9-2d82-4b74-a0ce-b75dde58351f.png,1.output_png_schede/ec46f6b9-2d82-4b74-a0ce-b75dde58351f.png,already_exists,15,AL_Alessandria_Valmadonna _Cascina Ruffina_foto_11.JPG,0.original_foto_schede/piemonte/0100457200_AL_Valmadonna_COM_cascina_Cascina Ruffina/AL_Alessandria_Valmadonna _Cascina Ruffina_foto_11.JPG,ec46f6b9-2d82-4b74-a0ce-b75dde58351f.jpg,2.output_images_random/ec46f6b9-2d82-4b74-a0ce-b75dde58351f.jpg,copied,matched
piemonte/0100457270_CN_SStefanoRoero_EDSING_casadi terra,0100457270_CN_SStefanoRoero_EDSING_casadi terra.pdf,0.original_foto_schede/piemonte/0100457270_CN_SStefanoRoero_EDSING_casadi terra/0100457270_CN_SStefanoRoero_EDSING_casadi terra.pdf,0100457270,9838,b98b1de2-1d86-4501-8d7b-0cc38b88d439,b98b1de2-1d86-4501-8d7b-0cc38b88d439.png,1.output_png_schede/b98b1de2-1d86-4501-8d7b-0cc38b88d439.png,already_exists,5,CN_S_Stefano_Roero_contesto.jpg,0.original_foto_schede/piemonte/0100457270_CN_SStefanoRoero_EDSING_casadi terra/CN_S_Stefano_Roero_contesto.jpg,b98b1de2-1d86-4501-8d7b-0cc38b88d439.jpg,2.output_images_random/b98b1de2-1d86-4501-8d7b-0cc38b88d439.jpg,copied,matched
piemonte/0100457273_CN_Caramagna_COM_cascina_Cascina Rivassa,CN_Caramagna Piemonte_Complesso_Cascina Ricavassa.pdf,0.original_foto_schede/piemonte/0100457273_CN_Caramagna_COM_cascina_Cascina Rivassa/CN_Caramagna Piemonte_Complesso_Cascina Ricavassa.pdf,0100457273,9841,b5b0e8bc-a1a7-4496-8ce8-cb2d3fca5daf,b5b0e8bc-a1a7-4496-8ce8-cb2d3fca5daf.png,1.output_png_schede/b5b0e8bc-a1a7-4496-8ce8-cb2d3fca5daf.png,already_exists,4,CN_CaramagnaP_cascina_Ricavassa_contesto.jpg,0.original_foto_schede/piemonte/0100457273_CN_Caramagna_COM_cascina_Cascina Rivassa/CN_CaramagnaP_cascina_Ricavassa_contesto.jpg,b5b0e8bc-a1a7-4496-8ce8-cb2d3fca5daf.jpg,2.output_images_random/b5b0e8bc-a1a7-4496-8ce8-cb2d3fca5daf.jpg,copied,matched
piemonte/0100457342_TO_Orbassano_COM_cascina corte aperta,TO_Orbassano_Complesso_Cascina a corte aperta.pdf,0.original_foto_schede/piemonte/0100457342_TO_Orbassano_COM_cascina corte aperta/TO_Orbassano_Complesso_Cascina a corte aperta.pdf,0100457342,9862,7273b4fa-6551-4852-bf0b-193d274a560e,7273b4fa-6551-4852-bf0b-193d274a560e.png,1.output_png_schede/7273b4fa-6551-4852-bf0b-193d274a560e.png,already_exists,5,TO_ORBASSANO_TETTI_VALFRE_contesto.jpg,0.original_foto_schede/piemonte/0100457342_TO_Orbassano_COM_cascina corte aperta/TO_ORBASSANO_TETTI_VALFRE_contesto.jpg,7273b4fa-6551-4852-bf0b-193d274a560e.jpg,2.output_images_random/7273b4fa-6551-4852-bf0b-193d274a560e.jpg,copied,matched
piemonte/0100457414_VC_Ronsecco_COM_cascina corte chiusa_Cascina Ceretto,Ronsecco_COM_cascina corte chiusa_Cascina Ceretto.pdf,0.original_foto_schede/piemonte/0100457414_VC_Ronsecco_COM_cascina corte chiusa_Cascina Ceretto/Ronsecco_COM_cascina corte chiusa_Cascina Ceretto.pdf,0100457414,9968,ca6e12ed-4cbc-40a8-bf12-19e90b5a9c13,ca6e12ed-4cbc-40a8-bf12-19e90b5a9c13.png,1.output_png_schede/ca6e12ed-4cbc-40a8-bf12-19e90b5a9c13.png,already_exists,9,VC_RONSECCO_cascina Ceretto_corte interna.JPG,0.original_foto_schede/piemonte/0100457414_VC_Ronsecco_COM_cascina corte chiusa_Cascina Ceretto/VC_RONSECCO_cascina Ceretto_corte interna.JPG,ca6e12ed-4cbc-40a8-bf12-19e90b5a9c13.jpg,2.output_images_random/ca6e12ed-4cbc-40a8-bf12-19e90b5a9c13.jpg,copied,matched
piemonte/0100457426_AT_Boglione _EDSING_Teggia rurale,AT_Castel Boglione_Edificio singolo_Casa con teggia rurale.pdf,0.original_foto_schede/piemonte/0100457426_AT_Boglione _EDSING_Teggia rurale/AT_Castel Boglione_Edificio singolo_Casa con teggia rurale.pdf,0100457426,9980,3ef1dc21-f9fa-4f24-b02b-5ca7696ba476,3ef1dc21-f9fa-4f24-b02b-5ca7696ba476.png,1.output_png_schede/3ef1dc21-f9fa-4f24-b02b-5ca7696ba476.png,already_exists,5,AT_CASTEL BOGLIONE_edificio singolo_contesto.JPG,0.original_foto_schede/piemonte/0100457426_AT_Boglione _EDSING_Teggia rurale/AT_CASTEL BOGLIONE_edificio singolo_contesto.JPG,3ef1dc21-f9fa-4f24-b02b-5ca7696ba476.jpg,2.output_images_random/3ef1dc21-f9fa-4f24-b02b-5ca7696ba476.jpg,copied,matched
piemonte/0100457828_NO_Castelletto sopra Ticino_EDSING_cascina,NO_Castelletto sopra Ticino_EDSING_cascina.pdf,0.original_foto_schede/piemonte/0100457828_NO_Castelletto sopra Ticino_EDSING_cascina/NO_Castelletto sopra Ticino_EDSING_cascina.pdf,0100457828,8334,26f74cee-0c5a-4896-925e-7ed6877ea66b,26f74cee-0c5a-4896-925e-7ed6877ea66b.png,1.output_png_schede/26f74cee-0c5a-4896-925e-7ed6877ea66b.png,already_exists,5,NO_CastellettoTicino_via_dei_Mulini_prospetto_NordOvest.jpg,0.original_foto_schede/piemonte/0100457828_NO_Castelletto sopra Ticino_EDSING_cascina/NO_CastellettoTicino_via_dei_Mulini_prospetto_NordOvest.jpg,26f74cee-0c5a-4896-925e-7ed6877ea66b.jpg,2.output_images_random/26f74cee-0c5a-4896-925e-7ed6877ea66b.jpg,copied,matched
piemonte/0100458066_CN_Roata Rossi_EDANN_casale_Roata Caporalina,0100458066_CN_Roata Rossi_EDANN_casale Roata Caporalina.pdf,0.original_foto_schede/piemonte/0100458066_CN_Roata Rossi_EDANN_casale_Roata Caporalina/0100458066_CN_Roata Rossi_EDANN_casale Roata Caporalina.pdf,0100458066,10544,ce2045a5-0c1d-48b5-bc6c-56afa11ba785,ce2045a5-0c1d-48b5-bc6c-56afa11ba785.png,1.output_png_schede/ce2045a5-0c1d-48b5-bc6c-56afa11ba785.png,already_exists,4,CN_Cuneo_R.ta Caporalina_PN.JPG,0.original_foto_schede/piemonte/0100458066_CN_Roata Rossi_EDANN_casale_Roata Caporalina/CN_Cuneo_R.ta Caporalina_PN.JPG,ce2045a5-0c1d-48b5-bc6c-56afa11ba785.jpg,2.output_images_random/ce2045a5-0c1d-48b5-bc6c-56afa11ba785.jpg,copied,matched
piemonte/0100458144_TO_Sestriere_EDSING_casa alpina,0100458144_TO_Sestriere_EDSING_casa alpina.pdf,0.original_foto_schede/piemonte/0100458144_TO_Sestriere_EDSING_casa alpina/0100458144_TO_Sestriere_EDSING_casa alpina.pdf,0100458144,10664,b982042d-80a2-4521-b042-cfa099f17580,b982042d-80a2-4521-b042-cfa099f17580.png,1.output_png_schede/b982042d-80a2-4521-b042-cfa099f17580.png,already_exists,11,TO_sestriere_champlas janvier_prospetto sud2.jpg,0.original_foto_schede/piemonte/0100458144_TO_Sestriere_EDSING_casa alpina/TO_sestriere_champlas janvier_prospetto sud2.jpg,b982042d-80a2-4521-b042-cfa099f17580.jpg,2.output_images_random/b982042d-80a2-4521-b042-cfa099f17580.jpg,copied,matched
piemonte/0100458160_TO_Cesana_EDSING_casa alpina,0100458160_TO_Cesana_EDSING_casa alpina.pdf,0.original_foto_schede/piemonte/0100458160_TO_Cesana_EDSING_casa alpina/0100458160_TO_Cesana_EDSING_casa alpina.pdf,0100458160,10799,ff450bbe-79a7-46ab-b105-4a4ece01a3de,ff450bbe-79a7-46ab-b105-4a4ece01a3de.png,1.output_png_schede/ff450bbe-79a7-46ab-b105-4a4ece01a3de.png,already_exists,11,TO_cesana torinese_champlas seguin_prospetto nord.jpg,0.original_foto_schede/piemonte/0100458160_TO_Cesana_EDSING_casa alpina/TO_cesana torinese_champlas seguin_prospetto nord.jpg,ff450bbe-79a7-46ab-b105-4a4ece01a3de.jpg,2.output_images_random/ff450bbe-79a7-46ab-b105-4a4ece01a3de.jpg,copied,matched
piemonte/0100458825_CN_Lagnasco_La Grangia,0100458825_CN_Lagnasco_La Grangia.pdf,0.original_foto_schede/piemonte/0100458825_CN_Lagnasco_La Grangia/0100458825_CN_Lagnasco_La Grangia.pdf,0100458825,11027,b0b5c8c8-6493-4faf-9067-f25ae0b9fa20,b0b5c8c8-6493-4faf-9067-f25ae0b9fa20.png,1.output_png_schede/b0b5c8c8-6493-4faf-9067-f25ae0b9fa20.png,already_exists,0,,,,,no_image,matched
piemonte/0100458907_VB_Macugnaga_EDSING_Museo Casa Walser di Borca,0100458907_VB_Macugnaga_EDSING_Museo Casa Walser di Borca.pdf,0.original_foto_schede/piemonte/0100458907_VB_Macugnaga_EDSING_Museo Casa Walser di Borca/0100458907_VB_Macugnaga_EDSING_Museo Casa Walser di Borca.pdf,0100458907,11214,4fb624f3-0a69-46e9-9003-65063862e780,4fb624f3-0a69-46e9-9003-65063862e780.png,1.output_png_schede/4fb624f3-0a69-46e9-9003-65063862e780.png,already_exists,5,VB_MACUGNAGA_ViaMonteRosa_eidotipo.jpg,0.original_foto_schede/piemonte/0100458907_VB_Macugnaga_EDSING_Museo Casa Walser di Borca/VB_MACUGNAGA_ViaMonteRosa_eidotipo.jpg,4fb624f3-0a69-46e9-9003-65063862e780.jpg,2.output_images_random/4fb624f3-0a69-46e9-9003-65063862e780.jpg,copied,matched
piemonte/0100458927_VB_Macugnaga_EDSING_Casa Walser,0100458927_VB_Macugnaga_EDSING_Casa Walser .pdf,0.original_foto_schede/piemonte/0100458927_VB_Macugnaga_EDSING_Casa Walser/0100458927_VB_Macugnaga_EDSING_Casa Walser .pdf,0100458927,11163,14a7780b-f008-4007-85ec-3bf1ff90efa3,14a7780b-f008-4007-85ec-3bf1ff90efa3.png,1.output_png_schede/14a7780b-f008-4007-85ec-3bf1ff90efa3.png,already_exists,5,VB_MACUGNAGA_Testa_prospetto_sud.JPG,0.original_foto_schede/piemonte/0100458927_VB_Macugnaga_EDSING_Casa Walser/VB_MACUGNAGA_Testa_prospetto_sud.JPG,14a7780b-f008-4007-85ec-3bf1ff90efa3.jpg,2.output_images_random/14a7780b-f008-4007-85ec-3bf1ff90efa3.jpg,copied,matched
piemonte/0100458933_VB_Baceno_Frazione Goglio_EDANN_casa Walser,0100458933_VB_Baceno_Frazione Goglio_EDANN_casa Walser.pdf,0.original_foto_schede/piemonte/0100458933_VB_Baceno_Frazione Goglio_EDANN_casa Walser/0100458933_VB_Baceno_Frazione Goglio_EDANN_casa Walser.pdf,0100458933,11169,3c51f577-1d38-4f82-b6cf-50402bc4dfe3,3c51f577-1d38-4f82-b6cf-50402bc4dfe3.png,1.output_png_schede/3c51f577-1d38-4f82-b6cf-50402bc4dfe3.png,already_exists,5,VB_BACENO_Goglio_abitazione_vista_NordOvest.jpg,0.original_foto_schede/piemonte/0100458933_VB_Baceno_Frazione Goglio_EDANN_casa Walser/VB_BACENO_Goglio_abitazione_vista_NordOvest.jpg,3c51f577-1d38-4f82-b6cf-50402bc4dfe3.jpg,2.output_images_random/3c51f577-1d38-4f82-b6cf-50402bc4dfe3.jpg,copied,matched
piemonte/0100459116_TO_Venaus_EDSING_casa rurale di montagna,TO_Venaus_EDIFICIO SINGOLO_casa rurale di montagna.pdf,0.original_foto_schede/piemonte/0100459116_TO_Venaus_EDSING_casa rurale di montagna/TO_Venaus_EDIFICIO SINGOLO_casa rurale di montagna.pdf,0100459116,35636,7c495b14-44b2-48d8-a1de-5587a861ee7b,7c495b14-44b2-48d8-a1de-5587a861ee7b.png,1.output_png_schede/7c495b14-44b2-48d8-a1de-5587a861ee7b.png,already_exists,11,TO_Venaus_San Martino_prosp_nord.JPG,0.original_foto_schede/piemonte/0100459116_TO_Venaus_EDSING_casa rurale di montagna/TO_Venaus_San Martino_prosp_nord.JPG,7c495b14-44b2-48d8-a1de-5587a861ee7b.jpg,2.output_images_random/7c495b14-44b2-48d8-a1de-5587a861ee7b.jpg,copied,matched
piemonte/0100459129_TO_Mattiè_EDSIG_rurale montagna,0100459129_TO_Mattiè_EDSIG_rurale montagna.pdf,0.original_foto_schede/piemonte/0100459129_TO_Mattiè_EDSIG_rurale montagna/0100459129_TO_Mattiè_EDSIG_rurale montagna.pdf,0100459129,11446,9e8a4d53-d0c4-4645-b239-433ac37df820,9e8a4d53-d0c4-4645-b239-433ac37df820.png,1.output_png_schede/9e8a4d53-d0c4-4645-b239-433ac37df820.png,already_exists,10,TO_Mattie_via Gerardo_prospetto_sudovest.JPG,0.original_foto_schede/piemonte/0100459129_TO_Mattiè_EDSIG_rurale montagna/TO_Mattie_via Gerardo_prospetto_sudovest.JPG,9e8a4d53-d0c4-4645-b239-433ac37df820.jpg,2.output_images_random/9e8a4d53-d0c4-4645-b239-433ac37df820.jpg,copied,matched
piemonte/0100459278_BI_Borriana_COM_cascina a corte chiusa_Cascina Sedime Grande,BI_Borriana_Cascina Sedime Grande.pdf,0.original_foto_schede/piemonte/0100459278_BI_Borriana_COM_cascina a corte chiusa_Cascina Sedime Grande/BI_Borriana_Cascina Sedime Grande.pdf,0100459278,6855,84cca523-bfd1-493c-a5ce-d1f7f12997cc,84cca523-bfd1-493c-a5ce-d1f7f12997cc.png,1.output_png_schede/84cca523-bfd1-493c-a5ce-d1f7f12997cc.png,already_exists,10,BI_BORRIANA_Cascina (3).JPG,0.original_foto_schede/piemonte/0100459278_BI_Borriana_COM_cascina a corte chiusa_Cascina Sedime Grande/BI_BORRIANA_Cascina (3).JPG,84cca523-bfd1-493c-a5ce-d1f7f12997cc.jpg,2.output_images_random/84cca523-bfd1-493c-a5ce-d1f7f12997cc.jpg,copied,matched
piemonte/0100459603_CN_Fossano_cascina corte Aperta_Cascina Teitasso,CN_Fossano_cascina corte Aperta_Cascina Teitasso.pdf,0.original_foto_schede/piemonte/0100459603_CN_Fossano_cascina corte Aperta_Cascina Teitasso/CN_Fossano_cascina corte Aperta_Cascina Teitasso.pdf,0100459603,11813,264aaae0-afe2-445a-9c00-40f99f9a27f1,264aaae0-afe2-445a-9c00-40f99f9a27f1.png,1.output_png_schede/264aaae0-afe2-445a-9c00-40f99f9a27f1.png,already_exists,8,Fossano_cascina Teitasso_pros nord-ovest an.jpg,0.original_foto_schede/piemonte/0100459603_CN_Fossano_cascina corte Aperta_Cascina Teitasso/Fossano_cascina Teitasso_pros nord-ovest an.jpg,264aaae0-afe2-445a-9c00-40f99f9a27f1.jpg,2.output_images_random/264aaae0-afe2-445a-9c00-40f99f9a27f1.jpg,copied,matched
piemonte/0100460953_VC_Santhia_EDANN_cascina_Cascina da Basso,VC_SAnthia_Cascina da Basso.pdf,0.original_foto_schede/piemonte/0100460953_VC_Santhia_EDANN_cascina_Cascina da Basso/VC_SAnthia_Cascina da Basso.pdf,0100460953,1024,d1eab20c-0cf6-4a50-a2cc-2c6f038ce9b5,d1eab20c-0cf6-4a50-a2cc-2c6f038ce9b5.png,1.output_png_schede/d1eab20c-0cf6-4a50-a2cc-2c6f038ce9b5.png,already_exists,4,VC_Santhià_Cascina_da_Basso_angolo_nord.jpg,0.original_foto_schede/piemonte/0100460953_VC_Santhia_EDANN_cascina_Cascina da Basso/VC_Santhià_Cascina_da_Basso_angolo_nord.jpg,d1eab20c-0cf6-4a50-a2cc-2c6f038ce9b5.jpg,2.output_images_random/d1eab20c-0cf6-4a50-a2cc-2c6f038ce9b5.jpg,copied,matched
piemonte/0100461069 _AL_Bosco Marengo_casina corte aperta_cascina S. Michele,"Bosco Marengo_Cascina S. Michele, COM_cascina a corte aperta.pdf","0.original_foto_schede/piemonte/0100461069 _AL_Bosco Marengo_casina corte aperta_cascina S. Michele/Bosco Marengo_Cascina S. Michele, COM_cascina a corte aperta.pdf",0100461069,25635,e3133773-cdc2-4553-b676-257b4fb378e5,e3133773-cdc2-4553-b676-257b4fb378e5.png,1.output_png_schede/e3133773-cdc2-4553-b676-257b4fb378e5.png,already_exists,12,AL_Bosco Marengo_Cascina S. Michele_ortofoto.jpg,0.original_foto_schede/piemonte/0100461069 _AL_Bosco Marengo_casina corte aperta_cascina S. Michele/AL_Bosco Marengo_Cascina S. Michele_ortofoto.jpg,e3133773-cdc2-4553-b676-257b4fb378e5.jpg,2.output_images_random/e3133773-cdc2-4553-b676-257b4fb378e5.jpg,copied,matched
piemonte,0100461070_AL_Frugarolo_La Torre_cascina corte chiusa.pdf,0.original_foto_schede/piemonte/0100461070_AL_Frugarolo_La Torre_cascina corte chiusa.pdf,,,,,,,0,,,,,,error: FileDataError: '0.original_foto_schede/piemonte/0100461070_AL_Frugarolo_La Torre_cascina corte chiusa.pdf' is no file
piemonte/0100461070_AL_Frugarolo_La Torre_cascina corte chiusa.pdf,0100461070_Frugarolo_La Torre_cascina corte chiusa p.66.pdf,0.original_foto_schede/piemonte/0100461070_AL_Frugarolo_La Torre_cascina corte chiusa.pdf/0100461070_Frugarolo_La Torre_cascina corte chiusa p.66.pdf,0100461070,25955,24fc1ab7-3e64-494f-ad15-857814ca3a7d,24fc1ab7-3e64-494f-ad15-857814ca3a7d.png,1.output_png_schede/24fc1ab7-3e64-494f-ad15-857814ca3a7d.png,already_exists,8,AL_Frugarolo_Cascina Torre_contesto.jpg,0.original_foto_schede/piemonte/0100461070_AL_Frugarolo_La Torre_cascina corte chiusa.pdf/AL_Frugarolo_Cascina Torre_contesto.jpg,24fc1ab7-3e64-494f-ad15-857814ca3a7d.jpg,2.output_images_random/24fc1ab7-3e64-494f-ad15-857814ca3a7d.jpg,copied,matched
piemonte/0100462248_VB_Caprezzo_EDSING_cascina,0100462248_VB_Caprezzo_EDSING_cascina.pdf,0.original_foto_schede/piemonte/0100462248_VB_Caprezzo_EDSING_cascina/0100462248_VB_Caprezzo_EDSING_cascina.pdf,0100462248,23266,5c7e2f91-799d-473e-8248-b28c0a38f0ea,5c7e2f91-799d-473e-8248-b28c0a38f0ea.png,1.output_png_schede/5c7e2f91-799d-473e-8248-b28c0a38f0ea.png,already_exists,7,VB_CAPREZZO_ViaValleIntrasca1_prospetto_E.jpg,0.original_foto_schede/piemonte/0100462248_VB_Caprezzo_EDSING_cascina/VB_CAPREZZO_ViaValleIntrasca1_prospetto_E.jpg,5c7e2f91-799d-473e-8248-b28c0a38f0ea.jpg,2.output_images_random/5c7e2f91-799d-473e-8248-b28c0a38f0ea.jpg,copied,matched
piemonte/0100462913_VB_Macugnaga_EDSING_casa Walser,0100462913_VB_Macugnaga_EDSING_casa Walser.pdf,0.original_foto_schede/piemonte/0100462913_VB_Macugnaga_EDSING_casa Walser/0100462913_VB_Macugnaga_EDSING_casa Walser.pdf,0100462913,42155,5a89477f-5a10-4ccd-a196-7fa7fbdbed55,5a89477f-5a10-4ccd-a196-7fa7fbdbed55.png,1.output_png_schede/5a89477f-5a10-4ccd-a196-7fa7fbdbed55.png,already_exists,9,VB_MACUGNAGA_Dorf_vista_generale2.JPG,0.original_foto_schede/piemonte/0100462913_VB_Macugnaga_EDSING_casa Walser/VB_MACUGNAGA_Dorf_vista_generale2.JPG,5a89477f-5a10-4ccd-a196-7fa7fbdbed55.jpg,2.output_images_random/5a89477f-5a10-4ccd-a196-7fa7fbdbed55.jpg,copied,matched
piemonte/0100463128_NO_Cascina corte chiusa_Cascina Scalpellina,0100463128_NO_Scalpellina_cascina corte chiusa.pdf,0.original_foto_schede/piemonte/0100463128_NO_Cascina corte chiusa_Cascina Scalpellina/0100463128_NO_Scalpellina_cascina corte chiusa.pdf,0100463128,26018,87ff8e5d-a567-4fbd-888c-7b8f41109530,87ff8e5d-a567-4fbd-888c-7b8f41109530.png,1.output_png_schede/87ff8e5d-a567-4fbd-888c-7b8f41109530.png,already_exists,7,Novara_Cascina_Scapellina_eidotipo.jpg,0.original_foto_schede/piemonte/0100463128_NO_Cascina corte chiusa_Cascina Scalpellina/Novara_Cascina_Scapellina_eidotipo.jpg,87ff8e5d-a567-4fbd-888c-7b8f41109530.jpg,2.output_images_random/87ff8e5d-a567-4fbd-888c-7b8f41109530.jpg,copied,matched
puglia/1600390360_TA_Massafra_complesso_masseria,download (13).pdf,0.original_foto_schede/puglia/1600390360_TA_Massafra_complesso_masseria/download (13).pdf,,,,,,,0,,,,,,no_matching_iccd_code
puglia/1600390369_TA_Mottola_edificio singolo_casino,download (14).pdf,0.original_foto_schede/puglia/1600390369_TA_Mottola_edificio singolo_casino/download (14).pdf,1600390369,8436,426052aa-4f02-431f-b507-dbe38b0e9137,426052aa-4f02-431f-b507-dbe38b0e9137.png,1.output_png_schede/426052aa-4f02-431f-b507-dbe38b0e9137.png,already_exists,6,TA_Mottola_Casino_foto di contesto.jpg,0.original_foto_schede/puglia/1600390369_TA_Mottola_edificio singolo_casino/TA_Mottola_Casino_foto di contesto.jpg,426052aa-4f02-431f-b507-dbe38b0e9137.jpg,2.output_images_random/426052aa-4f02-431f-b507-dbe38b0e9137.jpg,copied,matched
puglia/1600390460_Manfredonia_FG_edificio con annessi,download (13).pdf,0.original_foto_schede/puglia/1600390460_Manfredonia_FG_edificio con annessi/download (13).pdf,1600390460,8511,216708f3-e659-4373-9b29-5a4fbaa9b002,216708f3-e659-4373-9b29-5a4fbaa9b002.png,1.output_png_schede/216708f3-e659-4373-9b29-5a4fbaa9b002.png,already_exists,11,Contesto (1).JPG,0.original_foto_schede/puglia/1600390460_Manfredonia_FG_edificio con annessi/Contesto (1).JPG,216708f3-e659-4373-9b29-5a4fbaa9b002.jpg,2.output_images_random/216708f3-e659-4373-9b29-5a4fbaa9b002.jpg,copied,matched
puglia/1600390564_Manfredonia_FG_edificio con annessi,download (13).pdf,0.original_foto_schede/puglia/1600390564_Manfredonia_FG_edificio con annessi/download (13).pdf,1600390564,8646,cb817635-3e4f-4e0d-9f7d-f89ee23fce30,cb817635-3e4f-4e0d-9f7d-f89ee23fce30.png,1.output_png_schede/cb817635-3e4f-4e0d-9f7d-f89ee23fce30.png,already_exists,10,Prospetto ovest.JPG,0.original_foto_schede/puglia/1600390564_Manfredonia_FG_edificio con annessi/Prospetto ovest.JPG,cb817635-3e4f-4e0d-9f7d-f89ee23fce30.jpg,2.output_images_random/cb817635-3e4f-4e0d-9f7d-f89ee23fce30.jpg,copied,matched
puglia/1600390717_TA_Mottola_edificio singolo_lamia,download (13).pdf,0.original_foto_schede/puglia/1600390717_TA_Mottola_edificio singolo_lamia/download (13).pdf,1600390717,8755,09c65d5b-8a95-49d5-a645-ede008a2c152,09c65d5b-8a95-49d5-a645-ede008a2c152.png,1.output_png_schede/09c65d5b-8a95-49d5-a645-ede008a2c152.png,already_exists,7,TA_Mottola_lamione con annesso_eidotipo.jpg,0.original_foto_schede/puglia/1600390717_TA_Mottola_edificio singolo_lamia/TA_Mottola_lamione con annesso_eidotipo.jpg,09c65d5b-8a95-49d5-a645-ede008a2c152.jpg,2.output_images_random/09c65d5b-8a95-49d5-a645-ede008a2c152.jpg,copied,matched
puglia/1600390770_BR_Ceglie Messapica_edificio singolo_trullo,BR_Ceglie Messapica_Edificio singolo_stralcio ortofoto.pdf,0.original_foto_schede/puglia/1600390770_BR_Ceglie Messapica_edificio singolo_trullo/BR_Ceglie Messapica_Edificio singolo_stralcio ortofoto.pdf,,,,,,,0,,,,,,no_matching_iccd_code
puglia/1600390784_BA_Gravina in Puglia_complesso_masseria,download (13).pdf,0.original_foto_schede/puglia/1600390784_BA_Gravina in Puglia_complesso_masseria/download (13).pdf,1600390784,8844,14ff4360-aa20-4d2a-921b-b0f86e119771,14ff4360-aa20-4d2a-921b-b0f86e119771.png,1.output_png_schede/14ff4360-aa20-4d2a-921b-b0f86e119771.png,already_exists,5,3.JPG,0.original_foto_schede/puglia/1600390784_BA_Gravina in Puglia_complesso_masseria/3.JPG,14ff4360-aa20-4d2a-921b-b0f86e119771.jpg,2.output_images_random/14ff4360-aa20-4d2a-921b-b0f86e119771.jpg,copied,matched
puglia/1600392082_BR_Francavilla Fontana_edificio singolo_trullo,BR_Francavilla Fontana_edificio singolo_stralcio ortofoto.pdf,0.original_foto_schede/puglia/1600392082_BR_Francavilla Fontana_edificio singolo_trullo/BR_Francavilla Fontana_edificio singolo_stralcio ortofoto.pdf,,,,,,,0,,,,,,no_matching_iccd_code
puglia/1600392176_Cerignola_FG_edificio con annessi,download (13).pdf,0.original_foto_schede/puglia/1600392176_Cerignola_FG_edificio con annessi/download (13).pdf,1600392176,9014,f083655b-b103-4b6a-9710-026afbfec499,f083655b-b103-4b6a-9710-026afbfec499.png,1.output_png_schede/f083655b-b103-4b6a-9710-026afbfec499.png,already_exists,9,Prospetto sud-ovest.JPG,0.original_foto_schede/puglia/1600392176_Cerignola_FG_edificio con annessi/Prospetto sud-ovest.JPG,f083655b-b103-4b6a-9710-026afbfec499.jpg,2.output_images_random/f083655b-b103-4b6a-9710-026afbfec499.jpg,copied,matched
puglia/1600392202_BA_Altamura_complesso_masseria a corte,download (13).pdf,0.original_foto_schede/puglia/1600392202_BA_Altamura_complesso_masseria a corte/download (13).pdf,1600392202,9147,6dc2713a-2bdf-4565-977b-620fbf916751,6dc2713a-2bdf-4565-977b-620fbf916751.png,1.output_png_schede/6dc2713a-2bdf-4565-977b-620fbf916751.png,already_exists,5,4.JPG,0.original_foto_schede/puglia/1600392202_BA_Altamura_complesso_masseria a corte/4.JPG,6dc2713a-2bdf-4565-977b-620fbf916751.jpg,2.output_images_random/6dc2713a-2bdf-4565-977b-620fbf916751.jpg,copied,matched
puglia/1600392206_BA_Altamura_complesso_masseria,download (13).pdf,0.original_foto_schede/puglia/1600392206_BA_Altamura_complesso_masseria/download (13).pdf,1600392206,9151,7294b34d-752f-4bad-8806-118469997aa3,7294b34d-752f-4bad-8806-118469997aa3.png,1.output_png_schede/7294b34d-752f-4bad-8806-118469997aa3.png,already_exists,4,1.JPG,0.original_foto_schede/puglia/1600392206_BA_Altamura_complesso_masseria/1.JPG,7294b34d-752f-4bad-8806-118469997aa3.jpg,2.output_images_random/7294b34d-752f-4bad-8806-118469997aa3.jpg,copied,matched
puglia/1600395345_Orta Nova_FG_edificio con annessi,download (13).pdf,0.original_foto_schede/puglia/1600395345_Orta Nova_FG_edificio con annessi/download (13).pdf,1600395345,7933,f9587a59-447d-4231-a724-3dc2aedcaf64,f9587a59-447d-4231-a724-3dc2aedcaf64.png,1.output_png_schede/f9587a59-447d-4231-a724-3dc2aedcaf64.png,already_exists,9,Vista dalla strada.JPG,0.original_foto_schede/puglia/1600395345_Orta Nova_FG_edificio con annessi/Vista dalla strada.JPG,f9587a59-447d-4231-a724-3dc2aedcaf64.jpg,2.output_images_random/f9587a59-447d-4231-a724-3dc2aedcaf64.jpg,copied,matched
puglia/1600395349_BR_S. Michele Salentino_complesso_casa edifici separati,BR_San Michele Salentino_Casa a edifici separati_stralcio ortofoto.pdf,0.original_foto_schede/puglia/1600395349_BR_S. Michele Salentino_complesso_casa edifici separati/BR_San Michele Salentino_Casa a edifici separati_stralcio ortofoto.pdf,,,,,,,0,,,,,,no_matching_iccd_code
puglia/1600395500_S.Giovanni Rotondo_FG_edificio con annessi,download (13).pdf,0.original_foto_schede/puglia/1600395500_S.Giovanni Rotondo_FG_edificio con annessi/download (13).pdf,1600395500,24315,ba9abce3-0e8d-4ec6-b972-6b0e5cbbdd5a,ba9abce3-0e8d-4ec6-b972-6b0e5cbbdd5a.png,1.output_png_schede/ba9abce3-0e8d-4ec6-b972-6b0e5cbbdd5a.png,already_exists,8,Ed.1_prospetto sud.JPG,0.original_foto_schede/puglia/1600395500_S.Giovanni Rotondo_FG_edificio con annessi/Ed.1_prospetto sud.JPG,ba9abce3-0e8d-4ec6-b972-6b0e5cbbdd5a.jpg,2.output_images_random/ba9abce3-0e8d-4ec6-b972-6b0e5cbbdd5a.jpg,copied,matched
puglia/1600395514_BA_Adelfia_edificio singolo_casolare,BA_Adelfia_Edificio singolo_stralcio ortofoto.pdf,0.original_foto_schede/puglia/1600395514_BA_Adelfia_edificio singolo_casolare/BA_Adelfia_Edificio singolo_stralcio ortofoto.pdf,,,,,,,0,,,,,,no_matching_iccd_code
puglia/1600402672_BA_Conversano_complesso_masseria,download (14).pdf,0.original_foto_schede/puglia/1600402672_BA_Conversano_complesso_masseria/download (14).pdf,1600402672,24259,30a1ac31-b90c-4bb7-a875-ab3b12f82f09,30a1ac31-b90c-4bb7-a875-ab3b12f82f09.png,1.output_png_schede/30a1ac31-b90c-4bb7-a875-ab3b12f82f09.png,already_exists,12,BA_Conversano_MasseriaMontaltino_prospettoNE (2).jpg,0.original_foto_schede/puglia/1600402672_BA_Conversano_complesso_masseria/BA_Conversano_MasseriaMontaltino_prospettoNE (2).jpg,30a1ac31-b90c-4bb7-a875-ab3b12f82f09.jpg,2.output_images_random/30a1ac31-b90c-4bb7-a875-ab3b12f82f09.jpg,copied,matched
puglia/1600402755_BA_Sannicandro di Bari_edificio singolo_casolare,BA_Sannicandro di Bari_Edificio singolo_stralcio ortofoto.pdf,0.original_foto_schede/puglia/1600402755_BA_Sannicandro di Bari_edificio singolo_casolare/BA_Sannicandro di Bari_Edificio singolo_stralcio ortofoto.pdf,,,,,,,0,,,,,,no_matching_iccd_code
puglia/1600402922_BA_Acquaviva delle Fonti_complesso_masseria a corte,BA_Acquaviva delle Fonti_Masseria Grande di San Domenico_stralcio ortofoto.pdf,0.original_foto_schede/puglia/1600402922_BA_Acquaviva delle Fonti_complesso_masseria a corte/BA_Acquaviva delle Fonti_Masseria Grande di San Domenico_stralcio ortofoto.pdf,,,,,,,0,,,,,,no_matching_iccd_code
puglia/1600403013_BT_Spinazzola_edificio singolo_stazzo,download (13).pdf,0.original_foto_schede/puglia/1600403013_BT_Spinazzola_edificio singolo_stazzo/download (13).pdf,1600403013,31040,52e80d0a-c2be-4179-bc3f-195c66346b80,52e80d0a-c2be-4179-bc3f-195c66346b80.png,1.output_png_schede/52e80d0a-c2be-4179-bc3f-195c66346b80.png,already_exists,4,2.JPG,0.original_foto_schede/puglia/1600403013_BT_Spinazzola_edificio singolo_stazzo/2.JPG,52e80d0a-c2be-4179-bc3f-195c66346b80.jpg,2.output_images_random/52e80d0a-c2be-4179-bc3f-195c66346b80.jpg,copied,matched
puglia/1600403144_BA_Locorotondo_edificio singolo_trullo,download (13).pdf,0.original_foto_schede/puglia/1600403144_BA_Locorotondo_edificio singolo_trullo/download (13).pdf,1600403144,30102,bbfe4d1c-4dd6-4d9f-80a5-6273120320f4,bbfe4d1c-4dd6-4d9f-80a5-6273120320f4.png,1.output_png_schede/bbfe4d1c-4dd6-4d9f-80a5-6273120320f4.png,already_exists,6,BA_Locorotondo_Via Giulio Cesare Evola_ edificio singolo_Trullo_ prospetto nord e prospetto est.jpg,0.original_foto_schede/puglia/1600403144_BA_Locorotondo_edificio singolo_trullo/BA_Locorotondo_Via Giulio Cesare Evola_ edificio singolo_Trullo_ prospetto nord e prospetto est.jpg,bbfe4d1c-4dd6-4d9f-80a5-6273120320f4.jpg,2.output_images_random/bbfe4d1c-4dd6-4d9f-80a5-6273120320f4.jpg,copied,matched
puglia/1600404063_BA_Rutigliano_complesso_masseria con torre,download (13).pdf,0.original_foto_schede/puglia/1600404063_BA_Rutigliano_complesso_masseria con torre/download (13).pdf,1600404063,37866,c6fc1c30-a88a-4dff-98e1-c4c46c97828b,c6fc1c30-a88a-4dff-98e1-c4c46c97828b.png,1.output_png_schede/c6fc1c30-a88a-4dff-98e1-c4c46c97828b.png,already_exists,8,BA_Rutigliano_MasseriaS.Martino_CanalizzazioneAcqueStalla.jpg,0.original_foto_schede/puglia/1600404063_BA_Rutigliano_complesso_masseria con torre/BA_Rutigliano_MasseriaS.Martino_CanalizzazioneAcqueStalla.jpg,c6fc1c30-a88a-4dff-98e1-c4c46c97828b.jpg,2.output_images_random/c6fc1c30-a88a-4dff-98e1-c4c46c97828b.jpg,copied,matched
puglia/1600404125_FG_Ordona_complesso_masseria,download (13).pdf,0.original_foto_schede/puglia/1600404125_FG_Ordona_complesso_masseria/download (13).pdf,1600404125,40793,b57fb1a1-e58e-4268-b6ef-4c83da97d74d,b57fb1a1-e58e-4268-b6ef-4c83da97d74d.png,1.output_png_schede/b57fb1a1-e58e-4268-b6ef-4c83da97d74d.png,already_exists,11,FG_Ordona_Marchitto_scala_esterna.jpg,0.original_foto_schede/puglia/1600404125_FG_Ordona_complesso_masseria/FG_Ordona_Marchitto_scala_esterna.jpg,b57fb1a1-e58e-4268-b6ef-4c83da97d74d.jpg,2.output_images_random/b57fb1a1-e58e-4268-b6ef-4c83da97d74d.jpg,copied,matched
puglia/1600404138_FG_Ascoli Satriano_complesso_insediamento rurale,download (13).pdf,0.original_foto_schede/puglia/1600404138_FG_Ascoli Satriano_complesso_insediamento rurale/download (13).pdf,1600404138,39464,559c06ea-79a7-4769-8933-d5da50668dea,559c06ea-79a7-4769-8933-d5da50668dea.png,1.output_png_schede/559c06ea-79a7-4769-8933-d5da50668dea.png,already_exists,14,FG_Ascoli_Vassallo_casone_prospetto_laterale_est.jpg,0.original_foto_schede/puglia/1600404138_FG_Ascoli Satriano_complesso_insediamento rurale/FG_Ascoli_Vassallo_casone_prospetto_laterale_est.jpg,559c06ea-79a7-4769-8933-d5da50668dea.jpg,2.output_images_random/559c06ea-79a7-4769-8933-d5da50668dea.jpg,copied,matched
puglia/1600404212_BT_Minervino Murge_edificio singolo_stazzo,download (6).pdf,0.original_foto_schede/puglia/1600404212_BT_Minervino Murge_edificio singolo_stazzo/download (6).pdf,1600404212,41478,31b8f4c7-4d62-4a00-9abc-1c3f270a1637,31b8f4c7-4d62-4a00-9abc-1c3f270a1637.png,1.output_png_schede/31b8f4c7-4d62-4a00-9abc-1c3f270a1637.png,already_exists,4,1.JPG,0.original_foto_schede/puglia/1600404212_BT_Minervino Murge_edificio singolo_stazzo/1.JPG,31b8f4c7-4d62-4a00-9abc-1c3f270a1637.jpg,2.output_images_random/31b8f4c7-4d62-4a00-9abc-1c3f270a1637.jpg,copied,matched
puglia/1600404402_BA_Putignano_edificio con annessi_trullo,download (13).pdf,0.original_foto_schede/puglia/1600404402_BA_Putignano_edificio con annessi_trullo/download (13).pdf,1600404402,40027,6ddde6ea-193d-4860-931e-9b396d590c23,6ddde6ea-193d-4860-931e-9b396d590c23.png,1.output_png_schede/6ddde6ea-193d-4860-931e-9b396d590c23.png,already_exists,5,BA_Putignano_TrulliS.C.Corcione_prospettoEst.jpg,0.original_foto_schede/puglia/1600404402_BA_Putignano_edificio con annessi_trullo/BA_Putignano_TrulliS.C.Corcione_prospettoEst.jpg,6ddde6ea-193d-4860-931e-9b396d590c23.jpg,2.output_images_random/6ddde6ea-193d-4860-931e-9b396d590c23.jpg,copied,matched
puglia/1600404405_BA_Castellana Grotte_complesso_masseria a corte,download (13).pdf,0.original_foto_schede/puglia/1600404405_BA_Castellana Grotte_complesso_masseria a corte/download (13).pdf,1600404405,42989,bd5cc795-5465-43a3-b491-04adeb030a6d,bd5cc795-5465-43a3-b491-04adeb030a6d.png,1.output_png_schede/bd5cc795-5465-43a3-b491-04adeb030a6d.png,already_exists,8,BA_Castellana_MasseriaACorte_ProspettoOvest.jpg,0.original_foto_schede/puglia/1600404405_BA_Castellana Grotte_complesso_masseria a corte/BA_Castellana_MasseriaACorte_ProspettoOvest.jpg,bd5cc795-5465-43a3-b491-04adeb030a6d.jpg,2.output_images_random/bd5cc795-5465-43a3-b491-04adeb030a6d.jpg,copied,matched
puglia/1600404409_BA_Turi_complesso_masseria fortificata a corte,download (13).pdf,0.original_foto_schede/puglia/1600404409_BA_Turi_complesso_masseria fortificata a corte/download (13).pdf,1600404409,41602,75b27192-4b7e-41ba-b837-cbed796604e2,75b27192-4b7e-41ba-b837-cbed796604e2.png,1.output_png_schede/75b27192-4b7e-41ba-b837-cbed796604e2.png,already_exists,7,BA_Turi_MasseriaLaDifesaVecchia_ParticolareComignolo.jpg,0.original_foto_schede/puglia/1600404409_BA_Turi_complesso_masseria fortificata a corte/BA_Turi_MasseriaLaDifesaVecchia_ParticolareComignolo.jpg,75b27192-4b7e-41ba-b837-cbed796604e2.jpg,2.output_images_random/75b27192-4b7e-41ba-b837-cbed796604e2.jpg,copied,matched
puglia/1600404413_BA_Putignano_complesso_masseria a corte,download (13).pdf,0.original_foto_schede/puglia/1600404413_BA_Putignano_complesso_masseria a corte/download (13).pdf,1600404413,40181,cbbf76bc-e179-4ce7-8647-1f7f6d97ae24,cbbf76bc-e179-4ce7-8647-1f7f6d97ae24.png,1.output_png_schede/cbbf76bc-e179-4ce7-8647-1f7f6d97ae24.png,already_exists,5,BA_Putignano_MasseriaScaglione_prospettoNE.jpg,0.original_foto_schede/puglia/1600404413_BA_Putignano_complesso_masseria a corte/BA_Putignano_MasseriaScaglione_prospettoNE.jpg,cbbf76bc-e179-4ce7-8647-1f7f6d97ae24.jpg,2.output_images_random/cbbf76bc-e179-4ce7-8647-1f7f6d97ae24.jpg,copied,matched
"sardegna/Abbasanta (OR)_ loc. Cunzau Nou_EDIFICIO CON ANNESSI, dimora stagionale con recinto_2000252930",download.pdf,"0.original_foto_schede/sardegna/Abbasanta (OR)_ loc. Cunzau Nou_EDIFICIO CON ANNESSI, dimora stagionale con recinto_2000252930/download.pdf",2000252930,42538,036eb456-54ba-4155-9fec-99a26d9a8aaf,036eb456-54ba-4155-9fec-99a26d9a8aaf.png,1.output_png_schede/036eb456-54ba-4155-9fec-99a26d9a8aaf.png,already_exists,7,OR_Abbasanta_locConzauNou_07_zenitale.jpg,"0.original_foto_schede/sardegna/Abbasanta (OR)_ loc. Cunzau Nou_EDIFICIO CON ANNESSI, dimora stagionale con recinto_2000252930/OR_Abbasanta_locConzauNou_07_zenitale.jpg",036eb456-54ba-4155-9fec-99a26d9a8aaf.jpg,2.output_images_random/036eb456-54ba-4155-9fec-99a26d9a8aaf.jpg,copied,matched
"sardegna/Atzara (NU)_ Via Sant_Antioco 67_EDIFICIO CON ANNESSI, casa a corte chiusa_2000252735",download.pdf,"0.original_foto_schede/sardegna/Atzara (NU)_ Via Sant_Antioco 67_EDIFICIO CON ANNESSI, casa a corte chiusa_2000252735/download.pdf",2000252735,204,83b268bc-a75c-4a68-b05b-0516681afe30,83b268bc-a75c-4a68-b05b-0516681afe30.png,1.output_png_schede/83b268bc-a75c-4a68-b05b-0516681afe30.png,already_exists,11,NU_Atzara_viaSantAntioco67_01_Contesto.jpg,"0.original_foto_schede/sardegna/Atzara (NU)_ Via Sant_Antioco 67_EDIFICIO CON ANNESSI, casa a corte chiusa_2000252735/NU_Atzara_viaSantAntioco67_01_Contesto.jpg",83b268bc-a75c-4a68-b05b-0516681afe30.jpg,2.output_images_random/83b268bc-a75c-4a68-b05b-0516681afe30.jpg,copied,matched
"sardegna/Banari (SS)_ Via Sassari, snc_EDIFICIO SINGOLO, capanna a tholos-pinnetta_2000253192",download.pdf,"0.original_foto_schede/sardegna/Banari (SS)_ Via Sassari, snc_EDIFICIO SINGOLO, capanna a tholos-pinnetta_2000253192/download.pdf",2000253192,43214,b28985ec-48c0-42d5-b474-96b797ee78c3,b28985ec-48c0-42d5-b474-96b797ee78c3.png,1.output_png_schede/b28985ec-48c0-42d5-b474-96b797ee78c3.png,already_exists,5,SS_Banari_Pinnetta17_02_Eidotipo.jpg,"0.original_foto_schede/sardegna/Banari (SS)_ Via Sassari, snc_EDIFICIO SINGOLO, capanna a tholos-pinnetta_2000253192/SS_Banari_Pinnetta17_02_Eidotipo.jpg",b28985ec-48c0-42d5-b474-96b797ee78c3.jpg,2.output_images_random/b28985ec-48c0-42d5-b474-96b797ee78c3.jpg,copied,matched
"sardegna/Flussio (OR)_ Vico Nazionale 2_EDIFICIO SINGOLO, casa a corte chiusa_2000252533",download.pdf,"0.original_foto_schede/sardegna/Flussio (OR)_ Vico Nazionale 2_EDIFICIO SINGOLO, casa a corte chiusa_2000252533/download.pdf",2000252533,33515,53befdb8-7e33-47ab-b26c-b1dadf69f1ed,53befdb8-7e33-47ab-b26c-b1dadf69f1ed.png,1.output_png_schede/53befdb8-7e33-47ab-b26c-b1dadf69f1ed.png,already_exists,6,OR_Flussio_vicoNazionale2_02_Eidotipo.jpg,"0.original_foto_schede/sardegna/Flussio (OR)_ Vico Nazionale 2_EDIFICIO SINGOLO, casa a corte chiusa_2000252533/OR_Flussio_vicoNazionale2_02_Eidotipo.jpg",53befdb8-7e33-47ab-b26c-b1dadf69f1ed.jpg,2.output_images_random/53befdb8-7e33-47ab-b26c-b1dadf69f1ed.jpg,copied,matched
sardegna/Ghilarza (OR)_ SP24_EDIFICIO SINGOLO_nuraghe_2000250386,download.pdf,0.original_foto_schede/sardegna/Ghilarza (OR)_ SP24_EDIFICIO SINGOLO_nuraghe_2000250386/download.pdf,2000250386,6257,c7ebfc27-ac20-4612-8fde-1e7f1604c501,c7ebfc27-ac20-4612-8fde-1e7f1604c501.png,1.output_png_schede/c7ebfc27-ac20-4612-8fde-1e7f1604c501.png,already_exists,5,OR_Ghilarza_Nuraghe Orgono_Prospetto SE.png,0.original_foto_schede/sardegna/Ghilarza (OR)_ SP24_EDIFICIO SINGOLO_nuraghe_2000250386/OR_Ghilarza_Nuraghe Orgono_Prospetto SE.png,c7ebfc27-ac20-4612-8fde-1e7f1604c501.png,2.output_images_random/c7ebfc27-ac20-4612-8fde-1e7f1604c501.png,copied,matched
"sardegna/Morgongiori (OR)_ Via Chiesa 43_EDIFICIO CON ANNESSI, casa a corte chiusa_2000252572",download.pdf,"0.original_foto_schede/sardegna/Morgongiori (OR)_ Via Chiesa 43_EDIFICIO CON ANNESSI, casa a corte chiusa_2000252572/download.pdf",2000252572,36664,33980324-a905-4730-9de9-c2d7292f3041,33980324-a905-4730-9de9-c2d7292f3041.png,1.output_png_schede/33980324-a905-4730-9de9-c2d7292f3041.png,already_exists,7,OR_Morgongiori_viaChiesa43_05_Prospetto_O.jpg,"0.original_foto_schede/sardegna/Morgongiori (OR)_ Via Chiesa 43_EDIFICIO CON ANNESSI, casa a corte chiusa_2000252572/OR_Morgongiori_viaChiesa43_05_Prospetto_O.jpg",33980324-a905-4730-9de9-c2d7292f3041.jpg,2.output_images_random/33980324-a905-4730-9de9-c2d7292f3041.jpg,copied,matched
"sardegna/Narbolia (OR)_ Vico Mariano 9_EDIFICIO SINGOLO, casa a corte chiusa_2000252660",download.pdf,"0.original_foto_schede/sardegna/Narbolia (OR)_ Vico Mariano 9_EDIFICIO SINGOLO, casa a corte chiusa_2000252660/download.pdf",2000252660,35355,20033d70-dc34-412d-acd4-63f59d1f47fd,20033d70-dc34-412d-acd4-63f59d1f47fd.png,1.output_png_schede/20033d70-dc34-412d-acd4-63f59d1f47fd.png,already_exists,6,OR_Narbolia_vicoMariano9-2_Prospetto_E-N.jpg,"0.original_foto_schede/sardegna/Narbolia (OR)_ Vico Mariano 9_EDIFICIO SINGOLO, casa a corte chiusa_2000252660/OR_Narbolia_vicoMariano9-2_Prospetto_E-N.jpg",20033d70-dc34-412d-acd4-63f59d1f47fd.jpg,2.output_images_random/20033d70-dc34-412d-acd4-63f59d1f47fd.jpg,copied,matched
"sardegna/Padria (SS)_ EDIFICIO SINGOLO, stazzo_2000252806",download.pdf,"0.original_foto_schede/sardegna/Padria (SS)_ EDIFICIO SINGOLO, stazzo_2000252806/download.pdf",2000252806,40253,482924b8-90a4-4bd2-a8b0-71b9319178ce,482924b8-90a4-4bd2-a8b0-71b9319178ce.png,1.output_png_schede/482924b8-90a4-4bd2-a8b0-71b9319178ce.png,already_exists,7,SS_Padria_Rifugio01_06_Prospetto_S.jpg,"0.original_foto_schede/sardegna/Padria (SS)_ EDIFICIO SINGOLO, stazzo_2000252806/SS_Padria_Rifugio01_06_Prospetto_S.jpg",482924b8-90a4-4bd2-a8b0-71b9319178ce.jpg,2.output_images_random/482924b8-90a4-4bd2-a8b0-71b9319178ce.jpg,copied,matched
"sardegna/Romana (SS)_EDIFICIO SINGOLO, capanna a tholos-pinnetta_2000253268",download.pdf,"0.original_foto_schede/sardegna/Romana (SS)_EDIFICIO SINGOLO, capanna a tholos-pinnetta_2000253268/download.pdf",2000253268,38488,2db5e657-6e25-442f-9cc4-937a447f3e23,2db5e657-6e25-442f-9cc4-937a447f3e23.png,1.output_png_schede/2db5e657-6e25-442f-9cc4-937a447f3e23.png,already_exists,5,SS_Romana_Pinnetta12_02_eidotipo.jpg,"0.original_foto_schede/sardegna/Romana (SS)_EDIFICIO SINGOLO, capanna a tholos-pinnetta_2000253268/SS_Romana_Pinnetta12_02_eidotipo.jpg",2db5e657-6e25-442f-9cc4-937a447f3e23.jpg,2.output_images_random/2db5e657-6e25-442f-9cc4-937a447f3e23.jpg,copied,matched
sardegna/Seneghe (OR)_ Via Pippia 2_EDIFICIO SINGOLO_casa a corte chiusa_2000252766,download.pdf,0.original_foto_schede/sardegna/Seneghe (OR)_ Via Pippia 2_EDIFICIO SINGOLO_casa a corte chiusa_2000252766/download.pdf,2000252766,3977,fd18ccb7-5dc5-4b77-b303-f0b2f9caa292,fd18ccb7-5dc5-4b77-b303-f0b2f9caa292.png,1.output_png_schede/fd18ccb7-5dc5-4b77-b303-f0b2f9caa292.png,already_exists,6,OR_Seneghe_viaPippia2-4_Prospetto_NO.jpg,0.original_foto_schede/sardegna/Seneghe (OR)_ Via Pippia 2_EDIFICIO SINGOLO_casa a corte chiusa_2000252766/OR_Seneghe_viaPippia2-4_Prospetto_NO.jpg,fd18ccb7-5dc5-4b77-b303-f0b2f9caa292.jpg,2.output_images_random/fd18ccb7-5dc5-4b77-b303-f0b2f9caa292.jpg,copied,matched
"sardegna/Sindia (NU)_ Corso Umberto 96_EDIFICIO CON ANNESSI, casa a corte chiusa_2000252796",download.pdf,"0.original_foto_schede/sardegna/Sindia (NU)_ Corso Umberto 96_EDIFICIO CON ANNESSI, casa a corte chiusa_2000252796/download.pdf",,,,,,,0,,,,,,no_matching_iccd_code
"sardegna/Sindia (NU)_ Vico Caprera 2_EDIFICIO SINGOLO, casa a corte chiusa_2000252970",download.pdf,"0.original_foto_schede/sardegna/Sindia (NU)_ Vico Caprera 2_EDIFICIO SINGOLO, casa a corte chiusa_2000252970/download.pdf",2000252970,40528,4c61e522-4905-4e02-886f-a2eca48d3de4,4c61e522-4905-4e02-886f-a2eca48d3de4.png,1.output_png_schede/4c61e522-4905-4e02-886f-a2eca48d3de4.png,already_exists,5,NU_Sindia_VicoCaprera2_Prospetto_Sud_Ovest.jpg,"0.original_foto_schede/sardegna/Sindia (NU)_ Vico Caprera 2_EDIFICIO SINGOLO, casa a corte chiusa_2000252970/NU_Sindia_VicoCaprera2_Prospetto_Sud_Ovest.jpg",4c61e522-4905-4e02-886f-a2eca48d3de4.jpg,2.output_images_random/4c61e522-4905-4e02-886f-a2eca48d3de4.jpg,copied,matched
"sardegna/Tortolì (NU)_ Via Aspromonte 7_EDIFICIO CON ANNESSI, casa_2000252869",download.pdf,"0.original_foto_schede/sardegna/Tortolì (NU)_ Via Aspromonte 7_EDIFICIO CON ANNESSI, casa_2000252869/download.pdf",2000252869,40041,76fe01af-1d43-4dcb-bab2-b2c499e60965,76fe01af-1d43-4dcb-bab2-b2c499e60965.png,1.output_png_schede/76fe01af-1d43-4dcb-bab2-b2c499e60965.png,already_exists,8,NU_Tortoli_viaAspromonte5-7_03_Prospetto_NO.jpg,"0.original_foto_schede/sardegna/Tortolì (NU)_ Via Aspromonte 7_EDIFICIO CON ANNESSI, casa_2000252869/NU_Tortoli_viaAspromonte5-7_03_Prospetto_NO.jpg",76fe01af-1d43-4dcb-bab2-b2c499e60965.jpg,2.output_images_random/76fe01af-1d43-4dcb-bab2-b2c499e60965.jpg,copied,matched
"sardegna/Villaputzu (SU)_ Piazza Sant_Antonio 16a-16b_EDIFICIO SINGOLO, casa a corte chiusa_2000252308",download.pdf,"0.original_foto_schede/sardegna/Villaputzu (SU)_ Piazza Sant_Antonio 16a-16b_EDIFICIO SINGOLO, casa a corte chiusa_2000252308/download.pdf",2000252308,35725,9918cdc0-7ce1-49d8-bc64-d5c52eea9cef,9918cdc0-7ce1-49d8-bc64-d5c52eea9cef.png,1.output_png_schede/9918cdc0-7ce1-49d8-bc64-d5c52eea9cef.png,already_exists,8,SU_Villaputzu_piazzaSantAntonio16a-16b_09_Prospetto_O-N-2.jpg,"0.original_foto_schede/sardegna/Villaputzu (SU)_ Piazza Sant_Antonio 16a-16b_EDIFICIO SINGOLO, casa a corte chiusa_2000252308/SU_Villaputzu_piazzaSantAntonio16a-16b_09_Prospetto_O-N-2.jpg",9918cdc0-7ce1-49d8-bc64-d5c52eea9cef.jpg,2.output_images_random/9918cdc0-7ce1-49d8-bc64-d5c52eea9cef.jpg,copied,matched
sicilia/1900387959_TP_Pantelleria_complesso_dammuso,download (13).pdf,0.original_foto_schede/sicilia/1900387959_TP_Pantelleria_complesso_dammuso/download (13).pdf,1900387959,35301,11116fd9-3270-4110-8fee-37b705e6389b,11116fd9-3270-4110-8fee-37b705e6389b.png,1.output_png_schede/11116fd9-3270-4110-8fee-37b705e6389b.png,already_exists,5,TP_Pantelleria_Attalora_prospetto sud annesso.jpg,0.original_foto_schede/sicilia/1900387959_TP_Pantelleria_complesso_dammuso/TP_Pantelleria_Attalora_prospetto sud annesso.jpg,11116fd9-3270-4110-8fee-37b705e6389b.jpg,2.output_images_random/11116fd9-3270-4110-8fee-37b705e6389b.jpg,copied,matched
sicilia/1900388007_CT_S.Maria in Licodia_edificio con annessi_casa,download (13).pdf,0.original_foto_schede/sicilia/1900388007_CT_S.Maria in Licodia_edificio con annessi_casa/download (13).pdf,1900388007,8081,e30af73a-b1b1-4008-83ce-83099f0bd8b0,e30af73a-b1b1-4008-83ce-83099f0bd8b0.png,1.output_png_schede/e30af73a-b1b1-4008-83ce-83099f0bd8b0.png,already_exists,5,CT_S.MariadiLicodia_prospettosud.JPG,0.original_foto_schede/sicilia/1900388007_CT_S.Maria in Licodia_edificio con annessi_casa/CT_S.MariadiLicodia_prospettosud.JPG,e30af73a-b1b1-4008-83ce-83099f0bd8b0.jpg,2.output_images_random/e30af73a-b1b1-4008-83ce-83099f0bd8b0.jpg,copied,matched
sicilia/1900425108_RG_Modica_complesso_masseria,download (13).pdf,0.original_foto_schede/sicilia/1900425108_RG_Modica_complesso_masseria/download (13).pdf,1900425108,31503,f69efa2e-f3a5-4035-8ebb-6a23d358c42b,f69efa2e-f3a5-4035-8ebb-6a23d358c42b.png,1.output_png_schede/f69efa2e-f3a5-4035-8ebb-6a23d358c42b.png,already_exists,5,Vista_sud-ovest .jpg,0.original_foto_schede/sicilia/1900425108_RG_Modica_complesso_masseria/Vista_sud-ovest .jpg,f69efa2e-f3a5-4035-8ebb-6a23d358c42b.jpg,2.output_images_random/f69efa2e-f3a5-4035-8ebb-6a23d358c42b.jpg,copied,matched
sicilia/1900425344_RG_Modica_complesso_masseria,download (13).pdf,0.original_foto_schede/sicilia/1900425344_RG_Modica_complesso_masseria/download (13).pdf,1900425344,30348,8e811e01-777c-4ba0-9920-94ebf8aa22ca,8e811e01-777c-4ba0-9920-94ebf8aa22ca.png,1.output_png_schede/8e811e01-777c-4ba0-9920-94ebf8aa22ca.png,already_exists,8,RG_Modica_complesso_contesto.jpg,0.original_foto_schede/sicilia/1900425344_RG_Modica_complesso_masseria/RG_Modica_complesso_contesto.jpg,8e811e01-777c-4ba0-9920-94ebf8aa22ca.jpg,2.output_images_random/8e811e01-777c-4ba0-9920-94ebf8aa22ca.jpg,copied,matched
sicilia/1900425394_AG_Sciacca_complesso_baglio,download (13).pdf,0.original_foto_schede/sicilia/1900425394_AG_Sciacca_complesso_baglio/download (13).pdf,,,,,,,0,,,,,,no_matching_iccd_code
sicilia/1900426565_TP_Pantelleria_complesso_dammuso,download (13).pdf,0.original_foto_schede/sicilia/1900426565_TP_Pantelleria_complesso_dammuso/download (13).pdf,1900426565,40319,e44c03ea-ea29-4207-8e0b-be7fd9b7185f,e44c03ea-ea29-4207-8e0b-be7fd9b7185f.png,1.output_png_schede/e44c03ea-ea29-4207-8e0b-be7fd9b7185f.png,already_exists,6,TP_Pantelleria_Zza Maria Gatuzza_cisterne.jpg,0.original_foto_schede/sicilia/1900426565_TP_Pantelleria_complesso_dammuso/TP_Pantelleria_Zza Maria Gatuzza_cisterne.jpg,e44c03ea-ea29-4207-8e0b-be7fd9b7185f.jpg,2.output_images_random/e44c03ea-ea29-4207-8e0b-be7fd9b7185f.jpg,copied,matched
sicilia/1900426569_TP_Pantelleria_edificio singolo_dammuso,download (13).pdf,0.original_foto_schede/sicilia/1900426569_TP_Pantelleria_edificio singolo_dammuso/download (13).pdf,1900426569,41425,e1f4f488-64e5-4358-9446-e04cc79da6fd,e1f4f488-64e5-4358-9446-e04cc79da6fd.png,1.output_png_schede/e1f4f488-64e5-4358-9446-e04cc79da6fd.png,already_exists,5,TP_Pantelleria_Dammuso Venerina_prospetto ovest.jpg,0.original_foto_schede/sicilia/1900426569_TP_Pantelleria_edificio singolo_dammuso/TP_Pantelleria_Dammuso Venerina_prospetto ovest.jpg,e1f4f488-64e5-4358-9446-e04cc79da6fd.jpg,2.output_images_random/e1f4f488-64e5-4358-9446-e04cc79da6fd.jpg,copied,matched
sicilia/1900426741_TP_Calatafimi_complesso_baglio,download (14).pdf,0.original_foto_schede/sicilia/1900426741_TP_Calatafimi_complesso_baglio/download (14).pdf,1900426741,43847,d6b9a4ee-0565-4c63-8a98-c5c18549081e,d6b9a4ee-0565-4c63-8a98-c5c18549081e.png,1.output_png_schede/d6b9a4ee-0565-4c63-8a98-c5c18549081e.png,already_exists,6,TP_CalatafimiSegesta_baglio_contesto.JPG,0.original_foto_schede/sicilia/1900426741_TP_Calatafimi_complesso_baglio/TP_CalatafimiSegesta_baglio_contesto.JPG,d6b9a4ee-0565-4c63-8a98-c5c18549081e.jpg,2.output_images_random/d6b9a4ee-0565-4c63-8a98-c5c18549081e.jpg,copied,matched
sicilia/1900426766_TP_Pantelleria_complesso_dammuso,download (13).pdf,0.original_foto_schede/sicilia/1900426766_TP_Pantelleria_complesso_dammuso/download (13).pdf,1900426766,43837,a8bdca43-3ddb-418f-ac34-42df35b9dce0,a8bdca43-3ddb-418f-ac34-42df35b9dce0.png,1.output_png_schede/a8bdca43-3ddb-418f-ac34-42df35b9dce0.png,already_exists,6,TP_Pantelleria_Nicolosi Dami_stradella di accesso.jpg,0.original_foto_schede/sicilia/1900426766_TP_Pantelleria_complesso_dammuso/TP_Pantelleria_Nicolosi Dami_stradella di accesso.jpg,a8bdca43-3ddb-418f-ac34-42df35b9dce0.jpg,2.output_images_random/a8bdca43-3ddb-418f-ac34-42df35b9dce0.jpg,copied,matched
sicilia/1900426819_TP_Pantelleria_complesso_dammuso,download (13).pdf,0.original_foto_schede/sicilia/1900426819_TP_Pantelleria_complesso_dammuso/download (13).pdf,1900426819,43799,f2c71519-c76d-42fb-8afe-f7544f45f184,f2c71519-c76d-42fb-8afe-f7544f45f184.png,1.output_png_schede/f2c71519-c76d-42fb-8afe-f7544f45f184.png,already_exists,5,TP_Pantelleria_casa Attalora_eidotipo.jpg,0.original_foto_schede/sicilia/1900426819_TP_Pantelleria_complesso_dammuso/TP_Pantelleria_casa Attalora_eidotipo.jpg,f2c71519-c76d-42fb-8afe-f7544f45f184.jpg,2.output_images_random/f2c71519-c76d-42fb-8afe-f7544f45f184.jpg,copied,matched
sicilia/1900426821_TP_Pantelleria_complesso_dammuso,download (13).pdf,0.original_foto_schede/sicilia/1900426821_TP_Pantelleria_complesso_dammuso/download (13).pdf,1900426821,41135,512b1d2b-aad7-483a-bb70-f5bbfcfaf562,512b1d2b-aad7-483a-bb70-f5bbfcfaf562.png,1.output_png_schede/512b1d2b-aad7-483a-bb70-f5bbfcfaf562.png,already_exists,6,TP_Pantelleria_casa Errera_Sibà_eidotipo.jpg,0.original_foto_schede/sicilia/1900426821_TP_Pantelleria_complesso_dammuso/TP_Pantelleria_casa Errera_Sibà_eidotipo.jpg,512b1d2b-aad7-483a-bb70-f5bbfcfaf562.jpg,2.output_images_random/512b1d2b-aad7-483a-bb70-f5bbfcfaf562.jpg,copied,matched
sicilia/1900426823_TP_Pantelleria_complesso_dammuso,download (13).pdf,0.original_foto_schede/sicilia/1900426823_TP_Pantelleria_complesso_dammuso/download (13).pdf,1900426823,31109,4d188656-e812-45f4-9dbb-ee6e84ae578e,4d188656-e812-45f4-9dbb-ee6e84ae578e.png,1.output_png_schede/4d188656-e812-45f4-9dbb-ee6e84ae578e.png,already_exists,6,TP_Pantelleria_Di Fonso_particolare giardino.jpg,0.original_foto_schede/sicilia/1900426823_TP_Pantelleria_complesso_dammuso/TP_Pantelleria_Di Fonso_particolare giardino.jpg,4d188656-e812-45f4-9dbb-ee6e84ae578e.jpg,2.output_images_random/4d188656-e812-45f4-9dbb-ee6e84ae578e.jpg,copied,matched
sicilia/1900427199_CT_Castiglione di Sicilia_edificio con annessi_villa,download (13).pdf,0.original_foto_schede/sicilia/1900427199_CT_Castiglione di Sicilia_edificio con annessi_villa/download (13).pdf,1900427199,42114,820e69ba-797f-464c-b9e2-aa330dbeb484,820e69ba-797f-464c-b9e2-aa330dbeb484.png,1.output_png_schede/820e69ba-797f-464c-b9e2-aa330dbeb484.png,already_exists,5,CT_120_Castiglione_di_Sicilia_eidotipo.jpg,0.original_foto_schede/sicilia/1900427199_CT_Castiglione di Sicilia_edificio con annessi_villa/CT_120_Castiglione_di_Sicilia_eidotipo.jpg,820e69ba-797f-464c-b9e2-aa330dbeb484.jpg,2.output_images_random/820e69ba-797f-464c-b9e2-aa330dbeb484.jpg,copied,matched
"toscana/Peccioli (PI)_ Strada com.le di Bandonica, PODERE S. SEBASTIANO_casa con bigattiera",download.pdf,"0.original_foto_schede/toscana/Peccioli (PI)_ Strada com.le di Bandonica, PODERE S. SEBASTIANO_casa con bigattiera/download.pdf",0901450312,21000,7de09aba-259e-4316-ab22-020466fb19bc,7de09aba-259e-4316-ab22-020466fb19bc.png,1.output_png_schede/7de09aba-259e-4316-ab22-020466fb19bc.png,already_exists,9,PI_PECCIOLI_SAN SEBASTIANO_ED1_NORD.JPG,"0.original_foto_schede/toscana/Peccioli (PI)_ Strada com.le di Bandonica, PODERE S. SEBASTIANO_casa con bigattiera/PI_PECCIOLI_SAN SEBASTIANO_ED1_NORD.JPG",7de09aba-259e-4316-ab22-020466fb19bc.jpg,2.output_images_random/7de09aba-259e-4316-ab22-020466fb19bc.jpg,copied,matched
"toscana/Peccioli (PI)_ Via Comunale di Celli, PODERE LA CASCINA_EDIFICIO CON ANNESSI_casolare",download.pdf,"0.original_foto_schede/toscana/Peccioli (PI)_ Via Comunale di Celli, PODERE LA CASCINA_EDIFICIO CON ANNESSI_casolare/download.pdf",0901450317,21073,cd2d4972-2c32-41a2-915f-a1a86a08098c,cd2d4972-2c32-41a2-915f-a1a86a08098c.png,1.output_png_schede/cd2d4972-2c32-41a2-915f-a1a86a08098c.png,already_exists,11,PI_PECCIOLI_LA CASCINA_SEDIME_.jpg,"0.original_foto_schede/toscana/Peccioli (PI)_ Via Comunale di Celli, PODERE LA CASCINA_EDIFICIO CON ANNESSI_casolare/PI_PECCIOLI_LA CASCINA_SEDIME_.jpg",cd2d4972-2c32-41a2-915f-a1a86a08098c.jpg,2.output_images_random/cd2d4972-2c32-41a2-915f-a1a86a08098c.jpg,copied,matched
"toscana/Rignano sull_Arno (FI)_ Via del Focardo 52_ED.SING., casolare_0901454312",download.pdf,"0.original_foto_schede/toscana/Rignano sull_Arno (FI)_ Via del Focardo 52_ED.SING., casolare_0901454312/download.pdf",0901454312,17737,513e6733-c155-4095-8b9a-33c4bf130945,513e6733-c155-4095-8b9a-33c4bf130945.png,1.output_png_schede/513e6733-c155-4095-8b9a-33c4bf130945.png,already_exists,5,FI_RIGNANO_COLLEPRIMO_eidotipo.jpg,"0.original_foto_schede/toscana/Rignano sull_Arno (FI)_ Via del Focardo 52_ED.SING., casolare_0901454312/FI_RIGNANO_COLLEPRIMO_eidotipo.jpg",513e6733-c155-4095-8b9a-33c4bf130945.jpg,2.output_images_random/513e6733-c155-4095-8b9a-33c4bf130945.jpg,copied,matched
toscana/Scansano (GR)_ SP 159_EDIFICIO SINGOLO_casone,download.pdf,0.original_foto_schede/toscana/Scansano (GR)_ SP 159_EDIFICIO SINGOLO_casone/download.pdf,0901454090,26201,c96030c4-e718-418b-a8dc-7cf0f6c287e0,c96030c4-e718-418b-a8dc-7cf0f6c287e0.png,1.output_png_schede/c96030c4-e718-418b-a8dc-7cf0f6c287e0.png,already_exists,4,Facciata_NE-SE.jpeg,0.original_foto_schede/toscana/Scansano (GR)_ SP 159_EDIFICIO SINGOLO_casone/Facciata_NE-SE.jpeg,c96030c4-e718-418b-a8dc-7cf0f6c287e0.jpg,2.output_images_random/c96030c4-e718-418b-a8dc-7cf0f6c287e0.jpg,copied,matched
toscana/Suvereto (LI)_ Localita_ Poggetto Masino_EDIFICIO SINGOLO_cascina,download.pdf,0.original_foto_schede/toscana/Suvereto (LI)_ Localita_ Poggetto Masino_EDIFICIO SINGOLO_cascina/download.pdf,0901469006,41122,e231ac22-fd08-453f-bef3-c1b51345eb42,e231ac22-fd08-453f-bef3-c1b51345eb42.png,1.output_png_schede/e231ac22-fd08-453f-bef3-c1b51345eb42.png,already_exists,6,Facciata_SE.jpg,0.original_foto_schede/toscana/Suvereto (LI)_ Localita_ Poggetto Masino_EDIFICIO SINGOLO_cascina/Facciata_SE.jpg,e231ac22-fd08-453f-bef3-c1b51345eb42.jpg,2.output_images_random/e231ac22-fd08-453f-bef3-c1b51345eb42.jpg,copied,matched
toscana/Torrita di Siena (SI)_ Via di Ciliano 13_EDIFICIO SINGOLO_casolare,download.pdf,0.original_foto_schede/toscana/Torrita di Siena (SI)_ Via di Ciliano 13_EDIFICIO SINGOLO_casolare/download.pdf,0901454185,427,c49af15e-50a8-410a-80b5-5c54d3e3f08e,c49af15e-50a8-410a-80b5-5c54d3e3f08e.png,1.output_png_schede/c49af15e-50a8-410a-80b5-5c54d3e3f08e.png,already_exists,4,Eidotipo.jpg,0.original_foto_schede/toscana/Torrita di Siena (SI)_ Via di Ciliano 13_EDIFICIO SINGOLO_casolare/Eidotipo.jpg,c49af15e-50a8-410a-80b5-5c54d3e3f08e.jpg,2.output_images_random/c49af15e-50a8-410a-80b5-5c54d3e3f08e.jpg,copied,matched
toscana/Vaglia (FI)_ Via Bolognese 2921_EDIFICIO CON ANNESSI_casa a padiglione,download.pdf,0.original_foto_schede/toscana/Vaglia (FI)_ Via Bolognese 2921_EDIFICIO CON ANNESSI_casa a padiglione/download.pdf,0901454229,32071,a4252e0d-561f-483b-bdf5-f24967ecb155,a4252e0d-561f-483b-bdf5-f24967ecb155.png,1.output_png_schede/a4252e0d-561f-483b-bdf5-f24967ecb155.png,already_exists,7,FI_vaglia_via bolognese 2921_contesto.jpeg,0.original_foto_schede/toscana/Vaglia (FI)_ Via Bolognese 2921_EDIFICIO CON ANNESSI_casa a padiglione/FI_vaglia_via bolognese 2921_contesto.jpeg,a4252e0d-561f-483b-bdf5-f24967ecb155.jpg,2.output_images_random/a4252e0d-561f-483b-bdf5-f24967ecb155.jpg,copied,matched
trentino/curon01,curon01.pdf,0.original_foto_schede/trentino/curon01/curon01.pdf,0400619552,3718,554bb976-4488-4064-b6fa-b5f91c1063d9,554bb976-4488-4064-b6fa-b5f91c1063d9.png,1.output_png_schede/554bb976-4488-4064-b6fa-b5f91c1063d9.png,already_exists,6,fbd22f61-4bf7-4dfc-9cfd-157cdbdc3fc2.jpg,0.original_foto_schede/trentino/curon01/fbd22f61-4bf7-4dfc-9cfd-157cdbdc3fc2.jpg,554bb976-4488-4064-b6fa-b5f91c1063d9.jpg,2.output_images_random/554bb976-4488-4064-b6fa-b5f91c1063d9.jpg,copied,matched
trentino/curon02,curon02.pdf,0.original_foto_schede/trentino/curon02/curon02.pdf,0400619553,3728,3e6cc735-51b1-46aa-825e-56bbaa69f5f0,3e6cc735-51b1-46aa-825e-56bbaa69f5f0.png,1.output_png_schede/3e6cc735-51b1-46aa-825e-56bbaa69f5f0.png,already_exists,5,d92c1fa8-077d-4262-b141-368fc16848bd.jpg,0.original_foto_schede/trentino/curon02/d92c1fa8-077d-4262-b141-368fc16848bd.jpg,3e6cc735-51b1-46aa-825e-56bbaa69f5f0.jpg,2.output_images_random/3e6cc735-51b1-46aa-825e-56bbaa69f5f0.jpg,copied,matched
trentino/funes01,funes01.pdf,0.original_foto_schede/trentino/funes01/funes01.pdf,0400619055,25204,a6d7393d-e059-4512-ae62-704de8090d43,a6d7393d-e059-4512-ae62-704de8090d43.png,1.output_png_schede/a6d7393d-e059-4512-ae62-704de8090d43.png,already_exists,5,6c56a642-2860-4400-ac45-c7d0c8f0cad7.jpeg,0.original_foto_schede/trentino/funes01/6c56a642-2860-4400-ac45-c7d0c8f0cad7.jpeg,a6d7393d-e059-4512-ae62-704de8090d43.jpg,2.output_images_random/a6d7393d-e059-4512-ae62-704de8090d43.jpg,copied,matched
trentino/Gais01,gais.pdf,0.original_foto_schede/trentino/Gais01/gais.pdf,0400619120,410,863fca31-1150-42c0-bd79-6927f5eca859,863fca31-1150-42c0-bd79-6927f5eca859.png,1.output_png_schede/863fca31-1150-42c0-bd79-6927f5eca859.png,already_exists,3,4a851899-6d42-40e6-b167-bfa209eda41f.jpg,0.original_foto_schede/trentino/Gais01/4a851899-6d42-40e6-b167-bfa209eda41f.jpg,863fca31-1150-42c0-bd79-6927f5eca859.jpg,2.output_images_random/863fca31-1150-42c0-bd79-6927f5eca859.jpg,copied,matched
trentino/maso01,maso01.pdf,0.original_foto_schede/trentino/maso01/maso01.pdf,0400619517,21835,3353da4e-1c65-4dbc-b189-1b6cb6f3383e,3353da4e-1c65-4dbc-b189-1b6cb6f3383e.png,1.output_png_schede/3353da4e-1c65-4dbc-b189-1b6cb6f3383e.png,already_exists,11,fba20807-1774-4e96-bb4f-85eb746b9ea7.JPG,0.original_foto_schede/trentino/maso01/fba20807-1774-4e96-bb4f-85eb746b9ea7.JPG,3353da4e-1c65-4dbc-b189-1b6cb6f3383e.jpg,2.output_images_random/3353da4e-1c65-4dbc-b189-1b6cb6f3383e.jpg,copied,matched
trentino/maso02,maso02.pdf,0.original_foto_schede/trentino/maso02/maso02.pdf,0400619166,657,c7417bfe-5eb8-4265-b439-7e3f55afee77,c7417bfe-5eb8-4265-b439-7e3f55afee77.png,1.output_png_schede/c7417bfe-5eb8-4265-b439-7e3f55afee77.png,already_exists,4,89b32cc7-147a-4ebd-8c22-9eff7acb7073.jpg,0.original_foto_schede/trentino/maso02/89b32cc7-147a-4ebd-8c22-9eff7acb7073.jpg,c7417bfe-5eb8-4265-b439-7e3f55afee77.jpg,2.output_images_random/c7417bfe-5eb8-4265-b439-7e3f55afee77.jpg,copied,matched
trentino/palu01,palu.pdf,0.original_foto_schede/trentino/palu01/palu.pdf,0400620662,35454,83d96095-6b04-410c-903c-79b635d4a315,83d96095-6b04-410c-903c-79b635d4a315.png,1.output_png_schede/83d96095-6b04-410c-903c-79b635d4a315.png,already_exists,4,426d8dba-5799-4912-9cad-7d186581a940.jpg,0.original_foto_schede/trentino/palu01/426d8dba-5799-4912-9cad-7d186581a940.jpg,83d96095-6b04-410c-903c-79b635d4a315.jpg,2.output_images_random/83d96095-6b04-410c-903c-79b635d4a315.jpg,copied,matched
umbria/1000228587_Collazzone_EDANN_scala seterna_S.Donato1,1000228587_Collazzone_EDANN_scala seterna_S.Donato1.pdf,0.original_foto_schede/umbria/1000228587_Collazzone_EDANN_scala seterna_S.Donato1/1000228587_Collazzone_EDANN_scala seterna_S.Donato1.pdf,1000228587,2193,515ccbf6-c86a-481d-b3f1-5878e1d56f8e,515ccbf6-c86a-481d-b3f1-5878e1d56f8e.png,1.output_png_schede/515ccbf6-c86a-481d-b3f1-5878e1d56f8e.png,already_exists,6,PG_Collazione_San Donato_I_Annesso.JPG,0.original_foto_schede/umbria/1000228587_Collazzone_EDANN_scala seterna_S.Donato1/PG_Collazione_San Donato_I_Annesso.JPG,515ccbf6-c86a-481d-b3f1-5878e1d56f8e.jpg,2.output_images_random/515ccbf6-c86a-481d-b3f1-5878e1d56f8e.jpg,copied,matched
umbria/1000228590_Collazzone_EDANN_scala esterna_coperta_Ponticelli,1000228590_Collazzone_EDANN_scala esterna_coperta_Ponticelli.pdf,0.original_foto_schede/umbria/1000228590_Collazzone_EDANN_scala esterna_coperta_Ponticelli/1000228590_Collazzone_EDANN_scala esterna_coperta_Ponticelli.pdf,1000228590,2196,343eb433-0359-4ee3-8774-80d722bc5a0a,343eb433-0359-4ee3-8774-80d722bc5a0a.png,1.output_png_schede/343eb433-0359-4ee3-8774-80d722bc5a0a.png,already_exists,6,PG_Collazione_Casa_Ponticelli_Prospetto_Nord.JPG,0.original_foto_schede/umbria/1000228590_Collazzone_EDANN_scala esterna_coperta_Ponticelli/PG_Collazione_Casa_Ponticelli_Prospetto_Nord.JPG,343eb433-0359-4ee3-8774-80d722bc5a0a.jpg,2.output_images_random/343eb433-0359-4ee3-8774-80d722bc5a0a.jpg,copied,matched
umbria/1000228595_Giano dell_Umbria_EDSIN_casale_S.Felice,1000228595_Giano dell_Umbria_EDSIN_casale_S.Felice.pdf,0.original_foto_schede/umbria/1000228595_Giano dell_Umbria_EDSIN_casale_S.Felice/1000228595_Giano dell_Umbria_EDSIN_casale_S.Felice.pdf,1000228595,2199,df12cee0-08ee-4e54-8704-c11e2b0650be,df12cee0-08ee-4e54-8704-c11e2b0650be.png,1.output_png_schede/df12cee0-08ee-4e54-8704-c11e2b0650be.png,already_exists,5,PG_Giano_dell_Umbria_Casa_San_Felice_Prospetto_Ovest.JPG,0.original_foto_schede/umbria/1000228595_Giano dell_Umbria_EDSIN_casale_S.Felice/PG_Giano_dell_Umbria_Casa_San_Felice_Prospetto_Ovest.JPG,df12cee0-08ee-4e54-8704-c11e2b0650be.jpg,2.output_images_random/df12cee0-08ee-4e54-8704-c11e2b0650be.jpg,copied,matched
umbria/1000228599_Giano dell_Umbria_EDANN_scala esterna testata_Baiollo,1000228599_Giano dell_Umbria_EDANN_scala esterna_Baiollo.pdf,0.original_foto_schede/umbria/1000228599_Giano dell_Umbria_EDANN_scala esterna testata_Baiollo/1000228599_Giano dell_Umbria_EDANN_scala esterna_Baiollo.pdf,,,,,,,0,,,,,,no_matching_iccd_code
umbria/1000228661_TR_Avigliano Umbro_EDANN_padiglione,1000228661_EDANN_padiglione.pdf,0.original_foto_schede/umbria/1000228661_TR_Avigliano Umbro_EDANN_padiglione/1000228661_EDANN_padiglione.pdf,1000228661,6054,3f05f86a-4a1e-48ee-b884-0bcaff4512c2,3f05f86a-4a1e-48ee-b884-0bcaff4512c2.png,1.output_png_schede/3f05f86a-4a1e-48ee-b884-0bcaff4512c2.png,already_exists,10,TR_Avigliano Umbro_C_Piana_I_contesto.jpg,0.original_foto_schede/umbria/1000228661_TR_Avigliano Umbro_EDANN_padiglione/TR_Avigliano Umbro_C_Piana_I_contesto.jpg,3f05f86a-4a1e-48ee-b884-0bcaff4512c2.jpg,2.output_images_random/3f05f86a-4a1e-48ee-b884-0bcaff4512c2.jpg,copied,matched
umbria/1000228730_Castiglione Lago_COM_Corte rurale aperta,Collelungo_COM_corte rurale aperta.pdf,0.original_foto_schede/umbria/1000228730_Castiglione Lago_COM_Corte rurale aperta/Collelungo_COM_corte rurale aperta.pdf,1000228730,26068,f14a8eac-61cb-461b-a99d-8e59bfac223b,f14a8eac-61cb-461b-a99d-8e59bfac223b.png,1.output_png_schede/f14a8eac-61cb-461b-a99d-8e59bfac223b.png,already_exists,9,PG_Castiglion_del_Lago_Collelungo_Abitazione_01_Prospetto_Nord_Est.JPG,0.original_foto_schede/umbria/1000228730_Castiglione Lago_COM_Corte rurale aperta/PG_Castiglion_del_Lago_Collelungo_Abitazione_01_Prospetto_Nord_Est.JPG,f14a8eac-61cb-461b-a99d-8e59bfac223b.jpg,2.output_images_random/f14a8eac-61cb-461b-a99d-8e59bfac223b.jpg,copied,matched
umbria/1000228747_Todi_scala esterna_Casa Mandreola,1000228747_Todi_scala esterna_Casa Mandreola.pdf,0.original_foto_schede/umbria/1000228747_Todi_scala esterna_Casa Mandreola/1000228747_Todi_scala esterna_Casa Mandreola.pdf,1000228747,6083,f089a27d-3359-4b76-bc80-6fb29fe5516e,f089a27d-3359-4b76-bc80-6fb29fe5516e.png,1.output_png_schede/f089a27d-3359-4b76-bc80-6fb29fe5516e.png,already_exists,5,PG_Todi_Casa_Mandreoli_Prospetto_Est (1).JPG,0.original_foto_schede/umbria/1000228747_Todi_scala esterna_Casa Mandreola/PG_Todi_Casa_Mandreoli_Prospetto_Est (1).JPG,f089a27d-3359-4b76-bc80-6fb29fe5516e.jpg,2.output_images_random/f089a27d-3359-4b76-bc80-6fb29fe5516e.jpg,copied,matched
umbria/1000228779_TR_Avigliano Umbro_EDSING_scala esterna,Avigliano Umbro_EDSING_scala esterna.pdf,0.original_foto_schede/umbria/1000228779_TR_Avigliano Umbro_EDSING_scala esterna/Avigliano Umbro_EDSING_scala esterna.pdf,1000228779,6104,5aa2239b-19c4-42b4-b42d-208ac42d79a4,5aa2239b-19c4-42b4-b42d-208ac42d79a4.png,1.output_png_schede/5aa2239b-19c4-42b4-b42d-208ac42d79a4.png,already_exists,5,TR_Avigliano_C_Pescara_Angolo NE.jpg,0.original_foto_schede/umbria/1000228779_TR_Avigliano Umbro_EDSING_scala esterna/TR_Avigliano_C_Pescara_Angolo NE.jpg,5aa2239b-19c4-42b4-b42d-208ac42d79a4.jpg,2.output_images_random/5aa2239b-19c4-42b4-b42d-208ac42d79a4.jpg,copied,matched
umbria/1000229028_Gualdo Tadino_EDSING_scala esterna_Col di Golfo,1000229028_Gualdo Tadino_EDSING_scala esterna_Col di Golfo.pdf,0.original_foto_schede/umbria/1000229028_Gualdo Tadino_EDSING_scala esterna_Col di Golfo/1000229028_Gualdo Tadino_EDSING_scala esterna_Col di Golfo.pdf,1000229028,3713,6b8482d8-3ab9-42e2-8051-106d3514abe6,6b8482d8-3ab9-42e2-8051-106d3514abe6.png,1.output_png_schede/6b8482d8-3ab9-42e2-8051-106d3514abe6.png,already_exists,12,PG_Gualdo_Tadino_Col_di_Golfo_Abitazione_01_Prospetto_Nord_Est.JPG,0.original_foto_schede/umbria/1000229028_Gualdo Tadino_EDSING_scala esterna_Col di Golfo/PG_Gualdo_Tadino_Col_di_Golfo_Abitazione_01_Prospetto_Nord_Est.JPG,6b8482d8-3ab9-42e2-8051-106d3514abe6.jpg,2.output_images_random/6b8482d8-3ab9-42e2-8051-106d3514abe6.jpg,copied,matched
umbria/1000229043_Fossato di Vico_EDANN_casale_Fornace,1000229043_Fossato di Vico_EDANN_casale_Fornace.pdf,0.original_foto_schede/umbria/1000229043_Fossato di Vico_EDANN_casale_Fornace/1000229043_Fossato di Vico_EDANN_casale_Fornace.pdf,1000229043,5922,1404af67-0424-48c0-a693-7378663fa09b,1404af67-0424-48c0-a693-7378663fa09b.png,1.output_png_schede/1404af67-0424-48c0-a693-7378663fa09b.png,already_exists,12,PG_Fossato_di_Vico_Casa_Fornace_Contesto.JPG,0.original_foto_schede/umbria/1000229043_Fossato di Vico_EDANN_casale_Fornace/PG_Fossato_di_Vico_Casa_Fornace_Contesto.JPG,1404af67-0424-48c0-a693-7378663fa09b.jpg,2.output_images_random/1404af67-0424-48c0-a693-7378663fa09b.jpg,copied,matched
umbria/1000229118_Montegabbione_EDANN_scalaesterna,Casa Vecchia_EDANN_casa a scala esterna.pdf,0.original_foto_schede/umbria/1000229118_Montegabbione_EDANN_scalaesterna/Casa Vecchia_EDANN_casa a scala esterna.pdf,1000229118,11942,64dd18d9-fe08-4151-a8b9-ac49cee5a71f,64dd18d9-fe08-4151-a8b9-ac49cee5a71f.png,1.output_png_schede/64dd18d9-fe08-4151-a8b9-ac49cee5a71f.png,already_exists,9,TR_Montegabbione_C_Vecchia_ortofoto.JPG,0.original_foto_schede/umbria/1000229118_Montegabbione_EDANN_scalaesterna/TR_Montegabbione_C_Vecchia_ortofoto.JPG,64dd18d9-fe08-4151-a8b9-ac49cee5a71f.jpg,2.output_images_random/64dd18d9-fe08-4151-a8b9-ac49cee5a71f.jpg,copied,matched
umbria/1000229201_Scheggia a Pascelupo_EDSING_scala esterna_Forca Lupara,1000229201_Scheggia a Pascelupo_EDSING_scala esterna_Forca Lupara.pdf,0.original_foto_schede/umbria/1000229201_Scheggia a Pascelupo_EDSING_scala esterna_Forca Lupara/1000229201_Scheggia a Pascelupo_EDSING_scala esterna_Forca Lupara.pdf,1000229201,21318,7940f33c-992c-4764-8029-c35de508987f,7940f33c-992c-4764-8029-c35de508987f.png,1.output_png_schede/7940f33c-992c-4764-8029-c35de508987f.png,already_exists,21,PG_SCHEGGIA_FORCALUPARA_Prospetto_Est.JPG,0.original_foto_schede/umbria/1000229201_Scheggia a Pascelupo_EDSING_scala esterna_Forca Lupara/PG_SCHEGGIA_FORCALUPARA_Prospetto_Est.JPG,7940f33c-992c-4764-8029-c35de508987f.jpg,2.output_images_random/7940f33c-992c-4764-8029-c35de508987f.jpg,copied,matched
umbria/1000229203_Sigillo_EDSING_scala esterna_S.Maria,1000229203_Sigillo_EDSING_scala esterna_S.Maria.pdf,0.original_foto_schede/umbria/1000229203_Sigillo_EDSING_scala esterna_S.Maria/1000229203_Sigillo_EDSING_scala esterna_S.Maria.pdf,1000229203,1625,91191664-e7bb-4a8d-ad0e-d6e56cde829b,91191664-e7bb-4a8d-ad0e-d6e56cde829b.png,1.output_png_schede/91191664-e7bb-4a8d-ad0e-d6e56cde829b.png,already_exists,9,PG_SIGILLO_CASA S.MARIA_Scala esterna.JPG,0.original_foto_schede/umbria/1000229203_Sigillo_EDSING_scala esterna_S.Maria/PG_SIGILLO_CASA S.MARIA_Scala esterna.JPG,91191664-e7bb-4a8d-ad0e-d6e56cde829b.jpg,2.output_images_random/91191664-e7bb-4a8d-ad0e-d6e56cde829b.jpg,copied,matched
umbria/1000229226_Gubbio_EDING_scala esterna_Val di Sasso,1000229226_Gubbio_EDING_scala esterna_Val di Sasso.pdf,0.original_foto_schede/umbria/1000229226_Gubbio_EDING_scala esterna_Val di Sasso/1000229226_Gubbio_EDING_scala esterna_Val di Sasso.pdf,,,,,,,0,,,,,,no_matching_iccd_code
umbria/1000229244_Gubbio_EDANN_scala estrna_Ponte di ferro,1000229244_Gubbio_EDANN_scala estrna_Ponte di ferro.pdf,0.original_foto_schede/umbria/1000229244_Gubbio_EDANN_scala estrna_Ponte di ferro/1000229244_Gubbio_EDANN_scala estrna_Ponte di ferro.pdf,1000229244,8089,0092caaa-f4cc-4c17-8bc5-e20cbe059637,0092caaa-f4cc-4c17-8bc5-e20cbe059637.png,1.output_png_schede/0092caaa-f4cc-4c17-8bc5-e20cbe059637.png,already_exists,8,PG_GUBBIO_CASA_PONTE_DI_FERRO_Prospetto_Nord_Ovest.JPG,0.original_foto_schede/umbria/1000229244_Gubbio_EDANN_scala estrna_Ponte di ferro/PG_GUBBIO_CASA_PONTE_DI_FERRO_Prospetto_Nord_Ovest.JPG,0092caaa-f4cc-4c17-8bc5-e20cbe059637.jpg,2.output_images_random/0092caaa-f4cc-4c17-8bc5-e20cbe059637.jpg,copied,matched
umbria/1000229273_Spello_EDANN_scala esterna_Trinita,1000229273_Spello_EDANN_scala esterna_Trinita.pdf,0.original_foto_schede/umbria/1000229273_Spello_EDANN_scala esterna_Trinita/1000229273_Spello_EDANN_scala esterna_Trinita.pdf,1000229273,30829,e692307b-c8fa-450f-aee0-c16c7f252690,e692307b-c8fa-450f-aee0-c16c7f252690.png,1.output_png_schede/e692307b-c8fa-450f-aee0-c16c7f252690.png,already_exists,11,PG_Spello_Casa_Trinità_NO.JPG,0.original_foto_schede/umbria/1000229273_Spello_EDANN_scala esterna_Trinita/PG_Spello_Casa_Trinità_NO.JPG,e692307b-c8fa-450f-aee0-c16c7f252690.jpg,2.output_images_random/e692307b-c8fa-450f-aee0-c16c7f252690.jpg,copied,matched
umbria/1000229441_Gubbio_EDANN_scala esterna_casa Ponte,1000229441_Gubbio_EDANN_scala esterna_casa Ponte.pdf,0.original_foto_schede/umbria/1000229441_Gubbio_EDANN_scala esterna_casa Ponte/1000229441_Gubbio_EDANN_scala esterna_casa Ponte.pdf,1000229441,30426,ab292c7e-31d3-4631-be77-a1a6065aac82,ab292c7e-31d3-4631-be77-a1a6065aac82.png,1.output_png_schede/ab292c7e-31d3-4631-be77-a1a6065aac82.png,already_exists,13,PG_Gubbio_Casa_Ponte_Annesso_02_Prospetto_Est.JPG,0.original_foto_schede/umbria/1000229441_Gubbio_EDANN_scala esterna_casa Ponte/PG_Gubbio_Casa_Ponte_Annesso_02_Prospetto_Est.JPG,ab292c7e-31d3-4631-be77-a1a6065aac82.jpg,2.output_images_random/ab292c7e-31d3-4631-be77-a1a6065aac82.jpg,copied,matched
umbria/1000237567_TR_Montefranco_EDSING_scala esterna_Macelleto,1000237567_TR_Montefranco_EDSING_scala esterna_Macelleto.pdf,0.original_foto_schede/umbria/1000237567_TR_Montefranco_EDSING_scala esterna_Macelleto/1000237567_TR_Montefranco_EDSING_scala esterna_Macelleto.pdf,1000237567,30120,08ebab92-b104-499d-b1d5-f32a66ee53a6,08ebab92-b104-499d-b1d5-f32a66ee53a6.png,1.output_png_schede/08ebab92-b104-499d-b1d5-f32a66ee53a6.png,already_exists,8,TR_Montefranco_C_ Macelleto_prospetto nord 2.JPG,0.original_foto_schede/umbria/1000237567_TR_Montefranco_EDSING_scala esterna_Macelleto/TR_Montefranco_C_ Macelleto_prospetto nord 2.JPG,08ebab92-b104-499d-b1d5-f32a66ee53a6.jpg,2.output_images_random/08ebab92-b104-499d-b1d5-f32a66ee53a6.jpg,copied,matched
umbria/1000237619_Spoleto_EDSING_padiglione_Mane,1000237619_Spoleto_EDSING_padiglione_Mane.pdf,0.original_foto_schede/umbria/1000237619_Spoleto_EDSING_padiglione_Mane/1000237619_Spoleto_EDSING_padiglione_Mane.pdf,1000237619,36805,97a4681a-a5cf-4608-9387-d33cf061dd48,97a4681a-a5cf-4608-9387-d33cf061dd48.png,1.output_png_schede/97a4681a-a5cf-4608-9387-d33cf061dd48.png,already_exists,5,PG_Spoleto_C_Mane_Angolo SO.jpg,0.original_foto_schede/umbria/1000237619_Spoleto_EDSING_padiglione_Mane/PG_Spoleto_C_Mane_Angolo SO.jpg,97a4681a-a5cf-4608-9387-d33cf061dd48.jpg,2.output_images_random/97a4681a-a5cf-4608-9387-d33cf061dd48.jpg,copied,matched
umbria/1000237621_Spoleto_EDANN_casa con torre_Mogliano,1000237621_Spoleto_EDANN_casa con torre_Mogliano.pdf,0.original_foto_schede/umbria/1000237621_Spoleto_EDANN_casa con torre_Mogliano/1000237621_Spoleto_EDANN_casa con torre_Mogliano.pdf,1000237621,36912,ca9e334c-226f-4ea3-ba52-4110d5cb1549,ca9e334c-226f-4ea3-ba52-4110d5cb1549.png,1.output_png_schede/ca9e334c-226f-4ea3-ba52-4110d5cb1549.png,already_exists,6,PG_Spoleto_C_Mogliano_eidotipo.jpg,0.original_foto_schede/umbria/1000237621_Spoleto_EDANN_casa con torre_Mogliano/PG_Spoleto_C_Mogliano_eidotipo.jpg,ca9e334c-226f-4ea3-ba52-4110d5cb1549.jpg,2.output_images_random/ca9e334c-226f-4ea3-ba52-4110d5cb1549.jpg,copied,matched
umbria/1000237642_Spoleto_EDANN_casolare_S Antonio,1000237642_Spoleto_EDANN_casolare_S Antonio.pdf,0.original_foto_schede/umbria/1000237642_Spoleto_EDANN_casolare_S Antonio/1000237642_Spoleto_EDANN_casolare_S Antonio.pdf,1000237642,32805,f371d180-aca4-4804-9efe-ca85cbc6b247,f371d180-aca4-4804-9efe-ca85cbc6b247.png,1.output_png_schede/f371d180-aca4-4804-9efe-ca85cbc6b247.png,already_exists,7,PG_Spoleto_C_S_Antonio_prospetto Nord.jpg,0.original_foto_schede/umbria/1000237642_Spoleto_EDANN_casolare_S Antonio/PG_Spoleto_C_S_Antonio_prospetto Nord.jpg,f371d180-aca4-4804-9efe-ca85cbc6b247.jpg,2.output_images_random/f371d180-aca4-4804-9efe-ca85cbc6b247.jpg,copied,matched
umbria/1000237655_Spoleto_EDANN_scala esterna_Trignano,1000237655_Spoleto_EDANN_scala esterna_Trignano.pdf,0.original_foto_schede/umbria/1000237655_Spoleto_EDANN_scala esterna_Trignano/1000237655_Spoleto_EDANN_scala esterna_Trignano.pdf,1000237655,34256,5dbb0ef7-1517-4dde-93e1-43b05fc0f192,5dbb0ef7-1517-4dde-93e1-43b05fc0f192.png,1.output_png_schede/5dbb0ef7-1517-4dde-93e1-43b05fc0f192.png,already_exists,6,PG_Spoleto_C_Trignano_contesto.jpg,0.original_foto_schede/umbria/1000237655_Spoleto_EDANN_scala esterna_Trignano/PG_Spoleto_C_Trignano_contesto.jpg,5dbb0ef7-1517-4dde-93e1-43b05fc0f192.jpg,2.output_images_random/5dbb0ef7-1517-4dde-93e1-43b05fc0f192.jpg,copied,matched
umbria/1000237665_Tuoro Trasimeno_EDANN_scala esterna_Casa Valromana,PG_Tuoro_Sul_Trasimeno_Casa_Val_Romana_Eidotipo.pdf,0.original_foto_schede/umbria/1000237665_Tuoro Trasimeno_EDANN_scala esterna_Casa Valromana/PG_Tuoro_Sul_Trasimeno_Casa_Val_Romana_Eidotipo.pdf,,,,,,,0,,,,,,no_matching_iccd_code
umbria/1000237687_Spoleto_EDSING_scala esterna coperta loggia_Del Rio,1000237687_Spoleto_EDSING_scala esterna_Del Rio.pdf,0.original_foto_schede/umbria/1000237687_Spoleto_EDSING_scala esterna coperta loggia_Del Rio/1000237687_Spoleto_EDSING_scala esterna_Del Rio.pdf,1000237687,37753,a1405799-5d60-4370-9ba0-494d1729cbe3,a1405799-5d60-4370-9ba0-494d1729cbe3.png,1.output_png_schede/a1405799-5d60-4370-9ba0-494d1729cbe3.png,already_exists,5,PG_Spoleto_C_Del_Rio_contesto.jpg,0.original_foto_schede/umbria/1000237687_Spoleto_EDSING_scala esterna coperta loggia_Del Rio/PG_Spoleto_C_Del_Rio_contesto.jpg,a1405799-5d60-4370-9ba0-494d1729cbe3.jpg,2.output_images_random/a1405799-5d60-4370-9ba0-494d1729cbe3.jpg,copied,matched
umbria/1000237692_Spoleto_EDANN_casolare_Pecchioli,1000237692_Spoleto_EDANN_casolare_Pecchioli_II.pdf,0.original_foto_schede/umbria/1000237692_Spoleto_EDANN_casolare_Pecchioli/1000237692_Spoleto_EDANN_casolare_Pecchioli_II.pdf,1000237692,38066,a5eb2291-a801-462f-b59c-c31067690654,a5eb2291-a801-462f-b59c-c31067690654.png,1.output_png_schede/a5eb2291-a801-462f-b59c-c31067690654.png,already_exists,6,PG_Spoleto_C_Pecchioli_II_prospetto Annesso 3.jpg,0.original_foto_schede/umbria/1000237692_Spoleto_EDANN_casolare_Pecchioli/PG_Spoleto_C_Pecchioli_II_prospetto Annesso 3.jpg,a5eb2291-a801-462f-b59c-c31067690654.jpg,2.output_images_random/a5eb2291-a801-462f-b59c-c31067690654.jpg,copied,matched
umbria/1000237693_Spoleto_EDSING_padiglione_Biagi,1000237693_Spoleto_EDSING_padiglione_Biagi.pdf,0.original_foto_schede/umbria/1000237693_Spoleto_EDSING_padiglione_Biagi/1000237693_Spoleto_EDSING_padiglione_Biagi.pdf,1000237693,38050,ed90b036-f6df-4b61-8be4-0422b43ec8f3,ed90b036-f6df-4b61-8be4-0422b43ec8f3.png,1.output_png_schede/ed90b036-f6df-4b61-8be4-0422b43ec8f3.png,already_exists,5,PG_Spoleto_C_Biagi_eidotipo.jpg,0.original_foto_schede/umbria/1000237693_Spoleto_EDSING_padiglione_Biagi/PG_Spoleto_C_Biagi_eidotipo.jpg,ed90b036-f6df-4b61-8be4-0422b43ec8f3.jpg,2.output_images_random/ed90b036-f6df-4b61-8be4-0422b43ec8f3.jpg,copied,matched
umbria/1000237696_Spoleto_EDANN_scala esterna_Mattei,1000237696_Spoleto_EDANN_scala esterna_Mattei.pdf,0.original_foto_schede/umbria/1000237696_Spoleto_EDANN_scala esterna_Mattei/1000237696_Spoleto_EDANN_scala esterna_Mattei.pdf,1000237696,38178,3e1330d2-1f11-4a38-b1b1-f9f87e227fd9,3e1330d2-1f11-4a38-b1b1-f9f87e227fd9.png,1.output_png_schede/3e1330d2-1f11-4a38-b1b1-f9f87e227fd9.png,already_exists,5,PG_Spoleto_C_Mattei_Prospetto SE.jpg,0.original_foto_schede/umbria/1000237696_Spoleto_EDANN_scala esterna_Mattei/PG_Spoleto_C_Mattei_Prospetto SE.jpg,3e1330d2-1f11-4a38-b1b1-f9f87e227fd9.jpg,2.output_images_random/3e1330d2-1f11-4a38-b1b1-f9f87e227fd9.jpg,copied,matched
umbria/1000237699_Spoleto_EDANN_casa con torre_Palazzaccio,1000237642_Spoleto_EDANN_casolare_S Antonio.pdf,0.original_foto_schede/umbria/1000237699_Spoleto_EDANN_casa con torre_Palazzaccio/1000237642_Spoleto_EDANN_casolare_S Antonio.pdf,1000237642,32805,f371d180-aca4-4804-9efe-ca85cbc6b247,f371d180-aca4-4804-9efe-ca85cbc6b247.png,1.output_png_schede/f371d180-aca4-4804-9efe-ca85cbc6b247.png,duplicate_output_id,6,,,,,duplicate_output_id,matched
umbria/1000237700_Spoleto_EDANN_scala estena_Maiano,1000237700_Spoleto_EDANN_scala estena_Maiano.pdf,0.original_foto_schede/umbria/1000237700_Spoleto_EDANN_scala estena_Maiano/1000237700_Spoleto_EDANN_scala estena_Maiano.pdf,1000237700,38227,4a5e7640-93bf-423b-b858-a0d599a01af7,4a5e7640-93bf-423b-b858-a0d599a01af7.png,1.output_png_schede/4a5e7640-93bf-423b-b858-a0d599a01af7.png,already_exists,7,PG_Spoleto_C_Maiano_angolo Sud.jpg,0.original_foto_schede/umbria/1000237700_Spoleto_EDANN_scala estena_Maiano/PG_Spoleto_C_Maiano_angolo Sud.jpg,4a5e7640-93bf-423b-b858-a0d599a01af7.jpg,2.output_images_random/4a5e7640-93bf-423b-b858-a0d599a01af7.jpg,copied,matched
umbria/1000237701_Spoleto_EDANN_scala esterna_Terraia,1000237701_Spoleto_EDANN_scala esterna_Terraia.pdf,0.original_foto_schede/umbria/1000237701_Spoleto_EDANN_scala esterna_Terraia/1000237701_Spoleto_EDANN_scala esterna_Terraia.pdf,1000237701,33573,d4975d11-9230-42b0-9c45-24e548ac63bd,d4975d11-9230-42b0-9c45-24e548ac63bd.png,1.output_png_schede/d4975d11-9230-42b0-9c45-24e548ac63bd.png,already_exists,5,PG_Spoleto_C_Terraia_contesto.jpg,0.original_foto_schede/umbria/1000237701_Spoleto_EDANN_scala esterna_Terraia/PG_Spoleto_C_Terraia_contesto.jpg,d4975d11-9230-42b0-9c45-24e548ac63bd.jpg,2.output_images_random/d4975d11-9230-42b0-9c45-24e548ac63bd.jpg,copied,matched
umbria/1000237705_Umbertide_casa a padiglione_Podernovo,PG_Umbertide_Podernovo_Eidotipo.pdf,0.original_foto_schede/umbria/1000237705_Umbertide_casa a padiglione_Podernovo/PG_Umbertide_Podernovo_Eidotipo.pdf,,,,,,,0,,,,,,no_matching_iccd_code
umbria/1000237820_Assisi_EDSING_padiglione_Il Colle,1000237820_Assisi_EDSING_padiglione_Il Colle.pdf,0.original_foto_schede/umbria/1000237820_Assisi_EDSING_padiglione_Il Colle/1000237820_Assisi_EDSING_padiglione_Il Colle.pdf,1000237820,39213,f995777c-4e6c-4cdd-870b-3b486f93ff75,f995777c-4e6c-4cdd-870b-3b486f93ff75.png,1.output_png_schede/f995777c-4e6c-4cdd-870b-3b486f93ff75.png,already_exists,6,PG_ASSISI_CASA_IL_COLLE_PROSPETTO_Est.jpg,0.original_foto_schede/umbria/1000237820_Assisi_EDSING_padiglione_Il Colle/PG_ASSISI_CASA_IL_COLLE_PROSPETTO_Est.jpg,f995777c-4e6c-4cdd-870b-3b486f93ff75.jpg,2.output_images_random/f995777c-4e6c-4cdd-870b-3b486f93ff75.jpg,copied,matched
umbria/1000237844_Nocera Umbria_EDANN_scala esterna_Bartecchio,1000237844_Nocera Umbria_EDANN_scala esterna_Bartecchio.pdf,0.original_foto_schede/umbria/1000237844_Nocera Umbria_EDANN_scala esterna_Bartecchio/1000237844_Nocera Umbria_EDANN_scala esterna_Bartecchio.pdf,1000237844,39231,2d537705-6068-4836-978d-67c2473bdc68,2d537705-6068-4836-978d-67c2473bdc68.png,1.output_png_schede/2d537705-6068-4836-978d-67c2473bdc68.png,already_exists,13,PG_NOCERA_UMBRA_CASA_BARTECCHIO_Aperture.jpg,0.original_foto_schede/umbria/1000237844_Nocera Umbria_EDANN_scala esterna_Bartecchio/PG_NOCERA_UMBRA_CASA_BARTECCHIO_Aperture.jpg,2d537705-6068-4836-978d-67c2473bdc68.jpg,2.output_images_random/2d537705-6068-4836-978d-67c2473bdc68.jpg,copied,matched
umbria/Abbandono/1000228594_Giano dell_Umbria_EDSING_scala esterna_Borgale,1000228594_Giano dell_Umbria_EDSING_scala esterna_Borgale.pdf,0.original_foto_schede/umbria/Abbandono/1000228594_Giano dell_Umbria_EDSING_scala esterna_Borgale/1000228594_Giano dell_Umbria_EDSING_scala esterna_Borgale.pdf,1000228594,2198,1bccdead-5869-4539-b027-399ac6e6d97f,1bccdead-5869-4539-b027-399ac6e6d97f.png,1.output_png_schede/1bccdead-5869-4539-b027-399ac6e6d97f.png,already_exists,4,PG_Giano_dell_Umbria_Borgale_Prospetto_Ovest.JPG,0.original_foto_schede/umbria/Abbandono/1000228594_Giano dell_Umbria_EDSING_scala esterna_Borgale/PG_Giano_dell_Umbria_Borgale_Prospetto_Ovest.JPG,1bccdead-5869-4539-b027-399ac6e6d97f.jpg,2.output_images_random/1bccdead-5869-4539-b027-399ac6e6d97f.jpg,copied,matched
umbria/Abbandono/1000228808_TR_Castel Giorgio EDANN_scala esterna_Monachio,1000228808_TR_Castel Giorgio EDANN_scala esterna_Monachio.pdf,0.original_foto_schede/umbria/Abbandono/1000228808_TR_Castel Giorgio EDANN_scala esterna_Monachio/1000228808_TR_Castel Giorgio EDANN_scala esterna_Monachio.pdf,1000228808,6143,d2ab0fd0-84e7-402f-9a31-2a1c03155be0,d2ab0fd0-84e7-402f-9a31-2a1c03155be0.png,1.output_png_schede/d2ab0fd0-84e7-402f-9a31-2a1c03155be0.png,already_exists,7,TR_Castel_Giorgio_C._Monachino_contesto II.JPG,0.original_foto_schede/umbria/Abbandono/1000228808_TR_Castel Giorgio EDANN_scala esterna_Monachio/TR_Castel_Giorgio_C._Monachino_contesto II.JPG,d2ab0fd0-84e7-402f-9a31-2a1c03155be0.jpg,2.output_images_random/d2ab0fd0-84e7-402f-9a31-2a1c03155be0.jpg,copied,matched
umbria/Abbandono/1000229062_Gualdo Tadino_EDSING_scala esterna_Casella Totila,1000229062_Gualdo Tadino_EDSING_scala esterna_Casella Totila.pdf,0.original_foto_schede/umbria/Abbandono/1000229062_Gualdo Tadino_EDSING_scala esterna_Casella Totila/1000229062_Gualdo Tadino_EDSING_scala esterna_Casella Totila.pdf,1000229062,587,9c9b7350-0325-4bdf-8f0a-9424619846a2,9c9b7350-0325-4bdf-8f0a-9424619846a2.png,1.output_png_schede/9c9b7350-0325-4bdf-8f0a-9424619846a2.png,already_exists,7,PG_Gualdo_Tadino_Casella_Totila_Abitazione_Oculo.JPG,0.original_foto_schede/umbria/Abbandono/1000229062_Gualdo Tadino_EDSING_scala esterna_Casella Totila/PG_Gualdo_Tadino_Casella_Totila_Abitazione_Oculo.JPG,9c9b7350-0325-4bdf-8f0a-9424619846a2.jpg,2.output_images_random/9c9b7350-0325-4bdf-8f0a-9424619846a2.jpg,copied,matched
umbria/Abbandono/1000229081_Fossato di Vico_EDSING_casolare_Avacelli,1000229081_Fossato di Vico_EDSING_casolare_Avacelli.pdf,0.original_foto_schede/umbria/Abbandono/1000229081_Fossato di Vico_EDSING_casolare_Avacelli/1000229081_Fossato di Vico_EDSING_casolare_Avacelli.pdf,1000229081,1042,98d53f64-34a2-4e74-88fb-caa4813d0703,98d53f64-34a2-4e74-88fb-caa4813d0703.png,1.output_png_schede/98d53f64-34a2-4e74-88fb-caa4813d0703.png,already_exists,8,PG_Fossato_di_Vico_Casa_Avacelli_Abitazione_Vista.JPG,0.original_foto_schede/umbria/Abbandono/1000229081_Fossato di Vico_EDSING_casolare_Avacelli/PG_Fossato_di_Vico_Casa_Avacelli_Abitazione_Vista.JPG,98d53f64-34a2-4e74-88fb-caa4813d0703.jpg,2.output_images_random/98d53f64-34a2-4e74-88fb-caa4813d0703.jpg,copied,matched
umbria/Abbandono/1000237622_Spoleto_EDSING_casolare_Flaminia,1000237622_Spoleto_EDSING_casolare_Flaminia.pdf,0.original_foto_schede/umbria/Abbandono/1000237622_Spoleto_EDSING_casolare_Flaminia/1000237622_Spoleto_EDSING_casolare_Flaminia.pdf,1000237622,27402,a814f6a0-8835-45af-8a55-f2267f2ef7e7,a814f6a0-8835-45af-8a55-f2267f2ef7e7.png,1.output_png_schede/a814f6a0-8835-45af-8a55-f2267f2ef7e7.png,already_exists,5,PG_Spoleto_C_Flaminia_contesto.jpg,0.original_foto_schede/umbria/Abbandono/1000237622_Spoleto_EDSING_casolare_Flaminia/PG_Spoleto_C_Flaminia_contesto.jpg,a814f6a0-8835-45af-8a55-f2267f2ef7e7.jpg,2.output_images_random/a814f6a0-8835-45af-8a55-f2267f2ef7e7.jpg,copied,matched
umbria/Restaurato/1000237815_Assisi_EDSING_scala esterna_Canonica,1000237815_Assisi_EDSING_scala esterna_Canonica.pdf,0.original_foto_schede/umbria/Restaurato/1000237815_Assisi_EDSING_scala esterna_Canonica/1000237815_Assisi_EDSING_scala esterna_Canonica.pdf,1000237815,39174,8f7d7a47-9176-4f48-af86-7721b893b19b,8f7d7a47-9176-4f48-af86-7721b893b19b.png,1.output_png_schede/8f7d7a47-9176-4f48-af86-7721b893b19b.png,already_exists,13,PG_ASSISI_CASA_CANONICA_Copertura.JPG,0.original_foto_schede/umbria/Restaurato/1000237815_Assisi_EDSING_scala esterna_Canonica/PG_ASSISI_CASA_CANONICA_Copertura.JPG,8f7d7a47-9176-4f48-af86-7721b893b19b.jpg,2.output_images_random/8f7d7a47-9176-4f48-af86-7721b893b19b.jpg,copied,matched
umbria/Restaurato/1000237828_Assisi_EDANN_padiglione_Sabatini,1000237828_Assisi_EDANN_padiglione_Sabatini.pdf,0.original_foto_schede/umbria/Restaurato/1000237828_Assisi_EDANN_padiglione_Sabatini/1000237828_Assisi_EDANN_padiglione_Sabatini.pdf,1000237828,39225,c8c74172-ef9d-4a9b-bcb1-9e719dd25a25,c8c74172-ef9d-4a9b-bcb1-9e719dd25a25.png,1.output_png_schede/c8c74172-ef9d-4a9b-bcb1-9e719dd25a25.png,already_exists,9,PG_ASSISI_CASA_MONTE_SABATINI_Prospetto_sud_ovest_aperture.jpg,0.original_foto_schede/umbria/Restaurato/1000237828_Assisi_EDANN_padiglione_Sabatini/PG_ASSISI_CASA_MONTE_SABATINI_Prospetto_sud_ovest_aperture.jpg,c8c74172-ef9d-4a9b-bcb1-9e719dd25a25.jpg,2.output_images_random/c8c74172-ef9d-4a9b-bcb1-9e719dd25a25.jpg,copied,matched
val_aosta/0200008333_Morgex_EDSIN_casa rurale di montagna,0200008333_Morgex_EDSIN_casa rurale di montagna.pdf,0.original_foto_schede/val_aosta/0200008333_Morgex_EDSIN_casa rurale di montagna/0200008333_Morgex_EDSIN_casa rurale di montagna.pdf,0200008333,2257,09a154b5-ff99-4488-87e8-9b3939bcdf8f,09a154b5-ff99-4488-87e8-9b3939bcdf8f.png,1.output_png_schede/09a154b5-ff99-4488-87e8-9b3939bcdf8f.png,already_exists,5,MORGEX-LAVANCHER_casa_rurale_prospetto_nord_particolare.jpg,0.original_foto_schede/val_aosta/0200008333_Morgex_EDSIN_casa rurale di montagna/MORGEX-LAVANCHER_casa_rurale_prospetto_nord_particolare.jpg,09a154b5-ff99-4488-87e8-9b3939bcdf8f.jpg,2.output_images_random/09a154b5-ff99-4488-87e8-9b3939bcdf8f.jpg,copied,matched
val_aosta/0200008469_Torgnon_casa alpina,0200008469_casa alpina.pdf,0.original_foto_schede/val_aosta/0200008469_Torgnon_casa alpina/0200008469_casa alpina.pdf,0200008469,2310,877b39ef-94f2-4c4a-936a-dcb2f0c50116,877b39ef-94f2-4c4a-936a-dcb2f0c50116.png,1.output_png_schede/877b39ef-94f2-4c4a-936a-dcb2f0c50116.png,already_exists,7,VDA-Torgnon_Etirol_prosp_sud_1.jpg,0.original_foto_schede/val_aosta/0200008469_Torgnon_casa alpina/VDA-Torgnon_Etirol_prosp_sud_1.jpg,877b39ef-94f2-4c4a-936a-dcb2f0c50116.jpg,2.output_images_random/877b39ef-94f2-4c4a-936a-dcb2f0c50116.jpg,copied,matched
val_aosta/0200008624_Gignod_Frazione Champ Lorensal_EDSING_rurale montagna,Gignod_Frazione Champ Lorensal_EDSING_rurale montagna.pdf,0.original_foto_schede/val_aosta/0200008624_Gignod_Frazione Champ Lorensal_EDSING_rurale montagna/Gignod_Frazione Champ Lorensal_EDSING_rurale montagna.pdf,0200008624,2732,5a0ec71b-4b44-4364-a1c0-911b83e3e7b7,5a0ec71b-4b44-4364-a1c0-911b83e3e7b7.png,1.output_png_schede/5a0ec71b-4b44-4364-a1c0-911b83e3e7b7.png,already_exists,7,VDA-Gignod-Buthier-prospetto_est_.jpg,0.original_foto_schede/val_aosta/0200008624_Gignod_Frazione Champ Lorensal_EDSING_rurale montagna/VDA-Gignod-Buthier-prospetto_est_.jpg,5a0ec71b-4b44-4364-a1c0-911b83e3e7b7.jpg,2.output_images_random/5a0ec71b-4b44-4364-a1c0-911b83e3e7b7.jpg,copied,matched
val_aosta/0200008694_Valsavarenche_Frazione Tignet_EDSING_rurale montagna,Valsavarenche_Frazione Tignet_EDSING_rurale montagna.pdf,0.original_foto_schede/val_aosta/0200008694_Valsavarenche_Frazione Tignet_EDSING_rurale montagna/Valsavarenche_Frazione Tignet_EDSING_rurale montagna.pdf,0200008694,2824,389b9e76-75ea-45d1-9ec9-1a524dbc2a32,389b9e76-75ea-45d1-9ec9-1a524dbc2a32.png,1.output_png_schede/389b9e76-75ea-45d1-9ec9-1a524dbc2a32.png,already_exists,7,AO_Valsavarenche_Casa rurale di montagna_fronte Nord.jpg,0.original_foto_schede/val_aosta/0200008694_Valsavarenche_Frazione Tignet_EDSING_rurale montagna/AO_Valsavarenche_Casa rurale di montagna_fronte Nord.jpg,389b9e76-75ea-45d1-9ec9-1a524dbc2a32.jpg,2.output_images_random/389b9e76-75ea-45d1-9ec9-1a524dbc2a32.jpg,copied,matched
val_aosta/0200008757_ Valgrisenche_Frazione Gerbelle_EDSING_rurale montagna,Valgrisenche_Frazione Gerbelle_EDSING_rurale montagna.pdf,0.original_foto_schede/val_aosta/0200008757_ Valgrisenche_Frazione Gerbelle_EDSING_rurale montagna/Valgrisenche_Frazione Gerbelle_EDSING_rurale montagna.pdf,0200008757,22302,a2e31d43-0617-4c98-ba05-1b8393ebb057,a2e31d43-0617-4c98-ba05-1b8393ebb057.png,1.output_png_schede/a2e31d43-0617-4c98-ba05-1b8393ebb057.png,already_exists,5,Valgrisenche_Gerbelle_prospetto_nord.jpg,0.original_foto_schede/val_aosta/0200008757_ Valgrisenche_Frazione Gerbelle_EDSING_rurale montagna/Valgrisenche_Gerbelle_prospetto_nord.jpg,a2e31d43-0617-4c98-ba05-1b8393ebb057.jpg,2.output_images_random/a2e31d43-0617-4c98-ba05-1b8393ebb057.jpg,copied,matched
val_aosta/0200008795_Gressan_EDSIG_Walser,0200008795_Gressan_EDSIG_Walser.pdf,0.original_foto_schede/val_aosta/0200008795_Gressan_EDSIG_Walser/0200008795_Gressan_EDSIG_Walser.pdf,0200008795,39735,14fb5f4a-6b78-48b5-a4e9-e01714e9fc6a,14fb5f4a-6b78-48b5-a4e9-e01714e9fc6a.png,1.output_png_schede/14fb5f4a-6b78-48b5-a4e9-e01714e9fc6a.png,already_exists,6,AO_Gressan_Casa Walser_dettaglio apertura.jpg,0.original_foto_schede/val_aosta/0200008795_Gressan_EDSIG_Walser/AO_Gressan_Casa Walser_dettaglio apertura.jpg,14fb5f4a-6b78-48b5-a4e9-e01714e9fc6a.jpg,2.output_images_random/14fb5f4a-6b78-48b5-a4e9-e01714e9fc6a.jpg,copied,matched
val_aosta/0200008810_Valtournenche_Frazione Valmartin_EDSIG_Walser,0200008810_Valtournenche_Frazione Valmartin_EDSIG_Walser.pdf,0.original_foto_schede/val_aosta/0200008810_Valtournenche_Frazione Valmartin_EDSIG_Walser/0200008810_Valtournenche_Frazione Valmartin_EDSIG_Walser.pdf,0200008810,21912,2faeb311-d93a-402a-8edb-0fc5f231cb36,2faeb311-d93a-402a-8edb-0fc5f231cb36.png,1.output_png_schede/2faeb311-d93a-402a-8edb-0fc5f231cb36.png,already_exists,5,AO_Valtournenche_Valmartin_prospetto_SO.jpg,0.original_foto_schede/val_aosta/0200008810_Valtournenche_Frazione Valmartin_EDSIG_Walser/AO_Valtournenche_Valmartin_prospetto_SO.jpg,2faeb311-d93a-402a-8edb-0fc5f231cb36.jpg,2.output_images_random/2faeb311-d93a-402a-8edb-0fc5f231cb36.jpg,copied,matched
val_aosta/0200008849_Donnes_alpeggio,0200008849_Donnes_alpeggio.pdf,0.original_foto_schede/val_aosta/0200008849_Donnes_alpeggio/0200008849_Donnes_alpeggio.pdf,0200008849,26551,9ee29bb2-84e4-4eee-98c4-914085305052,9ee29bb2-84e4-4eee-98c4-914085305052.png,1.output_png_schede/9ee29bb2-84e4-4eee-98c4-914085305052.png,already_exists,2,AO_DONNAS_BORGO01_prospetto_NO.jpg,0.original_foto_schede/val_aosta/0200008849_Donnes_alpeggio/AO_DONNAS_BORGO01_prospetto_NO.jpg,9ee29bb2-84e4-4eee-98c4-914085305052.jpg,2.output_images_random/9ee29bb2-84e4-4eee-98c4-914085305052.jpg,copied,matched
val_aosta/0200008853_Donnes_alpeggio,AO_DONNAS_BORGO.pdf,0.original_foto_schede/val_aosta/0200008853_Donnes_alpeggio/AO_DONNAS_BORGO.pdf,,,,,,,0,,,,,,no_matching_iccd_code
val_aosta/0200008854_Donnes_alpeggio,0200008854_Donnes_alpeggio.pdf,0.original_foto_schede/val_aosta/0200008854_Donnes_alpeggio/0200008854_Donnes_alpeggio.pdf,0200008854,21264,d41fc78c-ced9-4fd7-88ff-4da479207529,d41fc78c-ced9-4fd7-88ff-4da479207529.png,1.output_png_schede/d41fc78c-ced9-4fd7-88ff-4da479207529.png,already_exists,6,AO_DONNAS_BORGO03_prospetto_sud.jpg,0.original_foto_schede/val_aosta/0200008854_Donnes_alpeggio/AO_DONNAS_BORGO03_prospetto_sud.jpg,d41fc78c-ced9-4fd7-88ff-4da479207529.jpg,2.output_images_random/d41fc78c-ced9-4fd7-88ff-4da479207529.jpg,copied,matched
"val_aosta/0200008984_Antey-Saint-Andrè,_EDSIG_Walser","0200008984_Antey-Saint-Andrè,_EDSIG_Walser.pdf","0.original_foto_schede/val_aosta/0200008984_Antey-Saint-Andrè,_EDSIG_Walser/0200008984_Antey-Saint-Andrè,_EDSIG_Walser.pdf",0200008984,5421,f5892b7c-c1a0-47ec-b146-a039c9c6ee88,f5892b7c-c1a0-47ec-b146-a039c9c6ee88.png,1.output_png_schede/f5892b7c-c1a0-47ec-b146-a039c9c6ee88.png,already_exists,8,AO_ANTEY_S_ANDRE_FiernazSuperiore_eidotipo.jpg,"0.original_foto_schede/val_aosta/0200008984_Antey-Saint-Andrè,_EDSIG_Walser/AO_ANTEY_S_ANDRE_FiernazSuperiore_eidotipo.jpg",f5892b7c-c1a0-47ec-b146-a039c9c6ee88.jpg,2.output_images_random/f5892b7c-c1a0-47ec-b146-a039c9c6ee88.jpg,copied,matched
val_aosta/0200008987_Chamois_EDSIG_Walser,0200008987_Chamois_EDSIG_Walser.pdf,0.original_foto_schede/val_aosta/0200008987_Chamois_EDSIG_Walser/0200008987_Chamois_EDSIG_Walser.pdf,0200008987,31191,402ef173-82df-4dfa-b9ae-d26f67ad7eac,402ef173-82df-4dfa-b9ae-d26f67ad7eac.png,1.output_png_schede/402ef173-82df-4dfa-b9ae-d26f67ad7eac.png,already_exists,4,AO_CHAMOIS_LaVille_vista_insieme.jpg,0.original_foto_schede/val_aosta/0200008987_Chamois_EDSIG_Walser/AO_CHAMOIS_LaVille_vista_insieme.jpg,402ef173-82df-4dfa-b9ae-d26f67ad7eac.jpg,2.output_images_random/402ef173-82df-4dfa-b9ae-d26f67ad7eac.jpg,copied,matched
val_aosta/0200008991_Chamois_Rascard d_Antan_EDSIG_Walser,0200008991_Chamois_Rascard d_Antan_EDSIG_Walser.pdf,0.original_foto_schede/val_aosta/0200008991_Chamois_Rascard d_Antan_EDSIG_Walser/0200008991_Chamois_Rascard d_Antan_EDSIG_Walser.pdf,,,,,,,0,,,,,,no_matching_iccd_code
val_aosta/0200008998_Chamois_EDSIG_Walser,0200008998_Chamois_EDSIG_Walser.pdf,0.original_foto_schede/val_aosta/0200008998_Chamois_EDSIG_Walser/0200008998_Chamois_EDSIG_Walser.pdf,,,,,,,0,,,,,,no_matching_iccd_code
val_aosta/0200009006_Antey-Saint-Andrè_Frazione Fiernaz_EDSIG_Walser,0200009006_Antey-Saint-Andrè_Frazione Fiernaz_EDSIG_Walser.pdf,0.original_foto_schede/val_aosta/0200009006_Antey-Saint-Andrè_Frazione Fiernaz_EDSIG_Walser/0200009006_Antey-Saint-Andrè_Frazione Fiernaz_EDSIG_Walser.pdf,0200009006,31248,4c5bcb6d-2cf5-4bca-8276-1a2a32eef91d,4c5bcb6d-2cf5-4bca-8276-1a2a32eef91d.png,1.output_png_schede/4c5bcb6d-2cf5-4bca-8276-1a2a32eef91d.png,already_exists,7,AO_ANTEY_S_ANDRE_FiernazSuperiore_prospetto_S.JPG,0.original_foto_schede/val_aosta/0200009006_Antey-Saint-Andrè_Frazione Fiernaz_EDSIG_Walser/AO_ANTEY_S_ANDRE_FiernazSuperiore_prospetto_S.JPG,4c5bcb6d-2cf5-4bca-8276-1a2a32eef91d.jpg,2.output_images_random/4c5bcb6d-2cf5-4bca-8276-1a2a32eef91d.jpg,copied,matched
val_aosta/0200009063_Valgrisenche_Frazione Gerbelle_EDSING_rurale montagna,0200009063_Valgrisenche_Frazione Gerbelle_EDSING_rurale montagna.pdf,0.original_foto_schede/val_aosta/0200009063_Valgrisenche_Frazione Gerbelle_EDSING_rurale montagna/0200009063_Valgrisenche_Frazione Gerbelle_EDSING_rurale montagna.pdf,0200009063,32410,aef134e6-0b3d-499b-beb4-6a24c066ebfd,aef134e6-0b3d-499b-beb4-6a24c066ebfd.png,1.output_png_schede/aef134e6-0b3d-499b-beb4-6a24c066ebfd.png,already_exists,5,Valgrisenche_Gerbelle_prospetto_nord.jpg,0.original_foto_schede/val_aosta/0200009063_Valgrisenche_Frazione Gerbelle_EDSING_rurale montagna/Valgrisenche_Gerbelle_prospetto_nord.jpg,aef134e6-0b3d-499b-beb4-6a24c066ebfd.jpg,2.output_images_random/aef134e6-0b3d-499b-beb4-6a24c066ebfd.jpg,copied,matched
val_aosta/0200009076_Valgrisenche_EDSIN_rurale montagna,0200009076_Valgrisenche_EDSIN_rurale montagna.pdf,0.original_foto_schede/val_aosta/0200009076_Valgrisenche_EDSIN_rurale montagna/0200009076_Valgrisenche_EDSIN_rurale montagna.pdf,0200009076,42797,fd3dd90e-ad4d-4d7d-b012-721758fedb1b,fd3dd90e-ad4d-4d7d-b012-721758fedb1b.png,1.output_png_schede/fd3dd90e-ad4d-4d7d-b012-721758fedb1b.png,already_exists,6,Valgrisenche_La_Frassy_eidotipo.jpg,0.original_foto_schede/val_aosta/0200009076_Valgrisenche_EDSIN_rurale montagna/Valgrisenche_La_Frassy_eidotipo.jpg,fd3dd90e-ad4d-4d7d-b012-721758fedb1b.jpg,2.output_images_random/fd3dd90e-ad4d-4d7d-b012-721758fedb1b.jpg,copied,matched
val_aosta/0200009087_Sarre_EDANN_casa a ballatoio,Sarre_EDANN_casa a ballatoio.pdf,0.original_foto_schede/val_aosta/0200009087_Sarre_EDANN_casa a ballatoio/Sarre_EDANN_casa a ballatoio.pdf,0200009087,33555,479b8049-ec61-4b57-9edd-ca9942e946bf,479b8049-ec61-4b57-9edd-ca9942e946bf.png,1.output_png_schede/479b8049-ec61-4b57-9edd-ca9942e946bf.png,already_exists,5,AO_Sarre_vareille_eidotipo.jpg,0.original_foto_schede/val_aosta/0200009087_Sarre_EDANN_casa a ballatoio/AO_Sarre_vareille_eidotipo.jpg,479b8049-ec61-4b57-9edd-ca9942e946bf.jpg,2.output_images_random/479b8049-ec61-4b57-9edd-ca9942e946bf.jpg,copied,matched
val_aosta/0200009096_Saint-Rhémy-en-Bosses_EDA_casa alpina_Maison Jacquin,"Maison Jacquin, EDIFICIO SINGOLO, casa alpina.pdf","0.original_foto_schede/val_aosta/0200009096_Saint-Rhémy-en-Bosses_EDA_casa alpina_Maison Jacquin/Maison Jacquin, EDIFICIO SINGOLO, casa alpina.pdf",0200009096,33966,93cf5bc9-b93f-4299-a97e-14ee01ad8387,93cf5bc9-b93f-4299-a97e-14ee01ad8387.png,1.output_png_schede/93cf5bc9-b93f-4299-a97e-14ee01ad8387.png,already_exists,4,AO_aosta_Saint Rhemy_contesto.jpg,0.original_foto_schede/val_aosta/0200009096_Saint-Rhémy-en-Bosses_EDA_casa alpina_Maison Jacquin/AO_aosta_Saint Rhemy_contesto.jpg,93cf5bc9-b93f-4299-a97e-14ee01ad8387.jpg,2.output_images_random/93cf5bc9-b93f-4299-a97e-14ee01ad8387.jpg,copied,matched
val_aosta/0200009164_Torgnon_EDANN_Musée Petit Monde_Walser,0200009164_Torgnon_EDANN_Walser.pdf,0.original_foto_schede/val_aosta/0200009164_Torgnon_EDANN_Musée Petit Monde_Walser/0200009164_Torgnon_EDANN_Walser.pdf,0200009164,32316,67f393eb-75ec-42fd-b24d-24affb8d2056,67f393eb-75ec-42fd-b24d-24affb8d2056.png,1.output_png_schede/67f393eb-75ec-42fd-b24d-24affb8d2056.png,already_exists,15,VDA-Torgnon_Triatel_prospetto_3_sud.jpg,0.original_foto_schede/val_aosta/0200009164_Torgnon_EDANN_Musée Petit Monde_Walser/VDA-Torgnon_Triatel_prospetto_3_sud.jpg,67f393eb-75ec-42fd-b24d-24affb8d2056.jpg,2.output_images_random/67f393eb-75ec-42fd-b24d-24affb8d2056.jpg,copied,matched
"val_aosta/0200009207_Grand-Rhun, Saint-Vincent_EDSIND_casa Walser","0200009207_Grand-Rhun, Saint-Vincent_EDSIND_casa Walser.pdf","0.original_foto_schede/val_aosta/0200009207_Grand-Rhun, Saint-Vincent_EDSIND_casa Walser/0200009207_Grand-Rhun, Saint-Vincent_EDSIND_casa Walser.pdf",0200009207,43708,29c5eb24-bc65-4048-bdf6-75e290117b41,29c5eb24-bc65-4048-bdf6-75e290117b41.png,1.output_png_schede/29c5eb24-bc65-4048-bdf6-75e290117b41.png,already_exists,5,AO_SV_casaWalser_GR_contesto.jpg,"0.original_foto_schede/val_aosta/0200009207_Grand-Rhun, Saint-Vincent_EDSIND_casa Walser/AO_SV_casaWalser_GR_contesto.jpg",29c5eb24-bc65-4048-bdf6-75e290117b41.jpg,2.output_images_random/29c5eb24-bc65-4048-bdf6-75e290117b41.jpg,copied,matched
veneto/casone1,casone1.pdf,0.original_foto_schede/veneto/casone1/casone1.pdf,0500745783,42642,e397243c-e1bd-4fc9-8136-c4085786a533,e397243c-e1bd-4fc9-8136-c4085786a533.png,1.output_png_schede/e397243c-e1bd-4fc9-8136-c4085786a533.png,already_exists,5,b3e0c280-a1ac-4d85-8979-caed265c9c8e.jpg,0.original_foto_schede/veneto/casone1/b3e0c280-a1ac-4d85-8979-caed265c9c8e.jpg,e397243c-e1bd-4fc9-8136-c4085786a533.jpg,2.output_images_random/e397243c-e1bd-4fc9-8136-c4085786a533.jpg,copied,matched
veneto/casone2,casone2.pdf,0.original_foto_schede/veneto/casone2/casone2.pdf,0500739532,43628,96ace98f-9aa4-4ab3-b137-114ffc2d75a9,96ace98f-9aa4-4ab3-b137-114ffc2d75a9.png,1.output_png_schede/96ace98f-9aa4-4ab3-b137-114ffc2d75a9.png,already_exists,7,f370e1a5-f947-4b84-8c98-fa8540aa6421.jpg,0.original_foto_schede/veneto/casone2/f370e1a5-f947-4b84-8c98-fa8540aa6421.jpg,96ace98f-9aa4-4ab3-b137-114ffc2d75a9.jpg,2.output_images_random/96ace98f-9aa4-4ab3-b137-114ffc2d75a9.jpg,copied,matched
