folder,pdf_name,pdf_path,iccd_code,csv_index,id_scheda_originale,png_name,png_path,status
abruzzo/1300309704_CH_Ortona_EDSING_scala est_Masseria Berardi,1300309704_CH_Ortona_EDSING_scala est_Masseria Berardi.pdf,0.original_foto_schede/abruzzo/1300309704_CH_Ortona_EDSING_scala est_Masseria Berardi/1300309704_CH_Ortona_EDSING_scala est_Masseria Berardi.pdf,1300309704,6994,6d183a01-cb70-45c7-8a14-530f8670b5ce,6d183a01-cb70-45c7-8a14-530f8670b5ce.png,1.output_png_schede/6d183a01-cb70-45c7-8a14-530f8670b5ce.png,exported
abruzzo/1300309779_PE_Mosciano Sant_Angelo_EDNN_scala esterna coperta,"Mosciano_Masseria Tattoni, _EDANN_casa scala esterna.pdf","0.original_foto_schede/abruzzo/1300309779_PE_Mosciano Sant_Angelo_EDNN_scala esterna coperta/Mosciano_Masseria Tattoni, _EDANN_casa scala esterna.pdf",,,,,,no_matching_iccd_code
abruzzo/1300310044_AQ_Balsorano_EDSING_casa pendio_Alfonsi,1300310044_AQ_Balsorano_EDSING_casa pendio_Alfonsi.pdf,0.original_foto_schede/abruzzo/1300310044_AQ_Balsorano_EDSING_casa pendio_Alfonsi/1300310044_AQ_Balsorano_EDSING_casa pendio_Alfonsi.pdf,1300310044,7320,73c1a68c-2463-4368-8601-caf96d07678f,73c1a68c-2463-4368-8601-caf96d07678f.png,1.output_png_schede/73c1a68c-2463-4368-8601-caf96d07678f.png,exported
abruzzo/1300310088_CH_Casoli_EDSING_scala est,1300310088_CH_Casoli_EDSING_scala est.pdf,0.original_foto_schede/abruzzo/1300310088_CH_Casoli_EDSING_scala est/1300310088_CH_Casoli_EDSING_scala est.pdf,1300310088,7344,6ad295a2-8456-478d-8919-5f3f134d8a77,6ad295a2-8456-478d-8919-5f3f134d8a77.png,1.output_png_schede/6ad295a2-8456-478d-8919-5f3f134d8a77.png,exported
abruzzo/1300310328_PE_Penne_EDSING_casa pendio_Formica2,1300310328_PE_Penne_EDSING_casa pendio_Formica2.pdf,0.original_foto_schede/abruzzo/1300310328_PE_Penne_EDSING_casa pendio_Formica2/1300310328_PE_Penne_EDSING_casa pendio_Formica2.pdf,1300310328,24581,bbd50aa9-fd4e-4ba6-8e18-05db10aa7726,bbd50aa9-fd4e-4ba6-8e18-05db10aa7726.png,1.output_png_schede/bbd50aa9-fd4e-4ba6-8e18-05db10aa7726.png,exported
abruzzo/1300310329_PE_Penne_EDSING_casolare_Formica3,1300310329_PE_Penne_EDSING_casolare_Formica2.pdf,0.original_foto_schede/abruzzo/1300310329_PE_Penne_EDSING_casolare_Formica3/1300310329_PE_Penne_EDSING_casolare_Formica2.pdf,1300310329,24612,e9d4ff11-ecea-4f5f-94d7-32668d4de9b0,e9d4ff11-ecea-4f5f-94d7-32668d4de9b0.png,1.output_png_schede/e9d4ff11-ecea-4f5f-94d7-32668d4de9b0.png,exported
abruzzo/1300310587_TE_Notaresco_EDANN_casa,1300310587_TE_Notaresco_EDANN_casa.pdf,0.original_foto_schede/abruzzo/1300310587_TE_Notaresco_EDANN_casa/1300310587_TE_Notaresco_EDANN_casa.pdf,1300310587,3231,b9b9d1fe-38f2-4d25-a6df-312e0d57cc0e,b9b9d1fe-38f2-4d25-a6df-312e0d57cc0e.png,1.output_png_schede/b9b9d1fe-38f2-4d25-a6df-312e0d57cc0e.png,exported
abruzzo/1300310722_CH_Frisa_EDANN_casolare,CH_Frisa_EDANN_casolare.pdf,0.original_foto_schede/abruzzo/1300310722_CH_Frisa_EDANN_casolare/CH_Frisa_EDANN_casolare.pdf,1300310722,31400,aa81d643-2cb8-4036-a835-1d00ef8e5160,aa81d643-2cb8-4036-a835-1d00ef8e5160.png,1.output_png_schede/aa81d643-2cb8-4036-a835-1d00ef8e5160.png,exported
abruzzo/1300310736_AQ_Castel di Sangro_EDSING_Masseria S Angelo,1300310736_AQ_Castel di Sangro_EDSING_Masseria S Angelo.pdf,0.original_foto_schede/abruzzo/1300310736_AQ_Castel di Sangro_EDSING_Masseria S Angelo/1300310736_AQ_Castel di Sangro_EDSING_Masseria S Angelo.pdf,1300310736,28781,1ae4dac2-d3d3-455b-8d3d-3cb557f2f7ae,1ae4dac2-d3d3-455b-8d3d-3cb557f2f7ae.png,1.output_png_schede/1ae4dac2-d3d3-455b-8d3d-3cb557f2f7ae.png,exported
abruzzo/1300310738_AQ_Castel di Sangro_EDANN_Masseria D_Amico,1300310738_AQ_Castel di Sangro_EDANN_Masseria D_Amico.pdf,0.original_foto_schede/abruzzo/1300310738_AQ_Castel di Sangro_EDANN_Masseria D_Amico/1300310738_AQ_Castel di Sangro_EDANN_Masseria D_Amico.pdf,1300310738,33310,3e2be11e-aa89-43c5-b790-b1df4abccc14,3e2be11e-aa89-43c5-b790-b1df4abccc14.png,1.output_png_schede/3e2be11e-aa89-43c5-b790-b1df4abccc14.png,exported
abruzzo/1300310867_TE_EDANN_casa con torre_Mezzanotte,1300310867_TE_EDANN_casa con torre_Mezzanotte.pdf,0.original_foto_schede/abruzzo/1300310867_TE_EDANN_casa con torre_Mezzanotte/1300310867_TE_EDANN_casa con torre_Mezzanotte.pdf,1300310867,2393,210af39e-67b3-47fd-9c37-2d6d1344fa96,210af39e-67b3-47fd-9c37-2d6d1344fa96.png,1.output_png_schede/210af39e-67b3-47fd-9c37-2d6d1344fa96.png,exported
abruzzo/1300311099_Martinsicuro_EDANN_scala esterna_casale degli orti,1300311099_EDANN_scala esterna_casale degli orti.pdf,0.original_foto_schede/abruzzo/1300311099_Martinsicuro_EDANN_scala esterna_casale degli orti/1300311099_EDANN_scala esterna_casale degli orti.pdf,1300311099,35334,998a10e8-a7a7-4e2d-a134-3db547a17257,998a10e8-a7a7-4e2d-a134-3db547a17257.png,1.output_png_schede/998a10e8-a7a7-4e2d-a134-3db547a17257.png,exported
abruzzo/1300311422_TE_Campli_COM_casa a edifici affiancati_Paganni sup3,1300311422_TE_Campli_COM_casa a edifici affiancati_Paganni sup3.pdf,0.original_foto_schede/abruzzo/1300311422_TE_Campli_COM_casa a edifici affiancati_Paganni sup3/1300311422_TE_Campli_COM_casa a edifici affiancati_Paganni sup3.pdf,1300311422,3520,99a42f4a-6d27-4231-afee-c294586f37c8,99a42f4a-6d27-4231-afee-c294586f37c8.png,1.output_png_schede/99a42f4a-6d27-4231-afee-c294586f37c8.png,exported
abruzzo/1300311545_CH_Celenza sul Trigno_EDANN_scalaest_Masseria La Pezza,CH_Celenza sul Trigno_EDANN_scalaest_Masseria La Pezza.pdf,0.original_foto_schede/abruzzo/1300311545_CH_Celenza sul Trigno_EDANN_scalaest_Masseria La Pezza/CH_Celenza sul Trigno_EDANN_scalaest_Masseria La Pezza.pdf,1300311545,35150,8ab1f17e-961d-47da-a964-2d246cc6fc5b,8ab1f17e-961d-47da-a964-2d246cc6fc5b.png,1.output_png_schede/8ab1f17e-961d-47da-a964-2d246cc6fc5b.png,exported
abruzzo/1300311639_CH_Ripa Teatina_casa con torre_Casale De Matteis,1300311639_CH_Ripa Teatina_casa con torre_Casale De Matteis.pdf,0.original_foto_schede/abruzzo/1300311639_CH_Ripa Teatina_casa con torre_Casale De Matteis/1300311639_CH_Ripa Teatina_casa con torre_Casale De Matteis.pdf,1300311639,34319,8b5147ba-f00d-47ca-8b2c-84b64febe89e,8b5147ba-f00d-47ca-8b2c-84b64febe89e.png,1.output_png_schede/8b5147ba-f00d-47ca-8b2c-84b64febe89e.png,exported
abruzzo/1300311644_TE_Atri_COM_Masseria NO è una scala esterna_Masseria Ferretti,TE_Atri_COM_Masseria NO è una scala esterna_Masseria Ferretti.pdf,0.original_foto_schede/abruzzo/1300311644_TE_Atri_COM_Masseria NO è una scala esterna_Masseria Ferretti/TE_Atri_COM_Masseria NO è una scala esterna_Masseria Ferretti.pdf,1300311644,34659,28e139a0-20b2-4cff-a322-eff45fb2892f,28e139a0-20b2-4cff-a322-eff45fb2892f.png,1.output_png_schede/28e139a0-20b2-4cff-a322-eff45fb2892f.png,exported
abruzzo/1300311790_Montazzoli_EDANN_casolare_Masseria Baronessa,1300311790_Montazzoli_EDANN_casolare_Masseria Baronessa.pdf,0.original_foto_schede/abruzzo/1300311790_Montazzoli_EDANN_casolare_Masseria Baronessa/1300311790_Montazzoli_EDANN_casolare_Masseria Baronessa.pdf,1300311790,39674,0a88637e-305b-4658-af0f-cb04a4db9cbf,0a88637e-305b-4658-af0f-cb04a4db9cbf.png,1.output_png_schede/0a88637e-305b-4658-af0f-cb04a4db9cbf.png,exported
abruzzo/1300311799_Vicoli_EDSING_casa con torre_Contrada De Contra,13_00311799_Vicoli_EDSING_casa con torre_Contrada De Contra.pdf,0.original_foto_schede/abruzzo/1300311799_Vicoli_EDSING_casa con torre_Contrada De Contra/13_00311799_Vicoli_EDSING_casa con torre_Contrada De Contra.pdf,1300311799,39783,5b28f6a0-2693-4d86-a73f-2b3b50a1ca96,5b28f6a0-2693-4d86-a73f-2b3b50a1ca96.png,1.output_png_schede/5b28f6a0-2693-4d86-a73f-2b3b50a1ca96.png,exported
abruzzo/1300312018_CH_Casa in località Colle Marcone_EDSING_casa di terra,1300312018_CH_Casa in località Colle Marcone_EDSING_casa di terra.pdf,0.original_foto_schede/abruzzo/1300312018_CH_Casa in località Colle Marcone_EDSING_casa di terra/1300312018_CH_Casa in località Colle Marcone_EDSING_casa di terra.pdf,1300312018,34593,5f24727e-8706-4d4f-8a41-54b801ea099a,5f24727e-8706-4d4f-8a41-54b801ea099a.png,1.output_png_schede/5f24727e-8706-4d4f-8a41-54b801ea099a.png,exported
basilicata/1700223823_PZ_Roccanova_edificio singolo_casa a scala esterna,download (13).pdf,0.original_foto_schede/basilicata/1700223823_PZ_Roccanova_edificio singolo_casa a scala esterna/download (13).pdf,1700223823,654,55c5a507-edae-4a4f-8083-eb192b22fa49,55c5a507-edae-4a4f-8083-eb192b22fa49.png,1.output_png_schede/55c5a507-edae-4a4f-8083-eb192b22fa49.png,exported
basilicata/1700223900_MT_Matera_complesso_masseria,download (13).pdf,0.original_foto_schede/basilicata/1700223900_MT_Matera_complesso_masseria/download (13).pdf,,,,,,no_matching_iccd_code
basilicata/1700223921_PZ_Senise_edificio singolo_casa a padiglione,download.pdf,0.original_foto_schede/basilicata/1700223921_PZ_Senise_edificio singolo_casa a padiglione/download.pdf,1700223921,1349,f349f760-6055-4d07-8b2d-50187ac7f4a1,f349f760-6055-4d07-8b2d-50187ac7f4a1.png,1.output_png_schede/f349f760-6055-4d07-8b2d-50187ac7f4a1.png,exported
basilicata/1700223927_MT_Matera_complesso_masseria,download (13).pdf,0.original_foto_schede/basilicata/1700223927_MT_Matera_complesso_masseria/download (13).pdf,1700223927,1406,60511cf4-8309-4244-91d9-a1e0c0cafcdd,60511cf4-8309-4244-91d9-a1e0c0cafcdd.png,1.output_png_schede/60511cf4-8309-4244-91d9-a1e0c0cafcdd.png,exported
basilicata/1700223942_PZ_Senise_edificio singolo_casa di pendio,download.pdf,0.original_foto_schede/basilicata/1700223942_PZ_Senise_edificio singolo_casa di pendio/download.pdf,1700223942,1331,db7c58dc-d2f5-4592-b7d2-516f859bff20,db7c58dc-d2f5-4592-b7d2-516f859bff20.png,1.output_png_schede/db7c58dc-d2f5-4592-b7d2-516f859bff20.png,exported
basilicata/1700223963_MT_S.Giorgio Lucano_edificio singolo_casa di pendio,download (13).pdf,0.original_foto_schede/basilicata/1700223963_MT_S.Giorgio Lucano_edificio singolo_casa di pendio/download (13).pdf,1700223963,1437,05d3a360-1671-43f6-8beb-4babef434277,05d3a360-1671-43f6-8beb-4babef434277.png,1.output_png_schede/05d3a360-1671-43f6-8beb-4babef434277.png,exported
basilicata/1700223985_PZ_S.Arcangelo_edificio con annessi_casa con torre,download (2).pdf,0.original_foto_schede/basilicata/1700223985_PZ_S.Arcangelo_edificio con annessi_casa con torre/download (2).pdf,1700223985,1395,dbb213a4-c091-4685-bb2d-27d192028206,dbb213a4-c091-4685-bb2d-27d192028206.png,1.output_png_schede/dbb213a4-c091-4685-bb2d-27d192028206.png,exported
basilicata/1700224712_PZ_Satriano di Lucania_edificio singolo_casolare,download (6).pdf,0.original_foto_schede/basilicata/1700224712_PZ_Satriano di Lucania_edificio singolo_casolare/download (6).pdf,1700224712,5553,b531c252-b640-4bcd-92ad-29f15f20334f,b531c252-b640-4bcd-92ad-29f15f20334f.png,1.output_png_schede/b531c252-b640-4bcd-92ad-29f15f20334f.png,exported
basilicata/1700224713_PZ_Satriano_edificio singolo_casa a scala esterna,download (13).pdf,0.original_foto_schede/basilicata/1700224713_PZ_Satriano_edificio singolo_casa a scala esterna/download (13).pdf,1700224713,5319,e38b93a0-926d-4307-a4f9-f1d6bd77a877,e38b93a0-926d-4307-a4f9-f1d6bd77a877.png,1.output_png_schede/e38b93a0-926d-4307-a4f9-f1d6bd77a877.png,exported
basilicata/1700224722_PZ_Satriano di Lucania_edificio con annessi_casa con torre,download (6).pdf,0.original_foto_schede/basilicata/1700224722_PZ_Satriano di Lucania_edificio con annessi_casa con torre/download (6).pdf,1700224722,24541,79a617d8-85a3-42d6-9c31-eda77ab525b2,79a617d8-85a3-42d6-9c31-eda77ab525b2.png,1.output_png_schede/79a617d8-85a3-42d6-9c31-eda77ab525b2.png,exported
basilicata/1700224729_PZ_Satriano di Lucania_complesso_insediamento rurale,download (6).pdf,0.original_foto_schede/basilicata/1700224729_PZ_Satriano di Lucania_complesso_insediamento rurale/download (6).pdf,1700224729,24571,3ad076d5-1819-4cb6-a0dc-0b80337dca35,3ad076d5-1819-4cb6-a0dc-0b80337dca35.png,1.output_png_schede/3ad076d5-1819-4cb6-a0dc-0b80337dca35.png,exported
basilicata/1700224740_PZ_Savoia di Lucania_edificio singolo_casa a scala esterna,download (13).pdf,0.original_foto_schede/basilicata/1700224740_PZ_Savoia di Lucania_edificio singolo_casa a scala esterna/download (13).pdf,1700224740,5696,7682d9c6-b05c-4d56-8b44-fd281309784a,7682d9c6-b05c-4d56-8b44-fd281309784a.png,1.output_png_schede/7682d9c6-b05c-4d56-8b44-fd281309784a.png,exported
basilicata/1700224768_PZ_Marsico Nuovo_complesso_masseria,download (13).pdf,0.original_foto_schede/basilicata/1700224768_PZ_Marsico Nuovo_complesso_masseria/download (13).pdf,1700224768,1277,2b0f3bae-705b-460b-9f44-11a84848197a,2b0f3bae-705b-460b-9f44-11a84848197a.png,1.output_png_schede/2b0f3bae-705b-460b-9f44-11a84848197a.png,exported
basilicata/1700224770_PZ_Marsico Nuovo_complesso_masseria,download (13).pdf,0.original_foto_schede/basilicata/1700224770_PZ_Marsico Nuovo_complesso_masseria/download (13).pdf,1700224770,47,9a47df01-c4d6-4117-81f8-bb30a1ddd8a4,9a47df01-c4d6-4117-81f8-bb30a1ddd8a4.png,1.output_png_schede/9a47df01-c4d6-4117-81f8-bb30a1ddd8a4.png,exported
basilicata/1700224774_PZ_Marsico Nuovo_complesso_masseria,download (13).pdf,0.original_foto_schede/basilicata/1700224774_PZ_Marsico Nuovo_complesso_masseria/download (13).pdf,1700224774,1226,903abca8-2373-4d79-81c5-c64d39dd1113,903abca8-2373-4d79-81c5-c64d39dd1113.png,1.output_png_schede/903abca8-2373-4d79-81c5-c64d39dd1113.png,exported
basilicata/1700224796_MT_Miglionico_complesso_masseria,download (13).pdf,0.original_foto_schede/basilicata/1700224796_MT_Miglionico_complesso_masseria/download (13).pdf,1700224796,22090,1b8a5a59-694e-45ba-9bd8-665bf5d42c51,1b8a5a59-694e-45ba-9bd8-665bf5d42c51.png,1.output_png_schede/1b8a5a59-694e-45ba-9bd8-665bf5d42c51.png,exported
basilicata/1700225490_PZ_Ginestra_edificio con annessi_casino,download (6).pdf,0.original_foto_schede/basilicata/1700225490_PZ_Ginestra_edificio con annessi_casino/download (6).pdf,1700225490,31355,5e0ac060-f3bb-4b92-88d1-a90426edcf57,5e0ac060-f3bb-4b92-88d1-a90426edcf57.png,1.output_png_schede/5e0ac060-f3bb-4b92-88d1-a90426edcf57.png,exported
basilicata/1700225563_PZ_Guardia Perticara_edificio singolo_casa a scala esterna,download (13).pdf,0.original_foto_schede/basilicata/1700225563_PZ_Guardia Perticara_edificio singolo_casa a scala esterna/download (13).pdf,1700225563,38658,384af2f5-11cb-41b5-ba80-cbb511d37283,384af2f5-11cb-41b5-ba80-cbb511d37283.png,1.output_png_schede/384af2f5-11cb-41b5-ba80-cbb511d37283.png,exported
calabria/1800178855_KR_Cirò_edificio singolo_masseria fortificata,download (13).pdf,0.original_foto_schede/calabria/1800178855_KR_Cirò_edificio singolo_masseria fortificata/download (13).pdf,1800178855,3586,e7456750-ce6f-45ad-b9ff-6a1521361bc7,e7456750-ce6f-45ad-b9ff-6a1521361bc7.png,1.output_png_schede/e7456750-ce6f-45ad-b9ff-6a1521361bc7.png,exported
calabria/1800178863_KR_Cutro_complesso_masseria a corte,download (13).pdf,0.original_foto_schede/calabria/1800178863_KR_Cutro_complesso_masseria a corte/download (13).pdf,1800178863,3841,0ee51f3c-23f1-49fe-9147-bd1b61b0b0ac,0ee51f3c-23f1-49fe-9147-bd1b61b0b0ac.png,1.output_png_schede/0ee51f3c-23f1-49fe-9147-bd1b61b0b0ac.png,exported
calabria/1800178881_RC_Gioiosa Jonica_edificio con annessi_casa a padiglione,download (13).pdf,0.original_foto_schede/calabria/1800178881_RC_Gioiosa Jonica_edificio con annessi_casa a padiglione/download (13).pdf,1800178881,2059,df9bf84e-5d1d-4c7d-bd22-e1db539b3689,df9bf84e-5d1d-4c7d-bd22-e1db539b3689.png,1.output_png_schede/df9bf84e-5d1d-4c7d-bd22-e1db539b3689.png,exported
calabria/1800194432_KR_Cirò Marina_complesso_casa edifici affiancati,download (13).pdf,0.original_foto_schede/calabria/1800194432_KR_Cirò Marina_complesso_casa edifici affiancati/download (13).pdf,1800194432,23084,fbbd9c47-12f0-4d02-91b1-84d7659caffe,fbbd9c47-12f0-4d02-91b1-84d7659caffe.png,1.output_png_schede/fbbd9c47-12f0-4d02-91b1-84d7659caffe.png,exported
calabria/1800194451_KR_Crotone_complesso_masseria con torre,download (13).pdf,0.original_foto_schede/calabria/1800194451_KR_Crotone_complesso_masseria con torre/download (13).pdf,1800194451,23209,6c0505a7-6afa-42cf-af69-a568acca04bc,6c0505a7-6afa-42cf-af69-a568acca04bc.png,1.output_png_schede/6c0505a7-6afa-42cf-af69-a568acca04bc.png,exported
calabria/1800194557_KR_Cirò Marina_complesso_masseria a corte,download (13).pdf,0.original_foto_schede/calabria/1800194557_KR_Cirò Marina_complesso_masseria a corte/download (13).pdf,1800194557,31481,1be76e2a-a2a2-46aa-9017-2a3911eae468,1be76e2a-a2a2-46aa-9017-2a3911eae468.png,1.output_png_schede/1be76e2a-a2a2-46aa-9017-2a3911eae468.png,exported
calabria/1800194559_KR_Crucoli_complesso_masseria fortificata a corte,download (13).pdf,0.original_foto_schede/calabria/1800194559_KR_Crucoli_complesso_masseria fortificata a corte/download (13).pdf,1800194559,31463,951dc9bc-7715-4b0c-8020-144e405a24f6,951dc9bc-7715-4b0c-8020-144e405a24f6.png,1.output_png_schede/951dc9bc-7715-4b0c-8020-144e405a24f6.png,exported
calabria/1800194904_KR_Petilia Policastro_edificio singolo_casino,download (13).pdf,0.original_foto_schede/calabria/1800194904_KR_Petilia Policastro_edificio singolo_casino/download (13).pdf,1800194904,35794,dac6f569-ffc1-46ed-98bd-00a67548d81d,dac6f569-ffc1-46ed-98bd-00a67548d81d.png,1.output_png_schede/dac6f569-ffc1-46ed-98bd-00a67548d81d.png,exported
calabria/1800194944_VV_Nicotera_complesso_masseria,download (13).pdf,0.original_foto_schede/calabria/1800194944_VV_Nicotera_complesso_masseria/download (13).pdf,1800194944,38863,1e19238d-022b-4c24-9237-e23f7e7b3283,1e19238d-022b-4c24-9237-e23f7e7b3283.png,1.output_png_schede/1e19238d-022b-4c24-9237-e23f7e7b3283.png,exported
calabria/1800194970_VV_Drapia_edificio con annessi_casale,download (13).pdf,0.original_foto_schede/calabria/1800194970_VV_Drapia_edificio con annessi_casale/download (13).pdf,1800194970,38713,c59d8d5a-d3ef-429d-9378-8e4ff017aff6,c59d8d5a-d3ef-429d-9378-8e4ff017aff6.png,1.output_png_schede/c59d8d5a-d3ef-429d-9378-8e4ff017aff6.png,exported
calabria/1800196527_RC_Oppido Mamertina_edificio con annessi_casa a scala esterna,download (13).pdf,0.original_foto_schede/calabria/1800196527_RC_Oppido Mamertina_edificio con annessi_casa a scala esterna/download (13).pdf,1800196527,39306,a9aba613-bd87-4238-83a5-e617cc6a710b,a9aba613-bd87-4238-83a5-e617cc6a710b.png,1.output_png_schede/a9aba613-bd87-4238-83a5-e617cc6a710b.png,exported
calabria/1800197333_VV_Nicotera_edificio singolo_casale,download (13).pdf,0.original_foto_schede/calabria/1800197333_VV_Nicotera_edificio singolo_casale/download (13).pdf,1800197333,39418,939cd32c-a4e9-4322-8d89-2bc352c87369,939cd32c-a4e9-4322-8d89-2bc352c87369.png,1.output_png_schede/939cd32c-a4e9-4322-8d89-2bc352c87369.png,exported
calabria/1800197526_VV_Zungri_edificio con annessi_casale,download (13).pdf,0.original_foto_schede/calabria/1800197526_VV_Zungri_edificio con annessi_casale/download (13).pdf,1800197526,43484,f5b4caaf-264f-49e3-95d1-2bf109f38898,f5b4caaf-264f-49e3-95d1-2bf109f38898.png,1.output_png_schede/f5b4caaf-264f-49e3-95d1-2bf109f38898.png,exported
calabria/1800197627_RC_Condofuri_complesso_casa a edifici affiancati,download (13).pdf,0.original_foto_schede/calabria/1800197627_RC_Condofuri_complesso_casa a edifici affiancati/download (13).pdf,1800197627,42663,344d254b-5de8-46b6-935e-af19bde02248,344d254b-5de8-46b6-935e-af19bde02248.png,1.output_png_schede/344d254b-5de8-46b6-935e-af19bde02248.png,exported
calabria/1800197674_VV_Drapia_edficio con annessi_casale,download (13).pdf,0.original_foto_schede/calabria/1800197674_VV_Drapia_edficio con annessi_casale/download (13).pdf,1800197674,44333,161c0a80-6a7d-4f9c-9d3d-bbac3419d4b7,161c0a80-6a7d-4f9c-9d3d-bbac3419d4b7.png,1.output_png_schede/161c0a80-6a7d-4f9c-9d3d-bbac3419d4b7.png,exported
calabria/1800197679_VV_Spilinga_edificio con annessi_casa a scala esterna,download (13).pdf,0.original_foto_schede/calabria/1800197679_VV_Spilinga_edificio con annessi_casa a scala esterna/download (13).pdf,1800197679,44266,60aedbab-a31c-4d1c-b56b-786f7444a8c2,60aedbab-a31c-4d1c-b56b-786f7444a8c2.png,1.output_png_schede/60aedbab-a31c-4d1c-b56b-786f7444a8c2.png,exported
calabria/1800197697_VV_Zaccanopoli_edificio con annessi_casale,download (13).pdf,0.original_foto_schede/calabria/1800197697_VV_Zaccanopoli_edificio con annessi_casale/download (13).pdf,1800197697,44310,139918d7-9a02-49cf-994e-f7f42a23e2e4,139918d7-9a02-49cf-994e-f7f42a23e2e4.png,1.output_png_schede/139918d7-9a02-49cf-994e-f7f42a23e2e4.png,exported
calabria/1800197699_VV_Drapia_edificio con annessi_casale,download (13).pdf,0.original_foto_schede/calabria/1800197699_VV_Drapia_edificio con annessi_casale/download (13).pdf,1800197699,42468,15878fc6-895c-46e1-9c44-eebdf82ac276,15878fc6-895c-46e1-9c44-eebdf82ac276.png,1.output_png_schede/15878fc6-895c-46e1-9c44-eebdf82ac276.png,exported
campania/1500951813_AV_Senerchia_edificio con annessi_casolare,download (13).pdf,0.original_foto_schede/campania/1500951813_AV_Senerchia_edificio con annessi_casolare/download (13).pdf,1500951813,16574,c7c0a087-8be8-4ccd-84af-df06f29ec691,c7c0a087-8be8-4ccd-84af-df06f29ec691.png,1.output_png_schede/c7c0a087-8be8-4ccd-84af-df06f29ec691.png,exported
campania/1500952380_AV_Calabritto_edificio singolo_stazzo,download (1).pdf,0.original_foto_schede/campania/1500952380_AV_Calabritto_edificio singolo_stazzo/download (1).pdf,1500952380,17014,47533997-28e5-45bc-8442-e5205cca9f61,47533997-28e5-45bc-8442-e5205cca9f61.png,1.output_png_schede/47533997-28e5-45bc-8442-e5205cca9f61.png,exported
campania/1500956322_AV_Andretta_complesso_casa a edifici separati,download (6).pdf,0.original_foto_schede/campania/1500956322_AV_Andretta_complesso_casa a edifici separati/download (6).pdf,1500956322,17165,064b2e9a-e43b-4765-9f15-6eea85216e52,064b2e9a-e43b-4765-9f15-6eea85216e52.png,1.output_png_schede/064b2e9a-e43b-4765-9f15-6eea85216e52.png,exported
campania/1500956392_CE_Falciano del Massico_edificio singolo_casa,download (13).pdf,0.original_foto_schede/campania/1500956392_CE_Falciano del Massico_edificio singolo_casa/download (13).pdf,1500956392,17325,11246204-3ca3-4c29-9079-fb11a35a2c1d,11246204-3ca3-4c29-9079-fb11a35a2c1d.png,1.output_png_schede/11246204-3ca3-4c29-9079-fb11a35a2c1d.png,exported
campania/1500956719_AV_Andretta_complesso_casa edifici affiancati,download (6).pdf,0.original_foto_schede/campania/1500956719_AV_Andretta_complesso_casa edifici affiancati/download (6).pdf,1500956719,17622,73b8021f-bdb3-4e35-b0c3-6cdf32ac9409,73b8021f-bdb3-4e35-b0c3-6cdf32ac9409.png,1.output_png_schede/73b8021f-bdb3-4e35-b0c3-6cdf32ac9409.png,exported
campania/1500957046_SA_Oliveto Citra_edificio singolo_casa a ballatoio,download (13).pdf,0.original_foto_schede/campania/1500957046_SA_Oliveto Citra_edificio singolo_casa a ballatoio/download (13).pdf,1500957046,35143,db78efcd-fba0-4ae4-a9c2-e5786b006d34,db78efcd-fba0-4ae4-a9c2-e5786b006d34.png,1.output_png_schede/db78efcd-fba0-4ae4-a9c2-e5786b006d34.png,exported
campania/1500957058_Cancello e Arnone_CE_edificio con annessi,download (13).pdf,0.original_foto_schede/campania/1500957058_Cancello e Arnone_CE_edificio con annessi/download (13).pdf,1500957058,21641,9881c701-bc85-4b52-8dd7-cf3ead0c9e9d,9881c701-bc85-4b52-8dd7-cf3ead0c9e9d.png,1.output_png_schede/9881c701-bc85-4b52-8dd7-cf3ead0c9e9d.png,exported
campania/1500957067_Grazzanise_CE_edificio con annessi,download (13).pdf,0.original_foto_schede/campania/1500957067_Grazzanise_CE_edificio con annessi/download (13).pdf,,,,,,no_matching_iccd_code
campania/1500957105_Grazzanise_CE_edificio con annessi,download (13).pdf,0.original_foto_schede/campania/1500957105_Grazzanise_CE_edificio con annessi/download (13).pdf,1500957105,1666,92488e26-6fee-4d34-bc2d-7005981c210f,92488e26-6fee-4d34-bc2d-7005981c210f.png,1.output_png_schede/92488e26-6fee-4d34-bc2d-7005981c210f.png,exported
campania/1500957232_SA_Auletta_edificio singolo_casolare,download (13).pdf,0.original_foto_schede/campania/1500957232_SA_Auletta_edificio singolo_casolare/download (13).pdf,1500957232,38162,9c127a30-deb0-4dc0-b366-774a0d6f2bc7,9c127a30-deb0-4dc0-b366-774a0d6f2bc7.png,1.output_png_schede/9c127a30-deb0-4dc0-b366-774a0d6f2bc7.png,exported
campania/1500957673_Grazzanise_CE_edificio con annessi,download (13).pdf,0.original_foto_schede/campania/1500957673_Grazzanise_CE_edificio con annessi/download (13).pdf,1500957673,28948,20ba528b-7952-437f-b8fb-44a69c06a396,20ba528b-7952-437f-b8fb-44a69c06a396.png,1.output_png_schede/20ba528b-7952-437f-b8fb-44a69c06a396.png,exported
campania/1500957698_Grazzanise_CE_edificio con annessi,download (13).pdf,0.original_foto_schede/campania/1500957698_Grazzanise_CE_edificio con annessi/download (13).pdf,1500957698,28882,6a2f61f8-2c67-4c73-91ba-f83b6912486d,6a2f61f8-2c67-4c73-91ba-f83b6912486d.png,1.output_png_schede/6a2f61f8-2c67-4c73-91ba-f83b6912486d.png,exported
campania/1500962989_AV_Miletto_edificio singolo_casolare,download (13).pdf,0.original_foto_schede/campania/1500962989_AV_Miletto_edificio singolo_casolare/download (13).pdf,1500962989,26869,35f6a16a-1024-4f57-ad7b-75a579b7152b,35f6a16a-1024-4f57-ad7b-75a579b7152b.png,1.output_png_schede/35f6a16a-1024-4f57-ad7b-75a579b7152b.png,exported
campania/1500962999_Villa Literno_CE_edificio con annessi,download (13).pdf,0.original_foto_schede/campania/1500962999_Villa Literno_CE_edificio con annessi/download (13).pdf,1500962999,34820,54b04443-8015-4d6e-a6d5-5a437f5782fe,54b04443-8015-4d6e-a6d5-5a437f5782fe.png,1.output_png_schede/54b04443-8015-4d6e-a6d5-5a437f5782fe.png,exported
campania/1500963000_CE_Riardo_complesso_masseria,download (13).pdf,0.original_foto_schede/campania/1500963000_CE_Riardo_complesso_masseria/download (13).pdf,1500963000,28478,b3beccad-adfd-4768-944e-fd4deccd16a7,b3beccad-adfd-4768-944e-fd4deccd16a7.png,1.output_png_schede/b3beccad-adfd-4768-944e-fd4deccd16a7.png,exported
campania/1500963128_AV_complesso_masseria fortificata,download (6).pdf,0.original_foto_schede/campania/1500963128_AV_complesso_masseria fortificata/download (6).pdf,1500963128,40843,a647f319-24a6-47e5-8f75-2ced8a76c165,a647f319-24a6-47e5-8f75-2ced8a76c165.png,1.output_png_schede/a647f319-24a6-47e5-8f75-2ced8a76c165.png,exported
campania/1500963135_AV_Calitri_complesso_masseria,download (13).pdf,0.original_foto_schede/campania/1500963135_AV_Calitri_complesso_masseria/download (13).pdf,1500963135,40840,f863c9a6-f43e-4812-a53c-cf023755d0df,f863c9a6-f43e-4812-a53c-cf023755d0df.png,1.output_png_schede/f863c9a6-f43e-4812-a53c-cf023755d0df.png,exported
campania/1500965097_S. Maria la fossa_CE_edificio con annessi,download (13).pdf,0.original_foto_schede/campania/1500965097_S. Maria la fossa_CE_edificio con annessi/download (13).pdf,1500965097,40038,ff8e81f1-53a5-46cb-8c4a-b10d96a6428c,ff8e81f1-53a5-46cb-8c4a-b10d96a6428c.png,1.output_png_schede/ff8e81f1-53a5-46cb-8c4a-b10d96a6428c.png,exported
campania/1500965118_S.Maria la Fossa_CE_edificio con annessi,download (13).pdf,0.original_foto_schede/campania/1500965118_S.Maria la Fossa_CE_edificio con annessi/download (13).pdf,1500965118,40021,4117a982-f061-41f0-a5ed-17741ed89bf0,4117a982-f061-41f0-a5ed-17741ed89bf0.png,1.output_png_schede/4117a982-f061-41f0-a5ed-17741ed89bf0.png,exported
campania/1500965143_AV_Frigento_complesso_masseria,download (13).pdf,0.original_foto_schede/campania/1500965143_AV_Frigento_complesso_masseria/download (13).pdf,1500965143,36237,6dea1a8c-be95-4c9c-ae3c-d3a8239c051b,6dea1a8c-be95-4c9c-ae3c-d3a8239c051b.png,1.output_png_schede/6dea1a8c-be95-4c9c-ae3c-d3a8239c051b.png,exported
campania/1500965155_AV_Mirabella Eclano_complesso_casa edifici affiancati,download (13).pdf,0.original_foto_schede/campania/1500965155_AV_Mirabella Eclano_complesso_casa edifici affiancati/download (13).pdf,1500965155,41986,e0449426-1910-4129-ba74-cb73964f0759,e0449426-1910-4129-ba74-cb73964f0759.png,1.output_png_schede/e0449426-1910-4129-ba74-cb73964f0759.png,exported
campania/1500965243_AV_Avellino_edificio con annessi_casale,download (13).pdf,0.original_foto_schede/campania/1500965243_AV_Avellino_edificio con annessi_casale/download (13).pdf,1500965243,41665,91175aaa-b748-40f7-9be3-85f9e1dd47fb,91175aaa-b748-40f7-9be3-85f9e1dd47fb.png,1.output_png_schede/91175aaa-b748-40f7-9be3-85f9e1dd47fb.png,exported
emilia_romagna/0800694066_RE_Montecchio Emilia_COM_corte rurale,0800694066_RE_Montecchio Emilia_COM_corte rurale.pdf,0.original_foto_schede/emilia_romagna/0800694066_RE_Montecchio Emilia_COM_corte rurale/0800694066_RE_Montecchio Emilia_COM_corte rurale.pdf,0800694066,12591,5da748f9-addb-430d-aa15-31a86d27749c,5da748f9-addb-430d-aa15-31a86d27749c.png,1.output_png_schede/5da748f9-addb-430d-aa15-31a86d27749c.png,exported
emilia_romagna/0800694095_FE_COM_casa edifici affiancati_NO,0800694095_FE_COM_casa edifici affiancati.pdf,0.original_foto_schede/emilia_romagna/0800694095_FE_COM_casa edifici affiancati_NO/0800694095_FE_COM_casa edifici affiancati.pdf,0800694095,44051,6703df88-516c-4d9f-a6eb-63558f670d79,6703df88-516c-4d9f-a6eb-63558f670d79.png,1.output_png_schede/6703df88-516c-4d9f-a6eb-63558f670d79.png,exported
emilia_romagna/0800697664_RE_Bibbiana_EDSIN_casa con torre,0800697664_RE_Bibbiana_EDSIN_casa con torre.pdf,0.original_foto_schede/emilia_romagna/0800697664_RE_Bibbiana_EDSIN_casa con torre/0800697664_RE_Bibbiana_EDSIN_casa con torre.pdf,0800697664,13699,03d8a957-5cc3-4da8-a160-2b733143771a,03d8a957-5cc3-4da8-a160-2b733143771a.png,1.output_png_schede/03d8a957-5cc3-4da8-a160-2b733143771a.png,exported
emilia_romagna/0800699864_MO_Campogalliano_COM_corte rurale aperta,0800699864_MO_Campogalliano_COM_corte rurale aperta.pdf,0.original_foto_schede/emilia_romagna/0800699864_MO_Campogalliano_COM_corte rurale aperta/0800699864_MO_Campogalliano_COM_corte rurale aperta.pdf,0800699864,11456,9a3f31a3-d279-4cc6-9578-e3b2e8570863,9a3f31a3-d279-4cc6-9578-e3b2e8570863.png,1.output_png_schede/9a3f31a3-d279-4cc6-9578-e3b2e8570863.png,exported
emilia_romagna/0800701008_BO_Mordano_EDANN_cascina,0800701008_BO_Mordano_EDANN_cascina.pdf,0.original_foto_schede/emilia_romagna/0800701008_BO_Mordano_EDANN_cascina/0800701008_BO_Mordano_EDANN_cascina.pdf,0800701008,807,945a055f-317f-4798-9790-2e180fe60ba1,945a055f-317f-4798-9790-2e180fe60ba1.png,1.output_png_schede/945a055f-317f-4798-9790-2e180fe60ba1.png,exported
emilia_romagna/0800702272_PC_Lugagnano Val d_Arda_COM_casa ed affiancati,PC_Lugagnano Val d_Arda_COM_casa ed affiancati.pdf,0.original_foto_schede/emilia_romagna/0800702272_PC_Lugagnano Val d_Arda_COM_casa ed affiancati/PC_Lugagnano Val d_Arda_COM_casa ed affiancati.pdf,0800702272,1034,13573cff-3b6e-48eb-b45f-fe37c4b21d74,13573cff-3b6e-48eb-b45f-fe37c4b21d74.png,1.output_png_schede/13573cff-3b6e-48eb-b45f-fe37c4b21d74.png,exported
emilia_romagna/0800702702_FE_Poggio Renatico_EDANN_casa con torre,0800702702_FE_Poggio Renatico_EDANN_casa con torre.pdf,0.original_foto_schede/emilia_romagna/0800702702_FE_Poggio Renatico_EDANN_casa con torre/0800702702_FE_Poggio Renatico_EDANN_casa con torre.pdf,0800702702,43583,6d949d4a-d546-4799-88b9-be309a28758a,6d949d4a-d546-4799-88b9-be309a28758a.png,1.output_png_schede/6d949d4a-d546-4799-88b9-be309a28758a.png,exported
emilia_romagna/fidenza01,fidenza01.pdf,0.original_foto_schede/emilia_romagna/fidenza01/fidenza01.pdf,0800701099,5654,977446ed-233a-432a-a34d-83d4eb78729e,977446ed-233a-432a-a34d-83d4eb78729e.png,1.output_png_schede/977446ed-233a-432a-a34d-83d4eb78729e.png,exported
friuli/0600183736_UD_S. Leonardo_casa a ballatoio,0600183736_UD_S. Leonardo_casa a ballatoio.pdf,0.original_foto_schede/friuli/0600183736_UD_S. Leonardo_casa a ballatoio/0600183736_UD_S. Leonardo_casa a ballatoio.pdf,0600183736,5275,7c562f39-2cad-4bdf-bdce-e53b14699c49,7c562f39-2cad-4bdf-bdce-e53b14699c49.png,1.output_png_schede/7c562f39-2cad-4bdf-bdce-e53b14699c49.png,exported
friuli/claut01,claut01.pdf,0.original_foto_schede/friuli/claut01/claut01.pdf,0600183579,4145,2f9e2a1d-9cab-4c19-8ade-e48d4979b501,2f9e2a1d-9cab-4c19-8ade-e48d4979b501.png,1.output_png_schede/2f9e2a1d-9cab-4c19-8ade-e48d4979b501.png,exported
friuli/tramonti01,tramonti01.pdf,0.original_foto_schede/friuli/tramonti01/tramonti01.pdf,0600183492,23024,8b525e04-6ad8-4447-9c24-4c5c52595fae,8b525e04-6ad8-4447-9c24-4c5c52595fae.png,1.output_png_schede/8b525e04-6ad8-4447-9c24-4c5c52595fae.png,exported
friuli/tramonti02,tramonti02.pdf,0.original_foto_schede/friuli/tramonti02/tramonti02.pdf,0600191013,23178,144db232-5705-4824-a325-d38b8f51875c,144db232-5705-4824-a325-d38b8f51875c.png,1.output_png_schede/144db232-5705-4824-a325-d38b8f51875c.png,exported
"lazio/Acquapendente (VT)_ Strada Campo Morino_ED.ANN., casa a scala esterna",download.pdf,"0.original_foto_schede/lazio/Acquapendente (VT)_ Strada Campo Morino_ED.ANN., casa a scala esterna/download.pdf",1201418148,41321,1dec72a4-f4fa-48b8-bc57-a9c9f98782a1,1dec72a4-f4fa-48b8-bc57-a9c9f98782a1.png,1.output_png_schede/1dec72a4-f4fa-48b8-bc57-a9c9f98782a1.png,exported
"lazio/Acuto (FR)_ Via Macerie 4_EDIFICIO SINGOLO, stazzo_1201418952",download.pdf,"0.original_foto_schede/lazio/Acuto (FR)_ Via Macerie 4_EDIFICIO SINGOLO, stazzo_1201418952/download.pdf",1201418952,43126,b2f1a9a8-263a-4e9b-9738-442553553361,b2f1a9a8-263a-4e9b-9738-442553553361.png,1.output_png_schede/b2f1a9a8-263a-4e9b-9738-442553553361.png,exported
"lazio/Alatri (FR)_ Via Valle Cicogna 31_ED.SING., scala esterna",download.pdf,"0.original_foto_schede/lazio/Alatri (FR)_ Via Valle Cicogna 31_ED.SING., scala esterna/download.pdf",1201417030,27298,caf2e85d-bf9e-4df8-a4da-3574f11daef3,caf2e85d-bf9e-4df8-a4da-3574f11daef3.png,1.output_png_schede/caf2e85d-bf9e-4df8-a4da-3574f11daef3.png,exported
"lazio/Alvito (FR)_ Via Piano Macchialonga 27_EDIFICIO SINGOLO, casale_1201418943",download.pdf,"0.original_foto_schede/lazio/Alvito (FR)_ Via Piano Macchialonga 27_EDIFICIO SINGOLO, casale_1201418943/download.pdf",1201418943,42139,a71f9167-2160-4862-98a0-bf51bcddebd0,a71f9167-2160-4862-98a0-bf51bcddebd0.png,1.output_png_schede/a71f9167-2160-4862-98a0-bf51bcddebd0.png,exported
"lazio/Anagni (FR)_ Via Preturi 41_EDIFICIO SINGOLO, dimora stagionale_1201418941",download.pdf,"0.original_foto_schede/lazio/Anagni (FR)_ Via Preturi 41_EDIFICIO SINGOLO, dimora stagionale_1201418941/download.pdf",1201418941,39066,15d021d3-dd0d-46bc-948b-ed1c9ddce6a3,15d021d3-dd0d-46bc-948b-ed1c9ddce6a3.png,1.output_png_schede/15d021d3-dd0d-46bc-948b-ed1c9ddce6a3.png,exported
lazio/Aprilia (LT)_ Via Apriliana 137_EDIFICIO CON ANNESSI_casale,download.pdf,0.original_foto_schede/lazio/Aprilia (LT)_ Via Apriliana 137_EDIFICIO CON ANNESSI_casale/download.pdf,1201416096,43766,cab0e3a5-3342-4736-af7c-d5ca4f96a586,cab0e3a5-3342-4736-af7c-d5ca4f96a586.png,1.output_png_schede/cab0e3a5-3342-4736-af7c-d5ca4f96a586.png,exported
lazio/Aprilia (LT)_ Via Tufello 28_EDIFICIO CON ANNESSI_casale,download.pdf,0.original_foto_schede/lazio/Aprilia (LT)_ Via Tufello 28_EDIFICIO CON ANNESSI_casale/download.pdf,1201415957,3123,8e974f79-5887-425f-88c8-2ffa06d2dec4,8e974f79-5887-425f-88c8-2ffa06d2dec4.png,1.output_png_schede/8e974f79-5887-425f-88c8-2ffa06d2dec4.png,exported
lazio/Arce (FR)_ Casale Pantanaccio via Campostefano 254,download.pdf,0.original_foto_schede/lazio/Arce (FR)_ Casale Pantanaccio via Campostefano 254/download.pdf,,,,,,no_matching_iccd_code
"lazio/Arce (FR)_ Via Campostefano 254_EDIFICIO SINGOLO, casale_1201412196",download.pdf,"0.original_foto_schede/lazio/Arce (FR)_ Via Campostefano 254_EDIFICIO SINGOLO, casale_1201412196/download.pdf",1201412196,18850,ac98ffe5-ec47-4ada-b58a-f12eaef0990f,ac98ffe5-ec47-4ada-b58a-f12eaef0990f.png,1.output_png_schede/ac98ffe5-ec47-4ada-b58a-f12eaef0990f.png,exported
"lazio/Arpino (FR)_ Contrada Coste Calde 14_EDIFICIO SINGOLO, casa con torre_1201415801",download.pdf,"0.original_foto_schede/lazio/Arpino (FR)_ Contrada Coste Calde 14_EDIFICIO SINGOLO, casa con torre_1201415801/download.pdf",1201415801,24858,7a27c0cc-1e2a-4016-b48d-dadf0b736839,7a27c0cc-1e2a-4016-b48d-dadf0b736839.png,1.output_png_schede/7a27c0cc-1e2a-4016-b48d-dadf0b736839.png,exported
"lazio/Atina (FR)_ Via Vecchia Sferracavallo 1431_EDIFICIO SINGOLO, casale_1201417608",download.pdf,"0.original_foto_schede/lazio/Atina (FR)_ Via Vecchia Sferracavallo 1431_EDIFICIO SINGOLO, casale_1201417608/download.pdf",1201417608,21573,6ba97814-fc00-4e33-b338-2a548da306e8,6ba97814-fc00-4e33-b338-2a548da306e8.png,1.output_png_schede/6ba97814-fc00-4e33-b338-2a548da306e8.png,exported
lazio/Ausonia (FR)_ Via Bastia_EDIFICIO CON ANNESSI_casa rurale di montagna,download.pdf,0.original_foto_schede/lazio/Ausonia (FR)_ Via Bastia_EDIFICIO CON ANNESSI_casa rurale di montagna/download.pdf,1201416051,24078,78429b8b-1c20-4595-87f3-ddd47e2b1f18,78429b8b-1c20-4595-87f3-ddd47e2b1f18.png,1.output_png_schede/78429b8b-1c20-4595-87f3-ddd47e2b1f18.png,exported
lazio/Bagnoregio (VT)_ strada provinciale 6_Casale Podere Sterpeti_EDIFICIO CON ANNESSI casale,download.pdf,0.original_foto_schede/lazio/Bagnoregio (VT)_ strada provinciale 6_Casale Podere Sterpeti_EDIFICIO CON ANNESSI casale/download.pdf,1201413684,19283,9e658dbb-cb23-4d6a-861e-05f5871be7b4,9e658dbb-cb23-4d6a-861e-05f5871be7b4.png,1.output_png_schede/9e658dbb-cb23-4d6a-861e-05f5871be7b4.png,exported
lazio/Bagnoregio (VT)_ Strada Provinciale Umbro-Casentinese_EDIFICIO CON ANNESSI_casale,download.pdf,0.original_foto_schede/lazio/Bagnoregio (VT)_ Strada Provinciale Umbro-Casentinese_EDIFICIO CON ANNESSI_casale/download.pdf,1201415674,9919,0b8b5e17-fdc3-41b2-b4a7-b542793ec943,0b8b5e17-fdc3-41b2-b4a7-b542793ec943.png,1.output_png_schede/0b8b5e17-fdc3-41b2-b4a7-b542793ec943.png,exported
lazio/Bomarzo (VT)_ Via G. Verga snc_EDIFICIO SINGOLO_casa con torre_,download.pdf,0.original_foto_schede/lazio/Bomarzo (VT)_ Via G. Verga snc_EDIFICIO SINGOLO_casa con torre_/download.pdf,1201418131,41319,787019e0-58a0-42a5-a0a7-9dddb941519d,787019e0-58a0-42a5-a0a7-9dddb941519d.png,1.output_png_schede/787019e0-58a0-42a5-a0a7-9dddb941519d.png,exported
lazio/Borgorose (RI)_ Via Scarperia_EDIFICIO SINGOLO_casa di pendio,download.pdf,0.original_foto_schede/lazio/Borgorose (RI)_ Via Scarperia_EDIFICIO SINGOLO_casa di pendio/download.pdf,1201417915,34418,b3dc0422-212d-4daf-97ea-77f462e5ce23,b3dc0422-212d-4daf-97ea-77f462e5ce23.png,1.output_png_schede/b3dc0422-212d-4daf-97ea-77f462e5ce23.png,exported
lazio/Campodimele (LT)_ Località Costa del Maggio_EDIFICIO SINGOLO_casolare,download.pdf,0.original_foto_schede/lazio/Campodimele (LT)_ Località Costa del Maggio_EDIFICIO SINGOLO_casolare/download.pdf,1201412463,34908,c7a03954-e060-4734-aced-9f624dc26265,c7a03954-e060-4734-aced-9f624dc26265.png,1.output_png_schede/c7a03954-e060-4734-aced-9f624dc26265.png,exported
"lazio/Campodimele (LT)_ S.P. Le Querce, 5_EDIFICIO SINGOLO, casolare_1201412455",download.pdf,"0.original_foto_schede/lazio/Campodimele (LT)_ S.P. Le Querce, 5_EDIFICIO SINGOLO, casolare_1201412455/download.pdf",1201412455,34954,c42ff727-4f82-4116-8954-a502e1b1b7de,c42ff727-4f82-4116-8954-a502e1b1b7de.png,1.output_png_schede/c42ff727-4f82-4116-8954-a502e1b1b7de.png,exported
"lazio/Campodimele (LT)_ S.R. 82_EDIFICIO SINGOLO, dimora stagionale_1201412460",download.pdf,"0.original_foto_schede/lazio/Campodimele (LT)_ S.R. 82_EDIFICIO SINGOLO, dimora stagionale_1201412460/download.pdf",1201412460,36462,469dc8fe-501b-457f-93fc-82af075a5cbe,469dc8fe-501b-457f-93fc-82af075a5cbe.png,1.output_png_schede/469dc8fe-501b-457f-93fc-82af075a5cbe.png,exported
"lazio/Campodimele (LT)_ Strada Costa dei Grassi, 1_EDIFICIO CON ANNESSI_casolare",download.pdf,"0.original_foto_schede/lazio/Campodimele (LT)_ Strada Costa dei Grassi, 1_EDIFICIO CON ANNESSI_casolare/download.pdf",1201416973,37094,3cedb99a-af79-45bf-a427-c0df70673b29,3cedb99a-af79-45bf-a427-c0df70673b29.png,1.output_png_schede/3cedb99a-af79-45bf-a427-c0df70673b29.png,exported
"lazio/Campoli Appennino (FR)_ Via Prato_EDIFICIO SINGOLO, casale_1201412274",download.pdf,"0.original_foto_schede/lazio/Campoli Appennino (FR)_ Via Prato_EDIFICIO SINGOLO, casale_1201412274/download.pdf",1201412274,18909,9c0168eb-7874-409c-9be4-4a7af06d875a,9c0168eb-7874-409c-9be4-4a7af06d875a.png,1.output_png_schede/9c0168eb-7874-409c-9be4-4a7af06d875a.png,exported
lazio/Capranica (VT)_ SS2_EDIFICIO SINGOLO_villa,download.pdf,0.original_foto_schede/lazio/Capranica (VT)_ SS2_EDIFICIO SINGOLO_villa/download.pdf,1201417803,37681,92a85c5c-a99e-4542-aab4-964d8aa239e0,92a85c5c-a99e-4542-aab4-964d8aa239e0.png,1.output_png_schede/92a85c5c-a99e-4542-aab4-964d8aa239e0.png,exported
"lazio/Casalvieri (FR)_ Via Conte 5_EDIFICIO SINGOLO, casa a corte chiusa_1201418955",download.pdf,"0.original_foto_schede/lazio/Casalvieri (FR)_ Via Conte 5_EDIFICIO SINGOLO, casa a corte chiusa_1201418955/download.pdf",1201418955,43395,17f6cfc1-963c-401b-bd62-1becf7799ec1,17f6cfc1-963c-401b-bd62-1becf7799ec1.png,1.output_png_schede/17f6cfc1-963c-401b-bd62-1becf7799ec1.png,exported
"lazio/Cassino (FR)_ Via Mutaro_EDIFICIO SINGOLO, casa a scala esterna_1201418079",download.pdf,"0.original_foto_schede/lazio/Cassino (FR)_ Via Mutaro_EDIFICIO SINGOLO, casa a scala esterna_1201418079/download.pdf",1201418079,34594,48b6f691-91e0-4836-9b08-ce45b780864a,48b6f691-91e0-4836-9b08-ce45b780864a.png,1.output_png_schede/48b6f691-91e0-4836-9b08-ce45b780864a.png,exported
lazio/Castel Sant_Angelo (RI)_ Via Salaria_EDIFICIO SINGOLO_casale,download.pdf,0.original_foto_schede/lazio/Castel Sant_Angelo (RI)_ Via Salaria_EDIFICIO SINGOLO_casale/download.pdf,,,,,,no_matching_iccd_code
"lazio/Castelforte (LT)_ Località Saracinisco (Valle di Suio)_COMPLESSO, insediamento rurale_1201416700",download.pdf,"0.original_foto_schede/lazio/Castelforte (LT)_ Località Saracinisco (Valle di Suio)_COMPLESSO, insediamento rurale_1201416700/download.pdf",1201416700,34027,ce425445-26ff-4004-b74c-513b44812630,ce425445-26ff-4004-b74c-513b44812630.png,1.output_png_schede/ce425445-26ff-4004-b74c-513b44812630.png,exported
"lazio/Castelforte (LT)_ Via delle Terme, s.n.c. (S.P. Ausente)_EDIFICIO SINGOLO, casale_1201415982",download.pdf,"0.original_foto_schede/lazio/Castelforte (LT)_ Via delle Terme, s.n.c. (S.P. Ausente)_EDIFICIO SINGOLO, casale_1201415982/download.pdf",1201415982,50,9b68fde5-2f5f-482c-aeca-d8ad12497ded,9b68fde5-2f5f-482c-aeca-d8ad12497ded.png,1.output_png_schede/9b68fde5-2f5f-482c-aeca-d8ad12497ded.png,exported
"lazio/Castelforte (LT)_ Via Palombaia_EDIFICIO SINGOLO, casolare_1201415967",download.pdf,"0.original_foto_schede/lazio/Castelforte (LT)_ Via Palombaia_EDIFICIO SINGOLO, casolare_1201415967/download.pdf",1201415967,29227,daaf0249-7e62-4e4d-937d-000153d04f92,daaf0249-7e62-4e4d-937d-000153d04f92.png,1.output_png_schede/daaf0249-7e62-4e4d-937d-000153d04f92.png,exported
"lazio/Castelforte (LT)_ Via Valle di Suio_EDIFICIO SINGOLO, casa a scala esterna_1201416702",download.pdf,"0.original_foto_schede/lazio/Castelforte (LT)_ Via Valle di Suio_EDIFICIO SINGOLO, casa a scala esterna_1201416702/download.pdf",1201416702,34045,74f6b3a7-a55b-4306-8abe-fde0ed61016b,74f6b3a7-a55b-4306-8abe-fde0ed61016b.png,1.output_png_schede/74f6b3a7-a55b-4306-8abe-fde0ed61016b.png,exported
"lazio/Castelliri (FR)_ Strada SP169 n. 136_EDIFICIO SINGOLO, casale_1201415845",download.pdf,"0.original_foto_schede/lazio/Castelliri (FR)_ Strada SP169 n. 136_EDIFICIO SINGOLO, casale_1201415845/download.pdf",1201415845,3998,0f00b279-d059-497a-8661-46bc6a3c056a,0f00b279-d059-497a-8661-46bc6a3c056a.png,1.output_png_schede/0f00b279-d059-497a-8661-46bc6a3c056a.png,exported
lazio/Castelliri (FR)_ Strada SP169 n. 55_EDIFICIO CON ANNESSI_casolare,download.pdf,0.original_foto_schede/lazio/Castelliri (FR)_ Strada SP169 n. 55_EDIFICIO CON ANNESSI_casolare/download.pdf,1201416014,28411,02bb044c-8347-4335-8e1d-5d2f3844ded8,02bb044c-8347-4335-8e1d-5d2f3844ded8.png,1.output_png_schede/02bb044c-8347-4335-8e1d-5d2f3844ded8.png,exported
lazio/Civita Castellana (VT)_ Via Falerina 12_EDIFICIO SINGOLO_casa a scala esterna,download.pdf,0.original_foto_schede/lazio/Civita Castellana (VT)_ Via Falerina 12_EDIFICIO SINGOLO_casa a scala esterna/download.pdf,1201417728,36312,b4583f2d-e56e-4d21-842c-99b0b0dc0554,b4583f2d-e56e-4d21-842c-99b0b0dc0554.png,1.output_png_schede/b4583f2d-e56e-4d21-842c-99b0b0dc0554.png,exported
lazio/Civitella d_Agliano (VT)_ Strada Provinciale Teverina (variante)_EDIFICIO CON ANNESSI_casale,download.pdf,0.original_foto_schede/lazio/Civitella d_Agliano (VT)_ Strada Provinciale Teverina (variante)_EDIFICIO CON ANNESSI_casale/download.pdf,1201417725,37878,3f14ea78-6757-45df-ab4e-f06883d0f495,3f14ea78-6757-45df-ab4e-f06883d0f495.png,1.output_png_schede/3f14ea78-6757-45df-ab4e-f06883d0f495.png,exported
"lazio/Colfelice (FR)_ via Casilina 12_ED.ANN., casale",download.pdf,"0.original_foto_schede/lazio/Colfelice (FR)_ via Casilina 12_ED.ANN., casale/download.pdf",,,,,,no_matching_iccd_code
lazio/Coreno Ausonio (FR)_ Loc. Le Chianare_EDIFICIO SINGOLO_dimora stagionale,download.pdf,0.original_foto_schede/lazio/Coreno Ausonio (FR)_ Loc. Le Chianare_EDIFICIO SINGOLO_dimora stagionale/download.pdf,1201415162,19748,4b7752de-622e-4116-ab78-813ef608958b,4b7752de-622e-4116-ab78-813ef608958b.png,1.output_png_schede/4b7752de-622e-4116-ab78-813ef608958b.png,exported
lazio/Esperia (FR)_ Via Colle Morecine_EDIFICIO SINGOLO_casa,download.pdf,0.original_foto_schede/lazio/Esperia (FR)_ Via Colle Morecine_EDIFICIO SINGOLO_casa/download.pdf,1201416819,6522,c9af2e2e-ea73-4789-8b29-24483199b469,c9af2e2e-ea73-4789-8b29-24483199b469.png,1.output_png_schede/c9af2e2e-ea73-4789-8b29-24483199b469.png,exported
"lazio/Esperia (FR)_ Via Pisciandrone_EDIFICIO SINGOLO, casa rurale di montagna_1201416049",download.pdf,"0.original_foto_schede/lazio/Esperia (FR)_ Via Pisciandrone_EDIFICIO SINGOLO, casa rurale di montagna_1201416049/download.pdf",1201416049,23966,8ee5e18b-4f86-4833-82f8-736b02d84ad4,8ee5e18b-4f86-4833-82f8-736b02d84ad4.png,1.output_png_schede/8ee5e18b-4f86-4833-82f8-736b02d84ad4.png,exported
lazio/Fiumicino (RM)_ Centro Falconieri Via della Stazione di Palidoro_COMPLESSO_corte rurale,Centro Falconieri_ortofoto_1.pdf,0.original_foto_schede/lazio/Fiumicino (RM)_ Centro Falconieri Via della Stazione di Palidoro_COMPLESSO_corte rurale/Centro Falconieri_ortofoto_1.pdf,,,,,,no_matching_iccd_code
lazio/Fiumicino (RM)_ Centro Falconieri_Bonifica Torre in Pietra2_casa della bonifica,download.pdf,0.original_foto_schede/lazio/Fiumicino (RM)_ Centro Falconieri_Bonifica Torre in Pietra2_casa della bonifica/download.pdf,1201417796,37876,9e5279b0-5bd6-4077-a71d-137797020b1a,9e5279b0-5bd6-4077-a71d-137797020b1a.png,1.output_png_schede/9e5279b0-5bd6-4077-a71d-137797020b1a.png,exported
lazio/Fiumicino (RM)_ Centro Falconieri_Bonifica Torre in Pietra_casa della bonifica,download.pdf,0.original_foto_schede/lazio/Fiumicino (RM)_ Centro Falconieri_Bonifica Torre in Pietra_casa della bonifica/download.pdf,1201417797,37842,d073af56-f100-4429-bc4b-b91f3938be13,d073af56-f100-4429-bc4b-b91f3938be13.png,1.output_png_schede/d073af56-f100-4429-bc4b-b91f3938be13.png,exported
lazio/Fiumicino (RM)_ Centro Granaretto_Bonifica Torre in Pietra_casa della bonifica,Centro_Granaretto_ortofoto.pdf,0.original_foto_schede/lazio/Fiumicino (RM)_ Centro Granaretto_Bonifica Torre in Pietra_casa della bonifica/Centro_Granaretto_ortofoto.pdf,,,,,,no_matching_iccd_code
lazio/Fiumicino (RM)_ Centro Tre Denari_area nord ovest_bonifica Torre in Pietra_casa della bonifica,download.pdf,0.original_foto_schede/lazio/Fiumicino (RM)_ Centro Tre Denari_area nord ovest_bonifica Torre in Pietra_casa della bonifica/download.pdf,1201418317,43154,863e19b5-cbd3-4b4c-a091-0302d735b74e,863e19b5-cbd3-4b4c-a091-0302d735b74e.png,1.output_png_schede/863e19b5-cbd3-4b4c-a091-0302d735b74e.png,exported
lazio/Fiumicino (RM)_ Centro Tre Denari_area sud_bonifica Torre in Pietra_casa della bonifica,download.pdf,0.original_foto_schede/lazio/Fiumicino (RM)_ Centro Tre Denari_area sud_bonifica Torre in Pietra_casa della bonifica/download.pdf,1201418322,43166,b5eabbda-b80d-456e-9bed-9d66af732f65,b5eabbda-b80d-456e-9bed-9d66af732f65.png,1.output_png_schede/b5eabbda-b80d-456e-9bed-9d66af732f65.png,exported
lazio/Fiumicino (RM)_ Centro Tre Denari_Bonifica Torre in Pietra_casa della bonifica,download.pdf,0.original_foto_schede/lazio/Fiumicino (RM)_ Centro Tre Denari_Bonifica Torre in Pietra_casa della bonifica/download.pdf,1201417795,37841,7e3cd0f5-8b72-41aa-bce9-6a6e62fb679c,7e3cd0f5-8b72-41aa-bce9-6a6e62fb679c.png,1.output_png_schede/7e3cd0f5-8b72-41aa-bce9-6a6e62fb679c.png,exported
lazio/Fiumicino (RM)_ Via di Campo Salino_COMPLESSO bonifica Maccarese_Centro 7_casa della bonifica,download.pdf,0.original_foto_schede/lazio/Fiumicino (RM)_ Via di Campo Salino_COMPLESSO bonifica Maccarese_Centro 7_casa della bonifica/download.pdf,1201417793,37840,fcece9e0-bc9b-4014-8ec5-eb75aeb23e90,fcece9e0-bc9b-4014-8ec5-eb75aeb23e90.png,1.output_png_schede/fcece9e0-bc9b-4014-8ec5-eb75aeb23e90.png,exported
"lazio/Fiumicino (RM)_ viale di Porto_bonifica Maccarese_ED. SINGOLO, casa della bonifica",download.pdf,"0.original_foto_schede/lazio/Fiumicino (RM)_ viale di Porto_bonifica Maccarese_ED. SINGOLO, casa della bonifica/download.pdf",1201418185,40079,dd18384b-a8b3-494c-a30c-4f06db81990a,dd18384b-a8b3-494c-a30c-4f06db81990a.png,1.output_png_schede/dd18384b-a8b3-494c-a30c-4f06db81990a.png,exported
lazio/Fontana Liri (FR)_ Via Cafenna 2_EDIFICIO CON ANNESSI casolare,download.pdf,0.original_foto_schede/lazio/Fontana Liri (FR)_ Via Cafenna 2_EDIFICIO CON ANNESSI casolare/download.pdf,,,,,,no_matching_iccd_code
"lazio/Fontechiari (FR)_ Via Della Cisterna 49_COMPLESSO, casa a edifici affiancati_1201416108",download.pdf,"0.original_foto_schede/lazio/Fontechiari (FR)_ Via Della Cisterna 49_COMPLESSO, casa a edifici affiancati_1201416108/download.pdf",1201416108,29118,eeeed3ce-9d82-458d-9408-b03dcd23cfad,eeeed3ce-9d82-458d-9408-b03dcd23cfad.png,1.output_png_schede/eeeed3ce-9d82-458d-9408-b03dcd23cfad.png,exported
lazio/Formia (LT)_ Via Canzatora_EDIFICIO SINGOLO_casa a scala esterna,download.pdf,0.original_foto_schede/lazio/Formia (LT)_ Via Canzatora_EDIFICIO SINGOLO_casa a scala esterna/download.pdf,1201417981,37346,11680426-dbed-4b85-ada7-afd33dcf15d7,11680426-dbed-4b85-ada7-afd33dcf15d7.png,1.output_png_schede/11680426-dbed-4b85-ada7-afd33dcf15d7.png,exported
"lazio/Gallese (VT)_ Viale Valli 16_COMPLESSO, casa a edifici affiancati_casa con torre colombaia",download.pdf,"0.original_foto_schede/lazio/Gallese (VT)_ Viale Valli 16_COMPLESSO, casa a edifici affiancati_casa con torre colombaia/download.pdf",1201418893,32278,480c45a4-4a4b-4439-b97e-83397aed02d3,480c45a4-4a4b-4439-b97e-83397aed02d3.png,1.output_png_schede/480c45a4-4a4b-4439-b97e-83397aed02d3.png,exported
lazio/Greccio (RI)_ Via Trafossata 18_EDIFICIO CON ANNESSI_casale,download.pdf,0.original_foto_schede/lazio/Greccio (RI)_ Via Trafossata 18_EDIFICIO CON ANNESSI_casale/download.pdf,1201417068,40926,27e2abb4-e481-4a45-8fa8-e1d5cac30815,27e2abb4-e481-4a45-8fa8-e1d5cac30815.png,1.output_png_schede/27e2abb4-e481-4a45-8fa8-e1d5cac30815.png,exported
"lazio/Guarcino (FR)_ SR411, 44_EDIFICIO SINGOLO, casa con loggiato_1201418959",download.pdf,"0.original_foto_schede/lazio/Guarcino (FR)_ SR411, 44_EDIFICIO SINGOLO, casa con loggiato_1201418959/download.pdf",1201418959,40194,0f87012b-9b02-4fde-8889-be8bb30da091,0f87012b-9b02-4fde-8889-be8bb30da091.png,1.output_png_schede/0f87012b-9b02-4fde-8889-be8bb30da091.png,exported
"lazio/Isola del Liri (FR)_ Viale San Domenico 75_EDIFICIO SINGOLO, casa con teggia rurale_1201412297",download.pdf,"0.original_foto_schede/lazio/Isola del Liri (FR)_ Viale San Domenico 75_EDIFICIO SINGOLO, casa con teggia rurale_1201412297/download.pdf",,,,,,no_matching_iccd_code
lazio/Itri (LT)_ Santuario Madonna della Civita_EDIFICIO SINGOLO_casolare,download.pdf,0.original_foto_schede/lazio/Itri (LT)_ Santuario Madonna della Civita_EDIFICIO SINGOLO_casolare/download.pdf,1201416968,30331,48851383-3615-4d03-8e16-e1d00e4f7c5b,48851383-3615-4d03-8e16-e1d00e4f7c5b.png,1.output_png_schede/48851383-3615-4d03-8e16-e1d00e4f7c5b.png,exported
"lazio/Itri (LT)_ Via Contrada Santo Stefano, 42_EDIFICIO SINGOLO_casolare",download.pdf,"0.original_foto_schede/lazio/Itri (LT)_ Via Contrada Santo Stefano, 42_EDIFICIO SINGOLO_casolare/download.pdf",1201416971,30496,97694df4-65e9-4cb1-aced-64d1487e597f,97694df4-65e9-4cb1-aced-64d1487e597f.png,1.output_png_schede/97694df4-65e9-4cb1-aced-64d1487e597f.png,exported
"lazio/Latina (LT)_ Strada Litoranea, 11529_EDIFICIO SINGOLO_casa della bonifica",download.pdf,"0.original_foto_schede/lazio/Latina (LT)_ Strada Litoranea, 11529_EDIFICIO SINGOLO_casa della bonifica/download.pdf",1201417996,39657,b56b4472-046a-4ace-9aa4-126433015b68,b56b4472-046a-4ace-9aa4-126433015b68.png,1.output_png_schede/b56b4472-046a-4ace-9aa4-126433015b68.png,exported
"lazio/Latina (LT)_ Strada Novella 2067_EDIFICIO SINGOLO, casa della bonifica",download.pdf,"0.original_foto_schede/lazio/Latina (LT)_ Strada Novella 2067_EDIFICIO SINGOLO, casa della bonifica/download.pdf",1201415722,24116,0c158d2e-f4ca-40fc-8416-83238ccdc7a3,0c158d2e-f4ca-40fc-8416-83238ccdc7a3.png,1.output_png_schede/0c158d2e-f4ca-40fc-8416-83238ccdc7a3.png,exported
"lazio/Latina (LT)_ Strada Zi_ Maria, 2 (Borgo Grappa)_EDIFICIO SINGOLO, casa della bonifica",download.pdf,"0.original_foto_schede/lazio/Latina (LT)_ Strada Zi_ Maria, 2 (Borgo Grappa)_EDIFICIO SINGOLO, casa della bonifica/download.pdf",1201412505,19141,d6ed8067-0a8b-455d-b3b1-29634a2d6fba,d6ed8067-0a8b-455d-b3b1-29634a2d6fba.png,1.output_png_schede/d6ed8067-0a8b-455d-b3b1-29634a2d6fba.png,exported
lazio/Minturno (LT)_ Via le Vaglia_EDIFICIO CON ANNESSI_casolare,download.pdf,0.original_foto_schede/lazio/Minturno (LT)_ Via le Vaglia_EDIFICIO CON ANNESSI_casolare/download.pdf,1201416663,34074,519edd1b-e127-4012-bc16-ca95b4319e36,519edd1b-e127-4012-bc16-ca95b4319e36.png,1.output_png_schede/519edd1b-e127-4012-bc16-ca95b4319e36.png,exported
"lazio/Minturno (LT)_ Via San Miano_EDIFICIO ANNESSI, casolare_1201416685",download.pdf,"0.original_foto_schede/lazio/Minturno (LT)_ Via San Miano_EDIFICIO ANNESSI, casolare_1201416685/download.pdf",1201416685,34019,35e1f97d-dccb-4df5-b161-6c43f64dd775,35e1f97d-dccb-4df5-b161-6c43f64dd775.png,1.output_png_schede/35e1f97d-dccb-4df5-b161-6c43f64dd775.png,exported
"lazio/Minturno (LT)_ Via Selva Del Comune, s.n.c._EDIFICIO CON ANNESSI_casa a scala esterna",download.pdf,"0.original_foto_schede/lazio/Minturno (LT)_ Via Selva Del Comune, s.n.c._EDIFICIO CON ANNESSI_casa a scala esterna/download.pdf",1201416675,30832,d698ba6f-94dd-4da6-a7c5-84cf08e557b3,d698ba6f-94dd-4da6-a7c5-84cf08e557b3.png,1.output_png_schede/d698ba6f-94dd-4da6-a7c5-84cf08e557b3.png,exported
"lazio/Monte San Giovanni Campano (FR)_ Via Cappuccini_EDIFICIO SINGOLO, casolare_1201416744",download.pdf,"0.original_foto_schede/lazio/Monte San Giovanni Campano (FR)_ Via Cappuccini_EDIFICIO SINGOLO, casolare_1201416744/download.pdf",1201416744,30787,51be6aac-bac3-48a1-be86-9eab4460ae9d,51be6aac-bac3-48a1-be86-9eab4460ae9d.png,1.output_png_schede/51be6aac-bac3-48a1-be86-9eab4460ae9d.png,exported
lazio/Monte San Giovanni Campano (FR)_ Via Prati Colle Bianco_EDIFICIO SINGOLO_casolare,download.pdf,0.original_foto_schede/lazio/Monte San Giovanni Campano (FR)_ Via Prati Colle Bianco_EDIFICIO SINGOLO_casolare/download.pdf,1201415865,1095,9ece81e8-a641-4b9f-9543-f0061db7ea5e,9ece81e8-a641-4b9f-9543-f0061db7ea5e.png,1.output_png_schede/9ece81e8-a641-4b9f-9543-f0061db7ea5e.png,exported
"lazio/Montopoli di Sabina (RI)_ Via Caprareccia_ED.SING, casa a scala esterna",download.pdf,"0.original_foto_schede/lazio/Montopoli di Sabina (RI)_ Via Caprareccia_ED.SING, casa a scala esterna/download.pdf",1201417969,21839,6440944f-f028-41b9-82da-8987872dc002,6440944f-f028-41b9-82da-8987872dc002.png,1.output_png_schede/6440944f-f028-41b9-82da-8987872dc002.png,exported
"lazio/Nepi (VT)_ Strada Statale 311, snc_EDIFICIO CON ANNESSI_casale",download.pdf,"0.original_foto_schede/lazio/Nepi (VT)_ Strada Statale 311, snc_EDIFICIO CON ANNESSI_casale/download.pdf",1201417735,37778,08fd4f4c-3e86-4c10-ac01-c43ac58f52fd,08fd4f4c-3e86-4c10-ac01-c43ac58f52fd.png,1.output_png_schede/08fd4f4c-3e86-4c10-ac01-c43ac58f52fd.png,exported
lazio/Onano (VT)_ Strada Provinciale Onanese_1201418905,download.pdf,0.original_foto_schede/lazio/Onano (VT)_ Strada Provinciale Onanese_1201418905/download.pdf,1201418905,43475,67a73d4b-dcde-4776-a327-0d1bb3e6dd80,67a73d4b-dcde-4776-a327-0d1bb3e6dd80.png,1.output_png_schede/67a73d4b-dcde-4776-a327-0d1bb3e6dd80.png,exported
"lazio/Pescosolido (FR)_ Via Forcella 101_EDIFICIO SINGOLO, casa a scala esterna_1201417614",download.pdf,"0.original_foto_schede/lazio/Pescosolido (FR)_ Via Forcella 101_EDIFICIO SINGOLO, casa a scala esterna_1201417614/download.pdf",1201417614,34877,e0a56b98-ccca-4f81-a088-44ec4555b74c,e0a56b98-ccca-4f81-a088-44ec4555b74c.png,1.output_png_schede/e0a56b98-ccca-4f81-a088-44ec4555b74c.png,exported
"lazio/Poggio Mirteto (RI)_ via della Macchiarella_ED. SING., casa a scala esterna",download.pdf,"0.original_foto_schede/lazio/Poggio Mirteto (RI)_ via della Macchiarella_ED. SING., casa a scala esterna/download.pdf",1201415775,24702,30c10b0f-dede-4097-a7d7-4a3c7ebc012f,30c10b0f-dede-4097-a7d7-4a3c7ebc012f.png,1.output_png_schede/30c10b0f-dede-4097-a7d7-4a3c7ebc012f.png,exported
lazio/Poggio Mirteto (RI)_ Via Sant_Angelo_EDIFICIO CON ANNESSI_casale,download.pdf,0.original_foto_schede/lazio/Poggio Mirteto (RI)_ Via Sant_Angelo_EDIFICIO CON ANNESSI_casale/download.pdf,1201415744,31930,5f290821-87ef-4de3-8411-ad4f836d3cc9,5f290821-87ef-4de3-8411-ad4f836d3cc9.png,1.output_png_schede/5f290821-87ef-4de3-8411-ad4f836d3cc9.png,exported
"lazio/Pomezia (RM)_ Via del Mare 195_EDIFICIO SINGOLO, casale",download.pdf,"0.original_foto_schede/lazio/Pomezia (RM)_ Via del Mare 195_EDIFICIO SINGOLO, casale/download.pdf",1201412498,447,2e3dc4c3-7466-4ca6-9784-b8e5ba8a7c25,2e3dc4c3-7466-4ca6-9784-b8e5ba8a7c25.png,1.output_png_schede/2e3dc4c3-7466-4ca6-9784-b8e5ba8a7c25.png,exported
lazio/Posta (RI)_ Via Villa Camponeschi_COMPLESSO_cascinale,download.pdf,0.original_foto_schede/lazio/Posta (RI)_ Via Villa Camponeschi_COMPLESSO_cascinale/download.pdf,1201418024,40870,49d74ad0-3b6d-4fdb-a1c5-46ac01441aa6,49d74ad0-3b6d-4fdb-a1c5-46ac01441aa6.png,1.output_png_schede/49d74ad0-3b6d-4fdb-a1c5-46ac01441aa6.png,exported
lazio/Posta Fibreno (FR)_ Contrada Carpello 13_EDIFICIO SINGOLO casa a scala esterna,download.pdf,0.original_foto_schede/lazio/Posta Fibreno (FR)_ Contrada Carpello 13_EDIFICIO SINGOLO casa a scala esterna/download.pdf,1201412521,19157,228d158e-b085-4853-b6a7-f0a300d456b2,228d158e-b085-4853-b6a7-f0a300d456b2.png,1.output_png_schede/228d158e-b085-4853-b6a7-f0a300d456b2.png,exported
"lazio/Posta Fibreno (FR)_ Contrada Carpello 3_EDIFICIO SINGOLO, casolare_1201412524",download.pdf,"0.original_foto_schede/lazio/Posta Fibreno (FR)_ Contrada Carpello 3_EDIFICIO SINGOLO, casolare_1201412524/download.pdf",1201412524,19160,cfa17003-df18-43cf-8149-3a80491d2a30,cfa17003-df18-43cf-8149-3a80491d2a30.png,1.output_png_schede/cfa17003-df18-43cf-8149-3a80491d2a30.png,exported
lazio/Rieti (RI)_ Via Tancia 28_EDIFICIO CON ANNESSI casale,download.pdf,0.original_foto_schede/lazio/Rieti (RI)_ Via Tancia 28_EDIFICIO CON ANNESSI casale/download.pdf,1201413696,19293,c0b72805-3cf8-434a-a058-6dcbaebfd552,c0b72805-3cf8-434a-a058-6dcbaebfd552.png,1.output_png_schede/c0b72805-3cf8-434a-a058-6dcbaebfd552.png,exported
lazio/Rieti (RI)_ Via Ternana km 43_EDIFICIO SINGOLO_casa con torre,download.pdf,0.original_foto_schede/lazio/Rieti (RI)_ Via Ternana km 43_EDIFICIO SINGOLO_casa con torre/download.pdf,,,,,,no_matching_iccd_code
lazio/Rocca d_Arce (FR)_ Strada SP63_EDIFICIO SINGOLO_casa torre,download.pdf,0.original_foto_schede/lazio/Rocca d_Arce (FR)_ Strada SP63_EDIFICIO SINGOLO_casa torre/download.pdf,1201413928,19611,7970177d-06e6-4d13-bd4f-299911fa8a61,7970177d-06e6-4d13-bd4f-299911fa8a61.png,1.output_png_schede/7970177d-06e6-4d13-bd4f-299911fa8a61.png,exported
"lazio/Rocca d_Arce (FR)_ via Fraioli_ED.SING., casa_1201412302",download.pdf,"0.original_foto_schede/lazio/Rocca d_Arce (FR)_ via Fraioli_ED.SING., casa_1201412302/download.pdf",1201412302,18958,d5745fbf-b38d-4ccd-a20a-6dd147e2bf25,d5745fbf-b38d-4ccd-a20a-6dd147e2bf25.png,1.output_png_schede/d5745fbf-b38d-4ccd-a20a-6dd147e2bf25.png,exported
lazio/Roma (RM)_ Casale Lucernari_via di Tor San Giovanni_casa della bonifica,download.pdf,0.original_foto_schede/lazio/Roma (RM)_ Casale Lucernari_via di Tor San Giovanni_casa della bonifica/download.pdf,1201415122,19843,aa3e8ea7-173b-406e-81c7-ef1510986917,aa3e8ea7-173b-406e-81c7-ef1510986917.png,1.output_png_schede/aa3e8ea7-173b-406e-81c7-ef1510986917.png,exported
"lazio/Roma (RM)_ Via Collatina s.n.c._torre di Salone_ED.SING., casa torre",download.pdf,"0.original_foto_schede/lazio/Roma (RM)_ Via Collatina s.n.c._torre di Salone_ED.SING., casa torre/download.pdf",1201418096,34311,22d8e178-2500-4e54-ae8d-225b11392aca,22d8e178-2500-4e54-ae8d-225b11392aca.png,1.output_png_schede/22d8e178-2500-4e54-ae8d-225b11392aca.png,exported
"lazio/Roma (RM)_ Via Della Cervelletta_castello della Cervelletta_ED.ANN., casale_",download.pdf,"0.original_foto_schede/lazio/Roma (RM)_ Via Della Cervelletta_castello della Cervelletta_ED.ANN., casale_/download.pdf",1200700280,14128,b800f262-a11c-4b9a-b9f6-4909494e919f,b800f262-a11c-4b9a-b9f6-4909494e919f.png,1.output_png_schede/b800f262-a11c-4b9a-b9f6-4909494e919f.png,exported
"lazio/Roma (RM)_ Via di Ponte Mammolo 30_casale della Vannina_ED.ANN, casale_",download.pdf,"0.original_foto_schede/lazio/Roma (RM)_ Via di Ponte Mammolo 30_casale della Vannina_ED.ANN, casale_/download.pdf",1200700287,43402,c3b62223-0ef9-4405-9c7a-f7d2d96a5a2a,c3b62223-0ef9-4405-9c7a-f7d2d96a5a2a.png,1.output_png_schede/c3b62223-0ef9-4405-9c7a-f7d2d96a5a2a.png,exported
lazio/Roma (RM)_ Via Di Sant_Alessandro 120_torre Pratolungo_EDIFICIO ANNESSI_casa con torre_,download.pdf,0.original_foto_schede/lazio/Roma (RM)_ Via Di Sant_Alessandro 120_torre Pratolungo_EDIFICIO ANNESSI_casa con torre_/download.pdf,1201417035,36456,97eed373-723b-4be5-85f8-727f1d133839,97eed373-723b-4be5-85f8-727f1d133839.png,1.output_png_schede/97eed373-723b-4be5-85f8-727f1d133839.png,exported
lazio/Roma (RM)_ Via di Tor San Giovanni_Casale Seconda Unità_casa della bonifica,download.pdf,0.original_foto_schede/lazio/Roma (RM)_ Via di Tor San Giovanni_Casale Seconda Unità_casa della bonifica/download.pdf,1201415119,19804,8779f8db-0c26-4a39-9fee-98d60e41be96,8779f8db-0c26-4a39-9fee-98d60e41be96.png,1.output_png_schede/8779f8db-0c26-4a39-9fee-98d60e41be96.png,exported
lazio/Roma (RM)_ Via Egidio Galbani 101_torre Rebibbia_ED.SING._casa torre_,download.pdf,0.original_foto_schede/lazio/Roma (RM)_ Via Egidio Galbani 101_torre Rebibbia_ED.SING._casa torre_/download.pdf,,,,,,no_matching_iccd_code
"lazio/Roma (RM)_ Via Francesco Posterla_Ruderi di Coazzo_EDIFICIO SINGOLO, casa su sito archeologico_",download.pdf,"0.original_foto_schede/lazio/Roma (RM)_ Via Francesco Posterla_Ruderi di Coazzo_EDIFICIO SINGOLO, casa su sito archeologico_/download.pdf",,,,,,no_matching_iccd_code
"lazio/Roma (RM)_ Via Nomentana Km 9,1_torraccio della Cecchina_ED.SING., casale",download.pdf,"0.original_foto_schede/lazio/Roma (RM)_ Via Nomentana Km 9,1_torraccio della Cecchina_ED.SING., casale/download.pdf",1200700262,43409,dc1919f9-aac8-41f4-8760-db7e633ed218,dc1919f9-aac8-41f4-8760-db7e633ed218.png,1.output_png_schede/dc1919f9-aac8-41f4-8760-db7e633ed218.png,exported
"lazio/Roma (RM)_ Via Torre Sant_Eusebio 146_casale Sant_Eusebio_EDIFICIO ANNESSI, casa _torre__",download.pdf,"0.original_foto_schede/lazio/Roma (RM)_ Via Torre Sant_Eusebio 146_casale Sant_Eusebio_EDIFICIO ANNESSI, casa _torre__/download.pdf",1201412207,18859,414126fe-6fc6-471e-8ca8-23291ac54764,414126fe-6fc6-471e-8ca8-23291ac54764.png,1.output_png_schede/414126fe-6fc6-471e-8ca8-23291ac54764.png,exported
"lazio/Ronciglione (VT)_ Via Cassia Cimina Strada Provinciale 1, 3292_ED.SING., casa con torre",download.pdf,"0.original_foto_schede/lazio/Ronciglione (VT)_ Via Cassia Cimina Strada Provinciale 1, 3292_ED.SING., casa con torre/download.pdf",1201417743,36543,f29637f8-38e3-44e0-b608-eed1e00e7a0a,f29637f8-38e3-44e0-b608-eed1e00e7a0a.png,1.output_png_schede/f29637f8-38e3-44e0-b608-eed1e00e7a0a.png,exported
"lazio/Sabaudia (LT)_ Lungomare Pontino, 1_EDIFICIO SINGOLO_casa della bonifica",download.pdf,"0.original_foto_schede/lazio/Sabaudia (LT)_ Lungomare Pontino, 1_EDIFICIO SINGOLO_casa della bonifica/download.pdf",1201415015,19765,f5681d7f-2186-40ed-96ab-4499163c1611,f5681d7f-2186-40ed-96ab-4499163c1611.png,1.output_png_schede/f5681d7f-2186-40ed-96ab-4499163c1611.png,exported
"lazio/Sabaudia (LT)_ Via Migliara 47, 4315_EDIFICIO SINGOLO_casa della bonifica",download.pdf,"0.original_foto_schede/lazio/Sabaudia (LT)_ Via Migliara 47, 4315_EDIFICIO SINGOLO_casa della bonifica/download.pdf",1201413850,19395,2feb18b5-828d-48f7-b4d4-1c61541a2835,2feb18b5-828d-48f7-b4d4-1c61541a2835.png,1.output_png_schede/2feb18b5-828d-48f7-b4d4-1c61541a2835.png,exported
"lazio/San Giorgio al Liri (FR)_ via Calcarelle  EDIFICIO CON ANNESSI, casino",download.pdf,"0.original_foto_schede/lazio/San Giorgio al Liri (FR)_ via Calcarelle  EDIFICIO CON ANNESSI, casino/download.pdf",1201412080,18827,1caf03a2-bda7-4205-a491-a0695d7a181a,1caf03a2-bda7-4205-a491-a0695d7a181a.png,1.output_png_schede/1caf03a2-bda7-4205-a491-a0695d7a181a.png,exported
lazio/Sant_Apollinare (FR)_ Via Morroncelle_EDIFICIO SINGOLO_casa a scala esterna,download.pdf,0.original_foto_schede/lazio/Sant_Apollinare (FR)_ Via Morroncelle_EDIFICIO SINGOLO_casa a scala esterna/download.pdf,1201415890,23044,b7154a94-b3c8-4bfb-b7b4-f904498cffe3,b7154a94-b3c8-4bfb-b7b4-f904498cffe3.png,1.output_png_schede/b7154a94-b3c8-4bfb-b7b4-f904498cffe3.png,exported
"lazio/Santi Cosma e Damiano (LT)_ Seconda Traversa Via Campanili, s.n.c._ED.SING., casa a scala esterna",download.pdf,"0.original_foto_schede/lazio/Santi Cosma e Damiano (LT)_ Seconda Traversa Via Campanili, s.n.c._ED.SING., casa a scala esterna/download.pdf",1201415971,29228,5dca9fa8-77de-4f9e-ac3b-4e96e154df04,5dca9fa8-77de-4f9e-ac3b-4e96e154df04.png,1.output_png_schede/5dca9fa8-77de-4f9e-ac3b-4e96e154df04.png,exported
lazio/Santi Cosma e Damiano (LT)_ Strada Arrano_edificio singolo_casa a scala esterna_1201415999,download.pdf,0.original_foto_schede/lazio/Santi Cosma e Damiano (LT)_ Strada Arrano_edificio singolo_casa a scala esterna_1201415999/download.pdf,1201415999,25175,b3f02698-07aa-4eb7-b0cb-af4cb2942b32,b3f02698-07aa-4eb7-b0cb-af4cb2942b32.png,1.output_png_schede/b3f02698-07aa-4eb7-b0cb-af4cb2942b32.png,exported
lazio/Santi Cosma e Damiano (LT)_ Strada Provinciale 160 - Vellota_EDIFICIO SINGOLO_casale,download.pdf,0.original_foto_schede/lazio/Santi Cosma e Damiano (LT)_ Strada Provinciale 160 - Vellota_EDIFICIO SINGOLO_casale/download.pdf,1201415978,28017,90641190-4848-4749-a158-780aded159c5,90641190-4848-4749-a158-780aded159c5.png,1.output_png_schede/90641190-4848-4749-a158-780aded159c5.png,exported
"lazio/Santi Cosma e Damiano (LT)_ Traversa strada comunale Parma_EDIFICIO SINGOLO, casale_1201415975",download.pdf,"0.original_foto_schede/lazio/Santi Cosma e Damiano (LT)_ Traversa strada comunale Parma_EDIFICIO SINGOLO, casale_1201415975/download.pdf",1201415975,27999,3cd4dc4b-0add-4e0c-8ddd-3c460342a2c6,3cd4dc4b-0add-4e0c-8ddd-3c460342a2c6.png,1.output_png_schede/3cd4dc4b-0add-4e0c-8ddd-3c460342a2c6.png,exported
lazio/Santi Cosma e Damiano (LT)_ Traversa Strada Provinciale 126 - Portagalera_EDIFICIO SINGOLO_casolare,download.pdf,0.original_foto_schede/lazio/Santi Cosma e Damiano (LT)_ Traversa Strada Provinciale 126 - Portagalera_EDIFICIO SINGOLO_casolare/download.pdf,1201416669,34080,e47e59a8-aacb-4209-8240-a1335f9772cb,e47e59a8-aacb-4209-8240-a1335f9772cb.png,1.output_png_schede/e47e59a8-aacb-4209-8240-a1335f9772cb.png,exported
"lazio/Santi Cosma e Damiano (LT)_ Via Ceracoli, s.n.c._EDIFICIO ANNESSI_casa a scala esterna_1201416006",download.pdf,"0.original_foto_schede/lazio/Santi Cosma e Damiano (LT)_ Via Ceracoli, s.n.c._EDIFICIO ANNESSI_casa a scala esterna_1201416006/download.pdf",1201416006,23797,83856176-6cac-4bcf-a15a-00407108d42e,83856176-6cac-4bcf-a15a-00407108d42e.png,1.output_png_schede/83856176-6cac-4bcf-a15a-00407108d42e.png,exported
"lazio/Santi Cosma e Damiano (LT)_ Via Filari di Cristo_EDIFICIO SINGOLO, casale_1201416708",download.pdf,"0.original_foto_schede/lazio/Santi Cosma e Damiano (LT)_ Via Filari di Cristo_EDIFICIO SINGOLO, casale_1201416708/download.pdf",1201416708,30730,380e406c-c95a-4100-89af-1da30832913a,380e406c-c95a-4100-89af-1da30832913a.png,1.output_png_schede/380e406c-c95a-4100-89af-1da30832913a.png,exported
lazio/Santopadre (FR)_ Strada SP63 Località Collepizzuto_EDIFICIO SINGOLO casale,download.pdf,0.original_foto_schede/lazio/Santopadre (FR)_ Strada SP63 Località Collepizzuto_EDIFICIO SINGOLO casale/download.pdf,1201412546,19272,a7c60666-67e3-47b1-9ccc-a37d6535f57e,a7c60666-67e3-47b1-9ccc-a37d6535f57e.png,1.output_png_schede/a7c60666-67e3-47b1-9ccc-a37d6535f57e.png,exported
"lazio/Scandriglia (RI)_ SP39_ED. SING., casa a scala esterna_",download.pdf,"0.original_foto_schede/lazio/Scandriglia (RI)_ SP39_ED. SING., casa a scala esterna_/download.pdf",1201416126,28681,9547cead-c539-4b98-9f9e-6fa11f06ed39,9547cead-c539-4b98-9f9e-6fa11f06ed39.png,1.output_png_schede/9547cead-c539-4b98-9f9e-6fa11f06ed39.png,exported
lazio/Scandriglia (RI)_ via Francesco Massimiani 28_EDIFICIO SINGOLO_casa di pendio,download.pdf,0.original_foto_schede/lazio/Scandriglia (RI)_ via Francesco Massimiani 28_EDIFICIO SINGOLO_casa di pendio/download.pdf,1201416649,12711,97d4f774-05d1-420b-a517-27710a57aaa3,97d4f774-05d1-420b-a517-27710a57aaa3.png,1.output_png_schede/97d4f774-05d1-420b-a517-27710a57aaa3.png,exported
lazio/Sermoneta (LT)_ Via della Fontana Murata_EDIFICIO SINGOLO,download.pdf,0.original_foto_schede/lazio/Sermoneta (LT)_ Via della Fontana Murata_EDIFICIO SINGOLO/download.pdf,1201415964,29225,746be1a4-227f-46cb-822f-5fd52d68a371,746be1a4-227f-46cb-822f-5fd52d68a371.png,1.output_png_schede/746be1a4-227f-46cb-822f-5fd52d68a371.png,exported
"lazio/Sora (FR)_ Strada Comunale Agnone Maggiore 23_EDIFICIO SINGOLO, casa con loggiato_1201412266",download.pdf,"0.original_foto_schede/lazio/Sora (FR)_ Strada Comunale Agnone Maggiore 23_EDIFICIO SINGOLO, casa con loggiato_1201412266/download.pdf",1201412266,18992,25761852-c528-439e-aab7-222f460abbcd,25761852-c528-439e-aab7-222f460abbcd.png,1.output_png_schede/25761852-c528-439e-aab7-222f460abbcd.png,exported
"lazio/Sora (FR)_ Via Ruscitto 2a_EDIFICIO SINGOLO, casale_1201412285",download.pdf,"0.original_foto_schede/lazio/Sora (FR)_ Via Ruscitto 2a_EDIFICIO SINGOLO, casale_1201412285/download.pdf",1201412285,18916,02f71bb3-78c0-46ba-83e2-9a25cfca315f,02f71bb3-78c0-46ba-83e2-9a25cfca315f.png,1.output_png_schede/02f71bb3-78c0-46ba-83e2-9a25cfca315f.png,exported
lazio/Sora (FR)_ via Villa Carrara_EDIFICIO SINGOLO casa a scala esterna,download.pdf,0.original_foto_schede/lazio/Sora (FR)_ via Villa Carrara_EDIFICIO SINGOLO casa a scala esterna/download.pdf,1201412271,18907,636cb6f5-a0f7-4893-b4ed-89235ae44159,636cb6f5-a0f7-4893-b4ed-89235ae44159.png,1.output_png_schede/636cb6f5-a0f7-4893-b4ed-89235ae44159.png,exported
lazio/Soriano nel Cimino (VT)_ Strada Provinciale 61 Molinella_EDIFICIO CON ANNESSI_casale,download.pdf,0.original_foto_schede/lazio/Soriano nel Cimino (VT)_ Strada Provinciale 61 Molinella_EDIFICIO CON ANNESSI_casale/download.pdf,1201416845,31070,9581a782-1c57-4fe3-ae70-c9418c8a8e51,9581a782-1c57-4fe3-ae70-c9418c8a8e51.png,1.output_png_schede/9581a782-1c57-4fe3-ae70-c9418c8a8e51.png,exported
"lazio/Sperlonga (LT)_ Via di Vale Vespa_EDIFICIO SINGOLO, casa di pendio_1201416986",download.pdf,"0.original_foto_schede/lazio/Sperlonga (LT)_ Via di Vale Vespa_EDIFICIO SINGOLO, casa di pendio_1201416986/download.pdf",1201416986,35211,55c676ac-07eb-415e-8463-cc4a4a8d4a18,55c676ac-07eb-415e-8463-cc4a4a8d4a18.png,1.output_png_schede/55c676ac-07eb-415e-8463-cc4a4a8d4a18.png,exported
"lazio/Spigno Saturnia (LT)_ Via Campeo_ED.SING., dimora stagionale",download.pdf,"0.original_foto_schede/lazio/Spigno Saturnia (LT)_ Via Campeo_ED.SING., dimora stagionale/download.pdf",1201417000,37305,277b5dda-37cc-42bf-849b-f317795148c7,277b5dda-37cc-42bf-849b-f317795148c7.png,1.output_png_schede/277b5dda-37cc-42bf-849b-f317795148c7.png,exported
"lazio/Spigno Saturnia (LT)_ Via Pedemontana, 9_EDIFICIO SINGOLO, casolare_1201417013",download.pdf,"0.original_foto_schede/lazio/Spigno Saturnia (LT)_ Via Pedemontana, 9_EDIFICIO SINGOLO, casolare_1201417013/download.pdf",1201417013,29129,d1490895-e7b9-45ce-bfec-077974974157,d1490895-e7b9-45ce-bfec-077974974157.png,1.output_png_schede/d1490895-e7b9-45ce-bfec-077974974157.png,exported
"lazio/Spigno Saturnia (LT)_ Via Saturnia_EDIFICIO ANNESSI, casa a scala esterna_1201417014",download.pdf,"0.original_foto_schede/lazio/Spigno Saturnia (LT)_ Via Saturnia_EDIFICIO ANNESSI, casa a scala esterna_1201417014/download.pdf",1201417014,37296,1b415eb8-6dad-441f-89d9-52218ec8a75d,1b415eb8-6dad-441f-89d9-52218ec8a75d.png,1.output_png_schede/1b415eb8-6dad-441f-89d9-52218ec8a75d.png,exported
"lazio/Spigno Saturnia (LT)_ Via Turrimai, 38_EDIFICIO SINGOLO, casa a corte chiusa_1201417008",download.pdf,"0.original_foto_schede/lazio/Spigno Saturnia (LT)_ Via Turrimai, 38_EDIFICIO SINGOLO, casa a corte chiusa_1201417008/download.pdf",1201417008,28808,98fd0fb8-742d-4279-9416-1208d94deb4c,98fd0fb8-742d-4279-9416-1208d94deb4c.png,1.output_png_schede/98fd0fb8-742d-4279-9416-1208d94deb4c.png,exported
"lazio/Sutri (VT)_ Località Pian Castagno_EDIFICIO SINGOLO, casa a scala esterna",download.pdf,"0.original_foto_schede/lazio/Sutri (VT)_ Località Pian Castagno_EDIFICIO SINGOLO, casa a scala esterna/download.pdf",1201413742,19426,94ad1711-ebef-4a36-8a5e-e810fb73c0ac,94ad1711-ebef-4a36-8a5e-e810fb73c0ac.png,1.output_png_schede/94ad1711-ebef-4a36-8a5e-e810fb73c0ac.png,exported
lazio/Tarquinia (VT)_ SP44_EDIFICIO SINGOLO_casa a corte chiusa,download.pdf,0.original_foto_schede/lazio/Tarquinia (VT)_ SP44_EDIFICIO SINGOLO_casa a corte chiusa/download.pdf,1201417848,37817,87f19da5-d2ef-4375-a4ae-33d272cc09bf,87f19da5-d2ef-4375-a4ae-33d272cc09bf.png,1.output_png_schede/87f19da5-d2ef-4375-a4ae-33d272cc09bf.png,exported
lazio/Vallemaio (FR)_ Via Macere nuove_EDIFICIO SINGOLO capanna 1 e 2,download.pdf,0.original_foto_schede/lazio/Vallemaio (FR)_ Via Macere nuove_EDIFICIO SINGOLO capanna 1 e 2/download.pdf,,,,,,no_matching_iccd_code
"lazio/Vasanello (VT)_ Deviazione Strada Provinciale 30 snc_ED. SING., casa a scala esterna",download.pdf,"0.original_foto_schede/lazio/Vasanello (VT)_ Deviazione Strada Provinciale 30 snc_ED. SING., casa a scala esterna/download.pdf",,,,,,no_matching_iccd_code
"lazio/Veroli (FR)_ Via Aia Cianchetti 149_ED.SING., scala esterna e loggia",download.pdf,"0.original_foto_schede/lazio/Veroli (FR)_ Via Aia Cianchetti 149_ED.SING., scala esterna e loggia/download.pdf",1201418121,39747,687568d9-63a8-4546-abb0-097849cfd1df,687568d9-63a8-4546-abb0-097849cfd1df.png,1.output_png_schede/687568d9-63a8-4546-abb0-097849cfd1df.png,exported
lazio/Vetralla (VT)_ Str Provinciale Mazzocchio_EDIFICIO SINGOLO_casa a scala esterna,download.pdf,0.original_foto_schede/lazio/Vetralla (VT)_ Str Provinciale Mazzocchio_EDIFICIO SINGOLO_casa a scala esterna/download.pdf,1201416626,36365,b14425b1-18a8-4f5f-a8cb-5d8b400ee770,b14425b1-18a8-4f5f-a8cb-5d8b400ee770.png,1.output_png_schede/b14425b1-18a8-4f5f-a8cb-5d8b400ee770.png,exported
"lazio/Villa Latina (FR)_ Via Valenti 10_EDIFICIO ANNESSI, casino_1201418125",download.pdf,"0.original_foto_schede/lazio/Villa Latina (FR)_ Via Valenti 10_EDIFICIO ANNESSI, casino_1201418125/download.pdf",1201418125,41261,f80c8119-bb2e-4093-b925-8f7d61ca26a8,f80c8119-bb2e-4093-b925-8f7d61ca26a8.png,1.output_png_schede/f80c8119-bb2e-4093-b925-8f7d61ca26a8.png,exported
lazio/Villa Latina (FR)_ Via Valenti 28_EDIFICIO CON ANNESSI_cascinale,download.pdf,0.original_foto_schede/lazio/Villa Latina (FR)_ Via Valenti 28_EDIFICIO CON ANNESSI_cascinale/download.pdf,1201418119,40495,a86660ff-7c20-4648-a3df-6569c2f22c5b,a86660ff-7c20-4648-a3df-6569c2f22c5b.png,1.output_png_schede/a86660ff-7c20-4648-a3df-6569c2f22c5b.png,exported
lazio/Viterbo (VT)_ strada Cipollara_COMPLESSO_casa a edifici affiancati,download.pdf,0.original_foto_schede/lazio/Viterbo (VT)_ strada Cipollara_COMPLESSO_casa a edifici affiancati/download.pdf,1201416060,29360,22eb8719-4afd-4697-afb8-d07ee65402d5,22eb8719-4afd-4697-afb8-d07ee65402d5.png,1.output_png_schede/22eb8719-4afd-4697-afb8-d07ee65402d5.png,exported
"lazio/Viterbo (VT)_ Strada del Bullicame_EDIFICIO SINGOLO, casa con torre_1201413741",download.pdf,"0.original_foto_schede/lazio/Viterbo (VT)_ Strada del Bullicame_EDIFICIO SINGOLO, casa con torre_1201413741/download.pdf",1201413741,19425,c172de93-3334-4684-8f46-fbfa14bcf27b,c172de93-3334-4684-8f46-fbfa14bcf27b.png,1.output_png_schede/c172de93-3334-4684-8f46-fbfa14bcf27b.png,exported
"lazio/Viterbo (VT)_ Strada Poggio Casale_EDIFICIO SINGOLO, casa con torre_1201417708",download.pdf,"0.original_foto_schede/lazio/Viterbo (VT)_ Strada Poggio Casale_EDIFICIO SINGOLO, casa con torre_1201417708/download.pdf",1201417708,37239,d506a9f3-6e7b-4876-ab39-0eca9fd97e2c,d506a9f3-6e7b-4876-ab39-0eca9fd97e2c.png,1.output_png_schede/d506a9f3-6e7b-4876-ab39-0eca9fd97e2c.png,exported
"lazio/Viterbo (VT)_ Strada Respoglio_ED. ANN., casale con torre colombaia",download.pdf,"0.original_foto_schede/lazio/Viterbo (VT)_ Strada Respoglio_ED. ANN., casale con torre colombaia/download.pdf",1201416833,33648,279efb6e-cbe0-4481-8dc6-6d7feec655ef,279efb6e-cbe0-4481-8dc6-6d7feec655ef.png,1.output_png_schede/279efb6e-cbe0-4481-8dc6-6d7feec655ef.png,exported
lazio/Viterbo (VT)_ Strada Risiere_EDIFICIO CON ANNESSI_casale,download.pdf,0.original_foto_schede/lazio/Viterbo (VT)_ Strada Risiere_EDIFICIO CON ANNESSI_casale/download.pdf,1201415164,32152,ee8a9bb7-b426-42b7-a07f-f04471656ce4,ee8a9bb7-b426-42b7-a07f-f04471656ce4.png,1.output_png_schede/ee8a9bb7-b426-42b7-a07f-f04471656ce4.png,exported
lazio/Viterbo (VT)_ Via Ficoncella_EDIFICIO CON ANNESSI_casale,download.pdf,0.original_foto_schede/lazio/Viterbo (VT)_ Via Ficoncella_EDIFICIO CON ANNESSI_casale/download.pdf,1201415909,43425,029c2f6d-739c-42ec-a7b3-7b6849fae1f8,029c2f6d-739c-42ec-a7b3-7b6849fae1f8.png,1.output_png_schede/029c2f6d-739c-42ec-a7b3-7b6849fae1f8.png,exported
liguria/0700381618_SP_Sarzana_EDANN_cascina,0700381618_SP_Sarzana_EDANN_cascina.pdf,0.original_foto_schede/liguria/0700381618_SP_Sarzana_EDANN_cascina/0700381618_SP_Sarzana_EDANN_cascina.pdf,0700381618,7673,378f1dbb-8332-4adf-bf03-931f3b262c5a,378f1dbb-8332-4adf-bf03-931f3b262c5a.png,1.output_png_schede/378f1dbb-8332-4adf-bf03-931f3b262c5a.png,exported
liguria/0700381649_SV_Murialdo_EDANN_cascina,0700381649_SV_Murialdo_EDANN_cascina.pdf,0.original_foto_schede/liguria/0700381649_SV_Murialdo_EDANN_cascina/0700381649_SV_Murialdo_EDANN_cascina.pdf,0700381649,7615,8ee843d0-d89b-436a-acbd-bd912028205b,8ee843d0-d89b-436a-acbd-bd912028205b.png,1.output_png_schede/8ee843d0-d89b-436a-acbd-bd912028205b.png,exported
liguria/0700381672_SV_Calizzano_EDSING_dimora stagionale,0700381672_SV_Calizzano Dimora stagionale.pdf,0.original_foto_schede/liguria/0700381672_SV_Calizzano_EDSING_dimora stagionale/0700381672_SV_Calizzano Dimora stagionale.pdf,0700381672,7679,5e2eec77-b722-429b-96f6-2bd9474553b4,5e2eec77-b722-429b-96f6-2bd9474553b4.png,1.output_png_schede/5e2eec77-b722-429b-96f6-2bd9474553b4.png,exported
liguria/0700381676_SP_Sarzana_EDANN_cascina,0700381676_SP_Sarzana_EDANN_cascina.pdf,0.original_foto_schede/liguria/0700381676_SP_Sarzana_EDANN_cascina/0700381676_SP_Sarzana_EDANN_cascina.pdf,0700381676,7683,81b73bb1-0b96-43ea-a1b6-2eefbd163ffe,81b73bb1-0b96-43ea-a1b6-2eefbd163ffe.png,1.output_png_schede/81b73bb1-0b96-43ea-a1b6-2eefbd163ffe.png,exported
liguria/0700381678_SP_Sarzana_COM_cascina,SP_Sarzana_COM_cascina.pdf,0.original_foto_schede/liguria/0700381678_SP_Sarzana_COM_cascina/SP_Sarzana_COM_cascina.pdf,0700381678,7685,8a0d0529-f3ac-4495-ab2a-e9eb6e0b5982,8a0d0529-f3ac-4495-ab2a-e9eb6e0b5982.png,1.output_png_schede/8a0d0529-f3ac-4495-ab2a-e9eb6e0b5982.png,exported
liguria/0700381806_IM_Isolabona_EDSING_casolare,0700381806_IM_Isolabona_EDSING_Casolare.pdf,0.original_foto_schede/liguria/0700381806_IM_Isolabona_EDSING_casolare/0700381806_IM_Isolabona_EDSING_Casolare.pdf,0700381806,22035,b2d9a9c5-af2d-4acd-9e70-b75d9e464d70,b2d9a9c5-af2d-4acd-9e70-b75d9e464d70.png,1.output_png_schede/b2d9a9c5-af2d-4acd-9e70-b75d9e464d70.png,exported
liguria/0700381868_SV_Millesimo_EEANN_casa corte aperta,0700381868_SV_Millesimo_EEANN_casa corte aperta.pdf,0.original_foto_schede/liguria/0700381868_SV_Millesimo_EEANN_casa corte aperta/0700381868_SV_Millesimo_EEANN_casa corte aperta.pdf,0700381868,7783,3f656c53-1874-4b96-94e3-1a0087558b26,3f656c53-1874-4b96-94e3-1a0087558b26.png,1.output_png_schede/3f656c53-1874-4b96-94e3-1a0087558b26.png,exported
liguria/0700381913_SV_Cengio_EDANN_cascina_Cascina Pastone,SV_Cengio_EDIFICIO CON ANNESSI_cascina Pastone.pdf,0.original_foto_schede/liguria/0700381913_SV_Cengio_EDANN_cascina_Cascina Pastone/SV_Cengio_EDIFICIO CON ANNESSI_cascina Pastone.pdf,0700381913,7851,9407211d-9d84-4ca9-8ba4-ac7336d1d0aa,9407211d-9d84-4ca9-8ba4-ac7336d1d0aa.png,1.output_png_schede/9407211d-9d84-4ca9-8ba4-ac7336d1d0aa.png,exported
liguria/0700382006_SP_Arcola_EDSING_cascina,SP_Arcola_EDSING_cascina.pdf,0.original_foto_schede/liguria/0700382006_SP_Arcola_EDSING_cascina/SP_Arcola_EDSING_cascina.pdf,0700382006,7969,d3834e71-5e39-4c08-bfb6-44ee43226f1e,d3834e71-5e39-4c08-bfb6-44ee43226f1e.png,1.output_png_schede/d3834e71-5e39-4c08-bfb6-44ee43226f1e.png,exported
liguria/0700410910_GE_Savignone_EDANN_pendio,GE_Savignone_EDANN_casa pendio.pdf,0.original_foto_schede/liguria/0700410910_GE_Savignone_EDANN_pendio/GE_Savignone_EDANN_casa pendio.pdf,0700410910,9329,90254abc-0bb8-4806-baca-98d7656d3256,90254abc-0bb8-4806-baca-98d7656d3256.png,1.output_png_schede/90254abc-0bb8-4806-baca-98d7656d3256.png,exported
liguria/0700410925_GE_Crocefieschi_EDANN_casa Braia,GE_Crocefieschi_EDANN_casa Braia.pdf,0.original_foto_schede/liguria/0700410925_GE_Crocefieschi_EDANN_casa Braia/GE_Crocefieschi_EDANN_casa Braia.pdf,0700410925,9215,cefe5135-e517-48ba-a66c-794425ab51ad,cefe5135-e517-48ba-a66c-794425ab51ad.png,1.output_png_schede/cefe5135-e517-48ba-a66c-794425ab51ad.png,exported
liguria/0700410943_IM_Cosio d_Arroscia_COM_edifici affiancati,Eidotipo.pdf,0.original_foto_schede/liguria/0700410943_IM_Cosio d_Arroscia_COM_edifici affiancati/Eidotipo.pdf,,,,,,no_matching_iccd_code
liguria/0700410958_SP_Varese Ligure_EDANN_cascina,SP_Varese Ligure_EDANN_cascina.pdf,0.original_foto_schede/liguria/0700410958_SP_Varese Ligure_EDANN_cascina/SP_Varese Ligure_EDANN_cascina.pdf,0700410958,9403,4a0763cd-c361-4ec1-8a5c-6453c79da8db,4a0763cd-c361-4ec1-8a5c-6453c79da8db.png,1.output_png_schede/4a0763cd-c361-4ec1-8a5c-6453c79da8db.png,exported
liguria/0700410991_GE_Valbrevenna_EDSING_pendio,0700410991_GE_Valbrevenna_EDSING_casa di pendio.pdf,0.original_foto_schede/liguria/0700410991_GE_Valbrevenna_EDSING_pendio/0700410991_GE_Valbrevenna_EDSING_casa di pendio.pdf,0700410991,9464,9b8460ac-1a5f-4e81-a568-bd8607aca73b,9b8460ac-1a5f-4e81-a568-bd8607aca73b.png,1.output_png_schede/9b8460ac-1a5f-4e81-a568-bd8607aca73b.png,exported
liguria/0700411128_IM_Cesio_EDSING_pendio,0700411128_IM_Cesio_EDSING_casa di pendio.pdf,0.original_foto_schede/liguria/0700411128_IM_Cesio_EDSING_pendio/0700411128_IM_Cesio_EDSING_casa di pendio.pdf,0700411128,903,e5abb7b9-c8f2-4e75-b63c-b78bb40d54a1,e5abb7b9-c8f2-4e75-b63c-b78bb40d54a1.png,1.output_png_schede/e5abb7b9-c8f2-4e75-b63c-b78bb40d54a1.png,exported
liguria/0700411172_GE_Masone_EDNN_cascina,0700411172_GE_Masone_EDNN_cascina.pdf,0.original_foto_schede/liguria/0700411172_GE_Masone_EDNN_cascina/0700411172_GE_Masone_EDNN_cascina.pdf,0700411172,2578,888ea582-1086-4bc2-a84b-0289c88e5f9f,888ea582-1086-4bc2-a84b-0289c88e5f9f.png,1.output_png_schede/888ea582-1086-4bc2-a84b-0289c88e5f9f.png,exported
liguria/0700411189_SV_Sassello_EDNN_casa rurale di montagna,0700411189_SV_Sassello_EDNN_casa rurale di montagna.pdf,0.original_foto_schede/liguria/0700411189_SV_Sassello_EDNN_casa rurale di montagna/0700411189_SV_Sassello_EDNN_casa rurale di montagna.pdf,0700411189,21596,e284f6d0-2ab3-4d89-b18d-86636fd30f1c,e284f6d0-2ab3-4d89-b18d-86636fd30f1c.png,1.output_png_schede/e284f6d0-2ab3-4d89-b18d-86636fd30f1c.png,exported
liguria/0700411220_SV_Case Giaculu_EDANN_casa a corte aperta,0700411220_SV_Case Giaculu_EDANN_casa a corte aperta.pdf,0.original_foto_schede/liguria/0700411220_SV_Case Giaculu_EDANN_casa a corte aperta/0700411220_SV_Case Giaculu_EDANN_casa a corte aperta.pdf,0700411220,22533,fe9285e7-cbcd-48be-82bc-86bd4b5d17cb,fe9285e7-cbcd-48be-82bc-86bd4b5d17cb.png,1.output_png_schede/fe9285e7-cbcd-48be-82bc-86bd4b5d17cb.png,exported
liguria/0700411390_GE_Cicagna_COM_edifici affiancati,0700411390_Cicagna_COM_edaffiancati.pdf,0.original_foto_schede/liguria/0700411390_GE_Cicagna_COM_edifici affiancati/0700411390_Cicagna_COM_edaffiancati.pdf,0700411390,2596,a7c82822-ab99-4c3b-83b1-95ffa92f9620,a7c82822-ab99-4c3b-83b1-95ffa92f9620.png,1.output_png_schede/a7c82822-ab99-4c3b-83b1-95ffa92f9620.png,exported
liguria/0700411411_GE_Casella_COM_edifici affiancati,GE_Casella_COM_edifici affiancati.pdf,0.original_foto_schede/liguria/0700411411_GE_Casella_COM_edifici affiancati/GE_Casella_COM_edifici affiancati.pdf,0700411411,24538,c54812b4-9ab4-4fd2-a454-f573182f945c,c54812b4-9ab4-4fd2-a454-f573182f945c.png,1.output_png_schede/c54812b4-9ab4-4fd2-a454-f573182f945c.png,exported
liguria/0700411472_GE_COM_edifici affiancati,0700411472_GE_COM_casa edifici affianc.pdf,0.original_foto_schede/liguria/0700411472_GE_COM_edifici affiancati/0700411472_GE_COM_casa edifici affianc.pdf,0700411472,27390,4ae9b11b-3422-41e1-bae9-243df2d32ff1,4ae9b11b-3422-41e1-bae9-243df2d32ff1.png,1.output_png_schede/4ae9b11b-3422-41e1-bae9-243df2d32ff1.png,exported
liguria/0700411482_GE_Isola del Cantone_EDSING_scala est,0700411482_GE_Isola del Cantone_EDSING_scala est.pdf,0.original_foto_schede/liguria/0700411482_GE_Isola del Cantone_EDSING_scala est/0700411482_GE_Isola del Cantone_EDSING_scala est.pdf,0700411482,25599,6a6b5d65-79b7-46b3-b8d8-27b51a43f2fb,6a6b5d65-79b7-46b3-b8d8-27b51a43f2fb.png,1.output_png_schede/6a6b5d65-79b7-46b3-b8d8-27b51a43f2fb.png,exported
liguria/0700411485_GE_Campoligure_EDANN_Cascina,0700411485_GE_Campoligure_EDANN_Cascina.pdf,0.original_foto_schede/liguria/0700411485_GE_Campoligure_EDANN_Cascina/0700411485_GE_Campoligure_EDANN_Cascina.pdf,0700411485,27570,677469f2-bf4d-4cfc-9163-f9ce5065d99a,677469f2-bf4d-4cfc-9163-f9ce5065d99a.png,1.output_png_schede/677469f2-bf4d-4cfc-9163-f9ce5065d99a.png,exported
liguria/0700411492_GE_Ronco Scrivia_EDANN_casa,0700411492_GE_Ronco Scrivia_EDANN_casa.pdf,0.original_foto_schede/liguria/0700411492_GE_Ronco Scrivia_EDANN_casa/0700411492_GE_Ronco Scrivia_EDANN_casa.pdf,0700411492,27400,ad952878-ef02-4669-8c55-744cf16ff28e,ad952878-ef02-4669-8c55-744cf16ff28e.png,1.output_png_schede/ad952878-ef02-4669-8c55-744cf16ff28e.png,exported
liguria/0700411646_GE_Montoggio_EDANN_pendio,GE_Montoggio_EDANN_pendio.pdf,0.original_foto_schede/liguria/0700411646_GE_Montoggio_EDANN_pendio/GE_Montoggio_EDANN_pendio.pdf,0700411646,32946,571aab0d-a3d8-4230-bc6a-1a11d3938b1c,571aab0d-a3d8-4230-bc6a-1a11d3938b1c.png,1.output_png_schede/571aab0d-a3d8-4230-bc6a-1a11d3938b1c.png,exported
liguria/0700411672_IM_Perinaldo_EDSING_dimora stagionale,0700411672_IM_Perinaldo_EDSING_dimora stagionale.pdf,0.original_foto_schede/liguria/0700411672_IM_Perinaldo_EDSING_dimora stagionale/0700411672_IM_Perinaldo_EDSING_dimora stagionale.pdf,0700411672,32900,bf1ca33a-fd01-425a-b063-5097ffe38d90,bf1ca33a-fd01-425a-b063-5097ffe38d90.png,1.output_png_schede/bf1ca33a-fd01-425a-b063-5097ffe38d90.png,exported
liguria/0700411774_GE_Orero_COM_edifici affiancati,GE_Orero_COM_edifici affiancati.pdf,0.original_foto_schede/liguria/0700411774_GE_Orero_COM_edifici affiancati/GE_Orero_COM_edifici affiancati.pdf,0700411774,42845,7b27b41c-3efa-4620-ad47-5538808b6131,7b27b41c-3efa-4620-ad47-5538808b6131.png,1.output_png_schede/7b27b41c-3efa-4620-ad47-5538808b6131.png,exported
liguria/0700411864_GE_Borzonasca_EDSING_pendio,GE_Borzonasca_EDSING_pendio.pdf,0.original_foto_schede/liguria/0700411864_GE_Borzonasca_EDSING_pendio/GE_Borzonasca_EDSING_pendio.pdf,0700411864,36404,685e07d0-63be-4cf8-babd-cf6a0d51c6d4,685e07d0-63be-4cf8-babd-cf6a0d51c6d4.png,1.output_png_schede/685e07d0-63be-4cf8-babd-cf6a0d51c6d4.png,exported
liguria/0700411915_SP_Rocchetta di Vara_EDSING_pendio,SP_RocchettaVara_CasaSP9_eidotipo.pdf,0.original_foto_schede/liguria/0700411915_SP_Rocchetta di Vara_EDSING_pendio/SP_RocchettaVara_CasaSP9_eidotipo.pdf,,,,,,no_matching_iccd_code
liguria/0700411922_SP_Beverino_EDSING_scala esterna,SP_Beverino_Casa_Via_Mulini_02_eidotipo.pdf,0.original_foto_schede/liguria/0700411922_SP_Beverino_EDSING_scala esterna/SP_Beverino_Casa_Via_Mulini_02_eidotipo.pdf,,,,,,no_matching_iccd_code
lombardia/0100462938_Macugnaga_EDSING_Walser,0100462938_Macugnaga_EDSING_Walser.pdf,0.original_foto_schede/lombardia/0100462938_Macugnaga_EDSING_Walser/0100462938_Macugnaga_EDSING_Walser.pdf,,,,,,no_matching_iccd_code
lombardia/0303276983_BG_Villa d_Ogna_EDSING_casa di pendio,BG_Villa d_Ogna_EDSING_casa di pendio.pdf,0.original_foto_schede/lombardia/0303276983_BG_Villa d_Ogna_EDSING_casa di pendio/BG_Villa d_Ogna_EDSING_casa di pendio.pdf,,,,,,no_matching_iccd_code
lombardia/0303277064_LO_Secugnago_COM_corte chiusa_Cascina Uggeri,0303277064_LO_Secugnago_COM_corte chiusa_Cascina Uggeri.pdf,0.original_foto_schede/lombardia/0303277064_LO_Secugnago_COM_corte chiusa_Cascina Uggeri/0303277064_LO_Secugnago_COM_corte chiusa_Cascina Uggeri.pdf,0303277064,20163,029729ca-8660-4a6b-83a0-d516f223595c,029729ca-8660-4a6b-83a0-d516f223595c.png,1.output_png_schede/029729ca-8660-4a6b-83a0-d516f223595c.png,exported
lombardia/0303277289_BS_Agnosine_COM_corte rurale chiusa,BS_Agnosine_COM_corte rurale chiusa.pdf,0.original_foto_schede/lombardia/0303277289_BS_Agnosine_COM_corte rurale chiusa/BS_Agnosine_COM_corte rurale chiusa.pdf,0303277289,29041,90676693-04cc-4dc3-9bc8-b44437cc69de,90676693-04cc-4dc3-9bc8-b44437cc69de.png,1.output_png_schede/90676693-04cc-4dc3-9bc8-b44437cc69de.png,exported
lombardia/0303277391_BS_Artogne_EDSING_cascina,BS_Artogne_EDSING_cascina.pdf,0.original_foto_schede/lombardia/0303277391_BS_Artogne_EDSING_cascina/BS_Artogne_EDSING_cascina.pdf,0303277391,20473,0dea2c1c-3bb4-4586-a329-c73a4fcf5dd8,0dea2c1c-3bb4-4586-a329-c73a4fcf5dd8.png,1.output_png_schede/0dea2c1c-3bb4-4586-a329-c73a4fcf5dd8.png,exported
lombardia/0303277664_MN_Curtatone_EDANN_cascina,0303277664_MN_Curtatone_EDANN_cascina.pdf,0.original_foto_schede/lombardia/0303277664_MN_Curtatone_EDANN_cascina/0303277664_MN_Curtatone_EDANN_cascina.pdf,0303277664,20673,d56e1998-7d05-47de-8dd7-395f75ff4f13,d56e1998-7d05-47de-8dd7-395f75ff4f13.png,1.output_png_schede/d56e1998-7d05-47de-8dd7-395f75ff4f13.png,exported
lombardia/0303277956_BG_Corna Imagna_EDSING_casa rurale montagna,BG_Corna Imagna_EDSING_casa rurale montagna.pdf,0.original_foto_schede/lombardia/0303277956_BG_Corna Imagna_EDSING_casa rurale montagna/BG_Corna Imagna_EDSING_casa rurale montagna.pdf,0303277956,21588,9cc598c9-8ba1-4cfd-8235-f1f37acdc407,9cc598c9-8ba1-4cfd-8235-f1f37acdc407.png,1.output_png_schede/9cc598c9-8ba1-4cfd-8235-f1f37acdc407.png,exported
lombardia/0303277965_BG_Sant_Omobono Terme_EDANN_casale,BG_Sant_Omobono Terme_EDANN_casale.pdf,0.original_foto_schede/lombardia/0303277965_BG_Sant_Omobono Terme_EDANN_casale/BG_Sant_Omobono Terme_EDANN_casale.pdf,0303277965,1067,018a4cb2-a88f-4740-92f0-7cc61a152e51,018a4cb2-a88f-4740-92f0-7cc61a152e51.png,1.output_png_schede/018a4cb2-a88f-4740-92f0-7cc61a152e51.png,exported
lombardia/0303278007_BG_Ardesio_COM_corte rurale aperta,0303278007_BG_Ardesio_COM_corte rurale aperta.pdf,0.original_foto_schede/lombardia/0303278007_BG_Ardesio_COM_corte rurale aperta/0303278007_BG_Ardesio_COM_corte rurale aperta.pdf,0303278007,4887,a0e0abe4-e37e-4b12-b5c1-f504ecb8951e,a0e0abe4-e37e-4b12-b5c1-f504ecb8951e.png,1.output_png_schede/a0e0abe4-e37e-4b12-b5c1-f504ecb8951e.png,exported
lombardia/0303278281_MI_Gaggiano_COM_cascina_Grande,0303278281_MI_Gaggiano_COM_cascina_Grande.pdf,0.original_foto_schede/lombardia/0303278281_MI_Gaggiano_COM_cascina_Grande/0303278281_MI_Gaggiano_COM_cascina_Grande.pdf,0303278281,25389,f7f3e400-c46b-4736-af2d-e538479e1be7,f7f3e400-c46b-4736-af2d-e538479e1be7.png,1.output_png_schede/f7f3e400-c46b-4736-af2d-e538479e1be7.png,exported
lombardia/0303278314_BG_Castione Presolana_EDANN-rurale montagna,0303278314_BG_Castione Presolana_EDANN-rurale montagna.pdf,0.original_foto_schede/lombardia/0303278314_BG_Castione Presolana_EDANN-rurale montagna/0303278314_BG_Castione Presolana_EDANN-rurale montagna.pdf,0303278314,3040,f43b5b6c-61ae-4a5e-b4b8-ff9760f3999b,f43b5b6c-61ae-4a5e-b4b8-ff9760f3999b.png,1.output_png_schede/f43b5b6c-61ae-4a5e-b4b8-ff9760f3999b.png,exported
lombardia/0303280470_MN_Viadana_COm_cascina corte aperta,0303280470_MN_Viadana_COm_cascina corte aperta.pdf,0.original_foto_schede/lombardia/0303280470_MN_Viadana_COm_cascina corte aperta/0303280470_MN_Viadana_COm_cascina corte aperta.pdf,0303280470,43968,e49907eb-b909-4bcf-8607-b31c9705d455,e49907eb-b909-4bcf-8607-b31c9705d455.png,1.output_png_schede/e49907eb-b909-4bcf-8607-b31c9705d455.png,exported
lombardia/0303280666_0303281188_0303280670_LC_Olginate_COM_corte rurale aperta,0303280666_LC_Olginate_COM_corte rurale aperta.pdf,0.original_foto_schede/lombardia/0303280666_0303281188_0303280670_LC_Olginate_COM_corte rurale aperta/0303280666_LC_Olginate_COM_corte rurale aperta.pdf,0303280666,28483,51aa3e26-8012-4561-8bc3-0b9e9b8a2f34,51aa3e26-8012-4561-8bc3-0b9e9b8a2f34.png,1.output_png_schede/51aa3e26-8012-4561-8bc3-0b9e9b8a2f34.png,exported
lombardia/0303280912_VA_Sesto Calende_EDANN_casa a ballatoio,0303280912_VA_Sesto Calende_EDANN_casa a ballatoio.pdf,0.original_foto_schede/lombardia/0303280912_VA_Sesto Calende_EDANN_casa a ballatoio/0303280912_VA_Sesto Calende_EDANN_casa a ballatoio.pdf,0303280912,30271,c34b3eda-858d-4c40-8434-2bdad207d0a1,c34b3eda-858d-4c40-8434-2bdad207d0a1.png,1.output_png_schede/c34b3eda-858d-4c40-8434-2bdad207d0a1.png,exported
lombardia/0303281110_PV_Broni_COM_cscina corte chiusa_Ortaglia,PV_Broni_COM_cscina corte chiusa_Ortaglia.pdf,0.original_foto_schede/lombardia/0303281110_PV_Broni_COM_cscina corte chiusa_Ortaglia/PV_Broni_COM_cscina corte chiusa_Ortaglia.pdf,0303281110,31139,2d4c709f-71b6-4746-9507-61e6342105c3,2d4c709f-71b6-4746-9507-61e6342105c3.png,1.output_png_schede/2d4c709f-71b6-4746-9507-61e6342105c3.png,exported
lombardia/0303281357_SO_Madesimo_EDANN_casa alpina,0303281357_SO_Madesimo_EDANN_casa alpina.pdf,0.original_foto_schede/lombardia/0303281357_SO_Madesimo_EDANN_casa alpina/0303281357_SO_Madesimo_EDANN_casa alpina.pdf,0303281357,29308,4c0ce6f0-acbd-4581-93a8-5b2a27ce77f9,4c0ce6f0-acbd-4581-93a8-5b2a27ce77f9.png,1.output_png_schede/4c0ce6f0-acbd-4581-93a8-5b2a27ce77f9.png,exported
lombardia/0303282725_SO_Madesimo_EDSING_casa alpina,0303282725_SO_Madesimo_EDSING_casa alpina.pdf,0.original_foto_schede/lombardia/0303282725_SO_Madesimo_EDSING_casa alpina/0303282725_SO_Madesimo_EDSING_casa alpina.pdf,0303282725,32611,6dedc206-5501-43ef-b3ff-421137532431,6dedc206-5501-43ef-b3ff-421137532431.png,1.output_png_schede/6dedc206-5501-43ef-b3ff-421137532431.png,exported
lombardia/0303282872_BS_Leno_COM_corte rurale aperta,BS_Leno_COM_corte rurale aperta.pdf,0.original_foto_schede/lombardia/0303282872_BS_Leno_COM_corte rurale aperta/BS_Leno_COM_corte rurale aperta.pdf,0303282872,29667,649df419-3776-456d-a58f-6151f73a33ab,649df419-3776-456d-a58f-6151f73a33ab.png,1.output_png_schede/649df419-3776-456d-a58f-6151f73a33ab.png,exported
lombardia/0303282985_CO_Centro Valle Intelvi_EDANN_casa corte aperta,0303282985_CO_Centro Valle Intelvi_EDANN_casa corte aperta.pdf,0.original_foto_schede/lombardia/0303282985_CO_Centro Valle Intelvi_EDANN_casa corte aperta/0303282985_CO_Centro Valle Intelvi_EDANN_casa corte aperta.pdf,0303282985,34558,b170128d-7d5a-497d-b75f-a42970f5219b,b170128d-7d5a-497d-b75f-a42970f5219b.png,1.output_png_schede/b170128d-7d5a-497d-b75f-a42970f5219b.png,exported
lombardia/0303284775_CR_Casalmaggiore_COM_edifici affiancati,0303284775_CR_Casalmaggiore_COM_edifici affiancati.pdf,0.original_foto_schede/lombardia/0303284775_CR_Casalmaggiore_COM_edifici affiancati/0303284775_CR_Casalmaggiore_COM_edifici affiancati.pdf,0303284775,30026,32e81225-4cdb-4886-88ed-bbe74f6ca10c,32e81225-4cdb-4886-88ed-bbe74f6ca10c.png,1.output_png_schede/32e81225-4cdb-4886-88ed-bbe74f6ca10c.png,exported
lombardia/0303285067_MI_Vigevano_COM_cascina corte aperta,0303285067_MI_Vigevano_COM_cascina corte aperta.pdf,0.original_foto_schede/lombardia/0303285067_MI_Vigevano_COM_cascina corte aperta/0303285067_MI_Vigevano_COM_cascina corte aperta.pdf,0303285067,43625,25c9e74b-0f5e-4ca8-8432-cbb3c2b07656,25c9e74b-0f5e-4ca8-8432-cbb3c2b07656.png,1.output_png_schede/25c9e74b-0f5e-4ca8-8432-cbb3c2b07656.png,exported
lombardia/binasco01,binasco01.pdf,0.original_foto_schede/lombardia/binasco01/binasco01.pdf,0303280759,30264,2ab5d014-5d5a-4df9-baa3-9c8a861a0053,2ab5d014-5d5a-4df9-baa3-9c8a861a0053.png,1.output_png_schede/2ab5d014-5d5a-4df9-baa3-9c8a861a0053.png,exported
lombardia/gaggiano01,gaggiano01.pdf,0.original_foto_schede/lombardia/gaggiano01/gaggiano01.pdf,0303278361,25648,0441c72d-b24e-4551-bbde-790c50af85f6,0441c72d-b24e-4551-bbde-790c50af85f6.png,1.output_png_schede/0441c72d-b24e-4551-bbde-790c50af85f6.png,exported
lombardia/segrate01,segrate01.pdf,0.original_foto_schede/lombardia/segrate01/segrate01.pdf,0303284915,43590,9b849c4c-18b3-468e-a70f-dc904332a708,9b849c4c-18b3-468e-a70f-dc904332a708.png,1.output_png_schede/9b849c4c-18b3-468e-a70f-dc904332a708.png,exported
lombardia/vittuone01,vittuone01.pdf,0.original_foto_schede/lombardia/vittuone01/vittuone01.pdf,0303281197,31473,c387257e-fa24-42e5-a800-3c0608d994ee,c387257e-fa24-42e5-a800-3c0608d994ee.png,1.output_png_schede/c387257e-fa24-42e5-a800-3c0608d994ee.png,exported
marche/1100389502_Filottrano_EDANN_casale_Casa Martinangeli,Filotrano_casa Martinangeli_casale.pdf,0.original_foto_schede/marche/1100389502_Filottrano_EDANN_casale_Casa Martinangeli/Filotrano_casa Martinangeli_casale.pdf,1100389502,8169,d4811010-b592-485f-ac86-2768a62eaf2f,d4811010-b592-485f-ac86-2768a62eaf2f.png,1.output_png_schede/d4811010-b592-485f-ac86-2768a62eaf2f.png,exported
marche/1100389532_Agugliano_EDSING_casa con bigattiera_Casa Cavucci,1100389532_Agugliano_EDSING_casa con bigattiera_Casa Cavucci.pdf,0.original_foto_schede/marche/1100389532_Agugliano_EDSING_casa con bigattiera_Casa Cavucci/1100389532_Agugliano_EDSING_casa con bigattiera_Casa Cavucci.pdf,1100389532,8222,0aa1503c-8cb8-41af-8920-6b889bbc89b4,0aa1503c-8cb8-41af-8920-6b889bbc89b4.png,1.output_png_schede/0aa1503c-8cb8-41af-8920-6b889bbc89b4.png,exported
marche/1100389535_S.Marcello_EDANN_casa con bigattiera_Casa Padovano,1100389535_S MArcello Bigattiera.pdf,0.original_foto_schede/marche/1100389535_S.Marcello_EDANN_casa con bigattiera_Casa Padovano/1100389535_S MArcello Bigattiera.pdf,1100389535,8121,dabb4c0b-c088-4db4-bd02-019577b12ebf,dabb4c0b-c088-4db4-bd02-019577b12ebf.png,1.output_png_schede/dabb4c0b-c088-4db4-bd02-019577b12ebf.png,exported
"marche/1100389555_Montecassiano_EDANN, casa a scala esterna_Casa Zacconi","Montecassiano_Casa Zacconi, EDANN, casa a scala esterna.pdf","0.original_foto_schede/marche/1100389555_Montecassiano_EDANN, casa a scala esterna_Casa Zacconi/Montecassiano_Casa Zacconi, EDANN, casa a scala esterna.pdf",1100389555,28582,be59e241-ea17-48ac-b683-b4e06e8e1359,be59e241-ea17-48ac-b683-b4e06e8e1359.png,1.output_png_schede/be59e241-ea17-48ac-b683-b4e06e8e1359.png,exported
marche/1100389574_Chiaravalle_EDANN_casa con bigattiera e scala est_Casa Chiappa,1100389574_Maschera Scheda Censimenti v3.pdf,0.original_foto_schede/marche/1100389574_Chiaravalle_EDANN_casa con bigattiera e scala est_Casa Chiappa/1100389574_Maschera Scheda Censimenti v3.pdf,,,,,,no_matching_iccd_code
marche/1100389576_Genga_EDANN_casale_Barota,1100389576_Genga_EDANN_casale_Barota.pdf,0.original_foto_schede/marche/1100389576_Genga_EDANN_casale_Barota/1100389576_Genga_EDANN_casale_Barota.pdf,1100389576,8288,501a93b1-303d-4b7b-87b3-a38acfe5b228,501a93b1-303d-4b7b-87b3-a38acfe5b228.png,1.output_png_schede/501a93b1-303d-4b7b-87b3-a38acfe5b228.png,exported
marche/1100389601_Fabriano_EDANN_casa di pendio_Casa Serra,"Fabriano_Casa Serra, EDANN_casa di pendio.pdf","0.original_foto_schede/marche/1100389601_Fabriano_EDANN_casa di pendio_Casa Serra/Fabriano_Casa Serra, EDANN_casa di pendio.pdf",1100389601,8193,cfb72b96-ff6a-4a16-8af9-e69e209fcf83,cfb72b96-ff6a-4a16-8af9-e69e209fcf83.png,1.output_png_schede/cfb72b96-ff6a-4a16-8af9-e69e209fcf83.png,exported
marche/1100389738_Chiaravalle_EDANN_casa con bigattiera_Brecciaroli,1100389738_Chiaravalle_EDANN_casa con bigattiera Brecciaroli.pdf,0.original_foto_schede/marche/1100389738_Chiaravalle_EDANN_casa con bigattiera_Brecciaroli/1100389738_Chiaravalle_EDANN_casa con bigattiera Brecciaroli.pdf,1100389738,8379,fc4fa58a-5c0b-468b-9bd0-1011cf5bdfec,fc4fa58a-5c0b-468b-9bd0-1011cf5bdfec.png,1.output_png_schede/fc4fa58a-5c0b-468b-9bd0-1011cf5bdfec.png,exported
marche/1100389791_Porto Recanati_EDANN_scala esterna_Case Gigli,1100389791_Porto Recanati_Scala est Gigli.pdf,0.original_foto_schede/marche/1100389791_Porto Recanati_EDANN_scala esterna_Case Gigli/1100389791_Porto Recanati_Scala est Gigli.pdf,1100389791,7301,055a426b-d150-47d3-bcbd-af75c1e717bb,055a426b-d150-47d3-bcbd-af75c1e717bb.png,1.output_png_schede/055a426b-d150-47d3-bcbd-af75c1e717bb.png,exported
marche/1100389914_Montelupone_Casa Contrada Poeta_EDSING_casa a scala esterna,1100389914_Montelupone_Casa Contrada Poeta_EDSING_casa a scala esterna.pdf,0.original_foto_schede/marche/1100389914_Montelupone_Casa Contrada Poeta_EDSING_casa a scala esterna/1100389914_Montelupone_Casa Contrada Poeta_EDSING_casa a scala esterna.pdf,1100389914,781,6d13cb61-22ce-4877-b5e0-0fe7273b5099,6d13cb61-22ce-4877-b5e0-0fe7273b5099.png,1.output_png_schede/6d13cb61-22ce-4877-b5e0-0fe7273b5099.png,exported
marche/1100389959_Osimo_Casa Stringhi_EDANN_casa con bigattiera,Osimo_Casa Stringhi_EDANN_casa con bigattiera.pdf,0.original_foto_schede/marche/1100389959_Osimo_Casa Stringhi_EDANN_casa con bigattiera/Osimo_Casa Stringhi_EDANN_casa con bigattiera.pdf,1100389959,26199,706037d5-372a-4f1b-9460-b1afdd85f1e6,706037d5-372a-4f1b-9460-b1afdd85f1e6.png,1.output_png_schede/706037d5-372a-4f1b-9460-b1afdd85f1e6.png,exported
marche/1100391235_Fabriano_EDANN_casa pendio_Vallazza,1100391235_Fabriano_EDANN_casa pendio_Vallazza.pdf,0.original_foto_schede/marche/1100391235_Fabriano_EDANN_casa pendio_Vallazza/1100391235_Fabriano_EDANN_casa pendio_Vallazza.pdf,1100391235,6591,f288c328-c08e-4bcf-8204-d92ac41ac1fc,f288c328-c08e-4bcf-8204-d92ac41ac1fc.png,1.output_png_schede/f288c328-c08e-4bcf-8204-d92ac41ac1fc.png,exported
marche/1100391410_Cossignano_EDSING_scala esterna_Casa Concetti,1100391410_Cossignano_EDSING_scala esterna_Casa Concetti.pdf,0.original_foto_schede/marche/1100391410_Cossignano_EDSING_scala esterna_Casa Concetti/1100391410_Cossignano_EDSING_scala esterna_Casa Concetti.pdf,1100391410,35587,7842880c-ddcd-4709-b3e4-ed2967d4c2f0,7842880c-ddcd-4709-b3e4-ed2967d4c2f0.png,1.output_png_schede/7842880c-ddcd-4709-b3e4-ed2967d4c2f0.png,exported
marche/1100392798_Fano_EDANN_casale_casa Solazzi (scalaint),1100392798_Casa a scala interna Fano_casa Solazzi.pdf,0.original_foto_schede/marche/1100392798_Fano_EDANN_casale_casa Solazzi (scalaint)/1100392798_Casa a scala interna Fano_casa Solazzi.pdf,1100392798,27479,feb5a135-f998-4b72-8d9d-0b9b74a107c3,feb5a135-f998-4b72-8d9d-0b9b74a107c3.png,1.output_png_schede/feb5a135-f998-4b72-8d9d-0b9b74a107c3.png,exported
marche/1100392842_Mercatello_EDANN_casa con torre_Bruscara,Mercatello_casa con torre.pdf,0.original_foto_schede/marche/1100392842_Mercatello_EDANN_casa con torre_Bruscara/Mercatello_casa con torre.pdf,1100392842,38374,aa449244-d3ac-4c0c-8933-bc6581079761,aa449244-d3ac-4c0c-8933-bc6581079761.png,1.output_png_schede/aa449244-d3ac-4c0c-8933-bc6581079761.png,exported
marche/1100392903_Monteprandone_EDANN_casa con loggiato_Casa XXIV Maggio,AP_Monteprandone_Casa_XXIV_Maggio_eidotipo.pdf,0.original_foto_schede/marche/1100392903_Monteprandone_EDANN_casa con loggiato_Casa XXIV Maggio/AP_Monteprandone_Casa_XXIV_Maggio_eidotipo.pdf,,,,,,no_matching_iccd_code
marche/1100393026_Urbisaglia_EDANN_Casa_Bandini_2,1100393026_Urbisaglia_casa Bandini 2.pdf,0.original_foto_schede/marche/1100393026_Urbisaglia_EDANN_Casa_Bandini_2/1100393026_Urbisaglia_casa Bandini 2.pdf,1100393026,39782,8f6be09d-64f7-4773-9062-30255b672d70,8f6be09d-64f7-4773-9062-30255b672d70.png,1.output_png_schede/8f6be09d-64f7-4773-9062-30255b672d70.png,exported
marche/1100393027_Urbisaglia_EDSING_casale_Casa_Bandini,1100393027_Urbisaglia_Casa Bandini.pdf,0.original_foto_schede/marche/1100393027_Urbisaglia_EDSING_casale_Casa_Bandini/1100393027_Urbisaglia_Casa Bandini.pdf,1100393027,32335,78a95c14-7937-4b53-b810-beafba0c47bb,78a95c14-7937-4b53-b810-beafba0c47bb.png,1.output_png_schede/78a95c14-7937-4b53-b810-beafba0c47bb.png,exported
marche/1100393061_Mercatello_EDANN_casa con torre_Cà la Felice,Mercatello_Cà la Felice_EDANN_casa con torre.pdf,0.original_foto_schede/marche/1100393061_Mercatello_EDANN_casa con torre_Cà la Felice/Mercatello_Cà la Felice_EDANN_casa con torre.pdf,1100393061,39859,4fcd724f-2eaa-4958-926a-99e0c7436b9a,4fcd724f-2eaa-4958-926a-99e0c7436b9a.png,1.output_png_schede/4fcd724f-2eaa-4958-926a-99e0c7436b9a.png,exported
marche/1100393062_Mercatello_EDANN_casa con torre_Casa Giardino,Mercatello_Casa Giardino_EDANN_casa con torre.pdf,0.original_foto_schede/marche/1100393062_Mercatello_EDANN_casa con torre_Casa Giardino/Mercatello_Casa Giardino_EDANN_casa con torre.pdf,1100393062,39812,e52e1d5f-5b75-4b19-9662-edb313877d10,e52e1d5f-5b75-4b19-9662-edb313877d10.png,1.output_png_schede/e52e1d5f-5b75-4b19-9662-edb313877d10.png,exported
marche/1100393062_PU_Mercatello_casa con torre Giardino,1100393062_Maschera Scheda Censimenti v3.pdf,0.original_foto_schede/marche/1100393062_PU_Mercatello_casa con torre Giardino/1100393062_Maschera Scheda Censimenti v3.pdf,,,,,,no_matching_iccd_code
marche/1100393168_Cingoli_EDANN_Botontano2_scalaesterna (no a torre),Cingoli_EDANN_Botontano2_scalaesterna (no a torre).pdf,0.original_foto_schede/marche/1100393168_Cingoli_EDANN_Botontano2_scalaesterna (no a torre)/Cingoli_EDANN_Botontano2_scalaesterna (no a torre).pdf,1100393168,41642,0ec34e16-35c5-4910-9738-a2662f241b2c,0ec34e16-35c5-4910-9738-a2662f241b2c.png,1.output_png_schede/0ec34e16-35c5-4910-9738-a2662f241b2c.png,exported
marche/1100393181_Cingoli_EDANN_casolare_Casa Ciriaci,1100393181_Cingoli_EDANN_casolare_Casa Ciriaci.pdf,0.original_foto_schede/marche/1100393181_Cingoli_EDANN_casolare_Casa Ciriaci/1100393181_Cingoli_EDANN_casolare_Casa Ciriaci.pdf,1100393181,41571,09d75789-bea3-4b54-9bbb-9358510e27a1,09d75789-bea3-4b54-9bbb-9358510e27a1.png,1.output_png_schede/09d75789-bea3-4b54-9bbb-9358510e27a1.png,exported
marche/1100393183_Cingoli_EDSIN_scala esterna_Colocci,1100393183_Cingoli_EDSIN_scala esterna_Colocci.pdf,0.original_foto_schede/marche/1100393183_Cingoli_EDSIN_scala esterna_Colocci/1100393183_Cingoli_EDSIN_scala esterna_Colocci.pdf,1100393183,37535,1d474135-cbec-4cbc-8393-1939a4886dbb,1d474135-cbec-4cbc-8393-1939a4886dbb.png,1.output_png_schede/1d474135-cbec-4cbc-8393-1939a4886dbb.png,exported
marche/1100393184_Cingoli_EDANN_scala esterna Botontano1,Cingoli_EDANN_scala esterna Botontano1.pdf,0.original_foto_schede/marche/1100393184_Cingoli_EDANN_scala esterna Botontano1/Cingoli_EDANN_scala esterna Botontano1.pdf,1100393184,41294,3f3eca4e-adb2-4af5-a847-e4be04296379,3f3eca4e-adb2-4af5-a847-e4be04296379.png,1.output_png_schede/3f3eca4e-adb2-4af5-a847-e4be04296379.png,exported
"marche/1100393217_Montalto delle Marche_Casa C.da Lago, EDANN_scala esterna",1100393217_Montalto delle Marche_Casa C.da Lago_EDANN_scala esterna.pdf,"0.original_foto_schede/marche/1100393217_Montalto delle Marche_Casa C.da Lago, EDANN_scala esterna/1100393217_Montalto delle Marche_Casa C.da Lago_EDANN_scala esterna.pdf",1100393217,39810,0649f538-07e9-4b01-badb-3c7fef3f55ae,0649f538-07e9-4b01-badb-3c7fef3f55ae.png,1.output_png_schede/0649f538-07e9-4b01-badb-3c7fef3f55ae.png,exported
marche/1100393232_Massignano_EDSING_scala esterna_Casa 6 C.S Giuliana,1100393232_Massignano_EDSING_scala est_Casa 6 S Giuliana.pdf,0.original_foto_schede/marche/1100393232_Massignano_EDSING_scala esterna_Casa 6 C.S Giuliana/1100393232_Massignano_EDSING_scala est_Casa 6 S Giuliana.pdf,1100393232,38823,56b6be5e-cbcf-4ec4-b1b6-9198f17e0fdf,56b6be5e-cbcf-4ec4-b1b6-9198f17e0fdf.png,1.output_png_schede/56b6be5e-cbcf-4ec4-b1b6-9198f17e0fdf.png,exported
marche/1100393238_Massignano_EDSING_Casa 1 C.da S. Giuliana,1100393238_Massignano_EDSING_Casa 1 C.da S. Giuliana.pdf,0.original_foto_schede/marche/1100393238_Massignano_EDSING_Casa 1 C.da S. Giuliana/1100393238_Massignano_EDSING_Casa 1 C.da S. Giuliana.pdf,,,,,,no_matching_iccd_code
marche/1100393291_Sant_Angelo Vado_EDSING_casale_Ca Baleo,"Ca Baleo, EDIFICIO SINGOLO, casale.pdf","0.original_foto_schede/marche/1100393291_Sant_Angelo Vado_EDSING_casale_Ca Baleo/Ca Baleo, EDIFICIO SINGOLO, casale.pdf",1100393291,32082,89ff0ddf-1825-477c-a557-13b279f77686,89ff0ddf-1825-477c-a557-13b279f77686.png,1.output_png_schede/89ff0ddf-1825-477c-a557-13b279f77686.png,exported
marche/1100393433_Recanati_EDSING_scala esterna_Grottini,1100393433_Recanati_EDSING_scala esterna_Grottini.pdf,0.original_foto_schede/marche/1100393433_Recanati_EDSING_scala esterna_Grottini/1100393433_Recanati_EDSING_scala esterna_Grottini.pdf,1100393433,42579,99bd76af-a0ff-44a2-868f-964562100814,99bd76af-a0ff-44a2-868f-964562100814.png,1.output_png_schede/99bd76af-a0ff-44a2-868f-964562100814.png,exported
marche/1100393520_Porto Recanati_EDANN_bigattiera_Casa Galassi_9744,1100393520_MC_PortoRecanati_bigattiera_Casa Galassi_9744.pdf,0.original_foto_schede/marche/1100393520_Porto Recanati_EDANN_bigattiera_Casa Galassi_9744/1100393520_MC_PortoRecanati_bigattiera_Casa Galassi_9744.pdf,1100393520,35483,cd905821-68ca-4bbf-888c-e9ce27d59235,cd905821-68ca-4bbf-888c-e9ce27d59235.png,1.output_png_schede/cd905821-68ca-4bbf-888c-e9ce27d59235.png,exported
marche/1100393523_Porto Recanati_EDANN_Castelletta_scala esterna,Porto Recanati_Castelletta_scala esterna.pdf,0.original_foto_schede/marche/1100393523_Porto Recanati_EDANN_Castelletta_scala esterna/Porto Recanati_Castelletta_scala esterna.pdf,1100393523,642,8a54a1d8-809f-49da-860b-e752b5d60573,8a54a1d8-809f-49da-860b-e752b5d60573.png,1.output_png_schede/8a54a1d8-809f-49da-860b-e752b5d60573.png,exported
marche/1100393566_PortoRecanati_EDANN_Casa Camilletti_9740_casa con bigattiera,Casa Camilletti_9740.pdf,0.original_foto_schede/marche/1100393566_PortoRecanati_EDANN_Casa Camilletti_9740_casa con bigattiera/Casa Camilletti_9740.pdf,1100393566,42860,025184ae-5f48-4929-b70b-116342403adb,025184ae-5f48-4929-b70b-116342403adb.png,1.output_png_schede/025184ae-5f48-4929-b70b-116342403adb.png,exported
molise/1400108529_CB_Vinchiaturo_Masseria,Masseria Santoianni_EDSING_casa a scala esterna.pdf,0.original_foto_schede/molise/1400108529_CB_Vinchiaturo_Masseria/Masseria Santoianni_EDSING_casa a scala esterna.pdf,1400108529,2851,b9fc1263-e512-4fe5-b775-75eb80ba257e,b9fc1263-e512-4fe5-b775-75eb80ba257e.png,1.output_png_schede/b9fc1263-e512-4fe5-b775-75eb80ba257e.png,exported
molise/1400108552_Masseria Della Banca_COM_masseria con torre,Masseria Della Banca_COM_masseria con torre.pdf,0.original_foto_schede/molise/1400108552_Masseria Della Banca_COM_masseria con torre/Masseria Della Banca_COM_masseria con torre.pdf,,,,,,no_matching_iccd_code
molise/1400108588_CB_Sepino_Ponte tavole 2 Insediamento rurale,Ponte di Tavole 2_COM_insediamento rurale.pdf,0.original_foto_schede/molise/1400108588_CB_Sepino_Ponte tavole 2 Insediamento rurale/Ponte di Tavole 2_COM_insediamento rurale.pdf,1400108588,992,b7185930-f0a4-4f24-aebe-9a2cecbbb6f6,b7185930-f0a4-4f24-aebe-9a2cecbbb6f6.png,1.output_png_schede/b7185930-f0a4-4f24-aebe-9a2cecbbb6f6.png,exported
molise/1400108657_CB_Guardiaregia_La cesa,"Casa La Cesa, EDIFICIO SINGOLO, casa di pendio.pdf","0.original_foto_schede/molise/1400108657_CB_Guardiaregia_La cesa/Casa La Cesa, EDIFICIO SINGOLO, casa di pendio.pdf",1400108657,3172,bf19c19b-1bd1-4347-b9c9-96f18ed62ea2,bf19c19b-1bd1-4347-b9c9-96f18ed62ea2.png,1.output_png_schede/bf19c19b-1bd1-4347-b9c9-96f18ed62ea2.png,exported
molise/1400108794_CB_San Martino in Pensilis_Masseria Sassi Cesare,00108794_CB_San Martino in Pensilis_Masseria Sassi Cesare.pdf,0.original_foto_schede/molise/1400108794_CB_San Martino in Pensilis_Masseria Sassi Cesare/00108794_CB_San Martino in Pensilis_Masseria Sassi Cesare.pdf,1400108794,1876,28fe89ee-f752-4171-8bd5-f4449c3e4a02,28fe89ee-f752-4171-8bd5-f4449c3e4a02.png,1.output_png_schede/28fe89ee-f752-4171-8bd5-f4449c3e4a02.png,exported
molise/1400108853_CB_Oratino_Casa Pozzo Nuovo_EDSING_scala esterna,00108853_CB_Oratino_Casa Pozzo Nuovo_EDSING_scala esterna.pdf,0.original_foto_schede/molise/1400108853_CB_Oratino_Casa Pozzo Nuovo_EDSING_scala esterna/00108853_CB_Oratino_Casa Pozzo Nuovo_EDSING_scala esterna.pdf,1400108853,28385,309ce237-14f3-4843-9935-3d6bf014b530,309ce237-14f3-4843-9935-3d6bf014b530.png,1.output_png_schede/309ce237-14f3-4843-9935-3d6bf014b530.png,exported
molise/1400108855_CB_Oratino_Casa Vetica_EDSING_casa di pendio,"Casa Vetica , EDIFICIO SINGOLO, casa di pendio.pdf","0.original_foto_schede/molise/1400108855_CB_Oratino_Casa Vetica_EDSING_casa di pendio/Casa Vetica , EDIFICIO SINGOLO, casa di pendio.pdf",1400108855,26200,52c3d681-cc1e-4f04-ade4-09cd2cc9e4cd,52c3d681-cc1e-4f04-ade4-09cd2cc9e4cd.png,1.output_png_schede/52c3d681-cc1e-4f04-ade4-09cd2cc9e4cd.png,exported
molise/1400108861_IS_Capracotta_casa di pendio_Casa Macchia,00108861_IS_Capracotta_casa di pendio.pdf,0.original_foto_schede/molise/1400108861_IS_Capracotta_casa di pendio_Casa Macchia/00108861_IS_Capracotta_casa di pendio.pdf,1400108861,28497,afd2c151-d356-424e-aaf2-01b10e1a412c,afd2c151-d356-424e-aaf2-01b10e1a412c.png,1.output_png_schede/afd2c151-d356-424e-aaf2-01b10e1a412c.png,exported
molise/1400108866_CB_Riccia_Casale Località Sticozze_EDSING,00108866_CB_Riccia_Casale Località Sticozze_EDSING.pdf,0.original_foto_schede/molise/1400108866_CB_Riccia_Casale Località Sticozze_EDSING/00108866_CB_Riccia_Casale Località Sticozze_EDSING.pdf,1400108866,2755,cf6e2921-bd94-406d-9a63-0ff462ee42cb,cf6e2921-bd94-406d-9a63-0ff462ee42cb.png,1.output_png_schede/cf6e2921-bd94-406d-9a63-0ff462ee42cb.png,exported
molise/1400108871_CB_Guardiaregia_Casale Calleo_EDANN_casale,Casale Calleo_EDANN_casale.pdf,0.original_foto_schede/molise/1400108871_CB_Guardiaregia_Casale Calleo_EDANN_casale/Casale Calleo_EDANN_casale.pdf,1400108871,1759,06c87500-7a78-45be-8fe0-90ba3b310535,06c87500-7a78-45be-8fe0-90ba3b310535.png,1.output_png_schede/06c87500-7a78-45be-8fe0-90ba3b310535.png,exported
molise/1400108946_IS_Castelpetroso_Masserie Rondine_COM_insediamento rurale,"Masserie Rondine, COM_insediamento rurale.pdf","0.original_foto_schede/molise/1400108946_IS_Castelpetroso_Masserie Rondine_COM_insediamento rurale/Masserie Rondine, COM_insediamento rurale.pdf",1400108946,33207,23816566-37d2-46d7-90de-6ceb7f181e39,23816566-37d2-46d7-90de-6ceb7f181e39.png,1.output_png_schede/23816566-37d2-46d7-90de-6ceb7f181e39.png,exported
molise/1400108950_IS_Castelpetroso_Masseria Fiaschi_EDSING_casa di pendio,00108950_Masseria Fiaschi_EDSING_casa di pendio.pdf,0.original_foto_schede/molise/1400108950_IS_Castelpetroso_Masseria Fiaschi_EDSING_casa di pendio/00108950_Masseria Fiaschi_EDSING_casa di pendio.pdf,1400108950,31206,4312b618-3f46-42c3-828a-26a08ea507cb,4312b618-3f46-42c3-828a-26a08ea507cb.png,1.output_png_schede/4312b618-3f46-42c3-828a-26a08ea507cb.png,exported
molise/1400108960_CB_Acquaviva Collecroce_EDSING_pendioNO,CB_Acquaviva Collecroce_EDSING_pendio.pdf,0.original_foto_schede/molise/1400108960_CB_Acquaviva Collecroce_EDSING_pendioNO/CB_Acquaviva Collecroce_EDSING_pendio.pdf,1400108960,5535,25966991-9481-47b0-b0b7-91b68cee8c42,25966991-9481-47b0-b0b7-91b68cee8c42.png,1.output_png_schede/25966991-9481-47b0-b0b7-91b68cee8c42.png,exported
molise/1400109245_Isernia_Masseria a corte,Masseria De Lellis-Petrecca_COM_masseria a corte.pdf,0.original_foto_schede/molise/1400109245_Isernia_Masseria a corte/Masseria De Lellis-Petrecca_COM_masseria a corte.pdf,1400109245,41669,a4b90322-2b3f-48b1-8b21-dbb69d6f5c82,a4b90322-2b3f-48b1-8b21-dbb69d6f5c82.png,1.output_png_schede/a4b90322-2b3f-48b1-8b21-dbb69d6f5c82.png,exported
molise/1400109423_CB_Montenero di Bisaccia_EDSING_casolare_Masseri Pontone,CB_Montenero di Bisaccia_EDSING_casolare_Masseria Pontone.pdf,0.original_foto_schede/molise/1400109423_CB_Montenero di Bisaccia_EDSING_casolare_Masseri Pontone/CB_Montenero di Bisaccia_EDSING_casolare_Masseria Pontone.pdf,1400109423,37508,cea3ae7e-05a0-4533-a431-931cc600fded,cea3ae7e-05a0-4533-a431-931cc600fded.png,1.output_png_schede/cea3ae7e-05a0-4533-a431-931cc600fded.png,exported
molise/1400109438_IS_Santa Maria del Molise_Dimora stagionale,Casa S. Angelo_EDSING_dimora stagionale.pdf,0.original_foto_schede/molise/1400109438_IS_Santa Maria del Molise_Dimora stagionale/Casa S. Angelo_EDSING_dimora stagionale.pdf,1400109438,32746,d78699ff-cb57-4275-a70d-9c6b38622482,d78699ff-cb57-4275-a70d-9c6b38622482.png,1.output_png_schede/d78699ff-cb57-4275-a70d-9c6b38622482.png,exported
piemonte/0100456938_NO_Vinzaglio_COM_cascina a corte chiusa_Cascina Nuova,NO_Vinzaglio_Cascina_Nuova_eidotipo.pdf,0.original_foto_schede/piemonte/0100456938_NO_Vinzaglio_COM_cascina a corte chiusa_Cascina Nuova/NO_Vinzaglio_Cascina_Nuova_eidotipo.pdf,,,,,,no_matching_iccd_code
piemonte/0100456974_TO_Alpignano_COM_Cascina Bonafous,TO_Alpignano_Complesso_Cascina Bonafous.pdf,0.original_foto_schede/piemonte/0100456974_TO_Alpignano_COM_Cascina Bonafous/TO_Alpignano_Complesso_Cascina Bonafous.pdf,0100456974,9440,15d197c0-6300-47da-8779-51c724a21ade,15d197c0-6300-47da-8779-51c724a21ade.png,1.output_png_schede/15d197c0-6300-47da-8779-51c724a21ade.png,exported
piemonte/0100457073_CN_COM_corte rurale chiusa_Tetti Pesio,0100457073_CN_Tetti Pesio_corte rurale chiusa.pdf,0.original_foto_schede/piemonte/0100457073_CN_COM_corte rurale chiusa_Tetti Pesio/0100457073_CN_Tetti Pesio_corte rurale chiusa.pdf,0100457073,9598,1e55b249-20af-48ba-bf26-06fd9c4358f8,1e55b249-20af-48ba-bf26-06fd9c4358f8.png,1.output_png_schede/1e55b249-20af-48ba-bf26-06fd9c4358f8.png,exported
piemonte/0100457074_CN_EDANN_cascina_Cascina Vecchia,0100457074_CN_EDANN_cascina_Cascina Vecchia.pdf,0.original_foto_schede/piemonte/0100457074_CN_EDANN_cascina_Cascina Vecchia/0100457074_CN_EDANN_cascina_Cascina Vecchia.pdf,0100457074,9599,71a40bc3-5fcb-4099-8cf2-14c7e3bad777,71a40bc3-5fcb-4099-8cf2-14c7e3bad777.png,1.output_png_schede/71a40bc3-5fcb-4099-8cf2-14c7e3bad777.png,exported
piemonte/0100457089_CN_COM_cascina_Cascina Risorgimento,CN_Cascina Risorgimento_COMPLESSO_cascina.pdf,0.original_foto_schede/piemonte/0100457089_CN_COM_cascina_Cascina Risorgimento/CN_Cascina Risorgimento_COMPLESSO_cascina.pdf,0100457089,9561,6aab9fca-f4d3-4789-9fbe-2fcb9cc566b5,6aab9fca-f4d3-4789-9fbe-2fcb9cc566b5.png,1.output_png_schede/6aab9fca-f4d3-4789-9fbe-2fcb9cc566b5.png,exported
piemonte/0100457092_CN_EDANN_casa ballatoio_Marcellina,CN_Edificio con annessi_casa a ballatoio_Cascina Marcellina.pdf,0.original_foto_schede/piemonte/0100457092_CN_EDANN_casa ballatoio_Marcellina/CN_Edificio con annessi_casa a ballatoio_Cascina Marcellina.pdf,0100457092,9565,1b014025-e129-41b9-a194-dfa1f57481ac,1b014025-e129-41b9-a194-dfa1f57481ac.png,1.output_png_schede/1b014025-e129-41b9-a194-dfa1f57481ac.png,exported
piemonte/0100457200_AL_Valmadonna_COM_cascina_Cascina Ruffina,AL_Alessandria_Complesso_Cascina Ruffina.pdf,0.original_foto_schede/piemonte/0100457200_AL_Valmadonna_COM_cascina_Cascina Ruffina/AL_Alessandria_Complesso_Cascina Ruffina.pdf,0100457200,9742,ec46f6b9-2d82-4b74-a0ce-b75dde58351f,ec46f6b9-2d82-4b74-a0ce-b75dde58351f.png,1.output_png_schede/ec46f6b9-2d82-4b74-a0ce-b75dde58351f.png,exported
piemonte/0100457270_CN_SStefanoRoero_EDSING_casadi terra,0100457270_CN_SStefanoRoero_EDSING_casadi terra.pdf,0.original_foto_schede/piemonte/0100457270_CN_SStefanoRoero_EDSING_casadi terra/0100457270_CN_SStefanoRoero_EDSING_casadi terra.pdf,0100457270,9838,b98b1de2-1d86-4501-8d7b-0cc38b88d439,b98b1de2-1d86-4501-8d7b-0cc38b88d439.png,1.output_png_schede/b98b1de2-1d86-4501-8d7b-0cc38b88d439.png,exported
piemonte/0100457273_CN_Caramagna_COM_cascina_Cascina Rivassa,CN_Caramagna Piemonte_Complesso_Cascina Ricavassa.pdf,0.original_foto_schede/piemonte/0100457273_CN_Caramagna_COM_cascina_Cascina Rivassa/CN_Caramagna Piemonte_Complesso_Cascina Ricavassa.pdf,0100457273,9841,b5b0e8bc-a1a7-4496-8ce8-cb2d3fca5daf,b5b0e8bc-a1a7-4496-8ce8-cb2d3fca5daf.png,1.output_png_schede/b5b0e8bc-a1a7-4496-8ce8-cb2d3fca5daf.png,exported
piemonte/0100457342_TO_Orbassano_COM_cascina corte aperta,TO_Orbassano_Complesso_Cascina a corte aperta.pdf,0.original_foto_schede/piemonte/0100457342_TO_Orbassano_COM_cascina corte aperta/TO_Orbassano_Complesso_Cascina a corte aperta.pdf,0100457342,9862,7273b4fa-6551-4852-bf0b-193d274a560e,7273b4fa-6551-4852-bf0b-193d274a560e.png,1.output_png_schede/7273b4fa-6551-4852-bf0b-193d274a560e.png,exported
piemonte/0100457414_VC_Ronsecco_COM_cascina corte chiusa_Cascina Ceretto,Ronsecco_COM_cascina corte chiusa_Cascina Ceretto.pdf,0.original_foto_schede/piemonte/0100457414_VC_Ronsecco_COM_cascina corte chiusa_Cascina Ceretto/Ronsecco_COM_cascina corte chiusa_Cascina Ceretto.pdf,0100457414,9968,ca6e12ed-4cbc-40a8-bf12-19e90b5a9c13,ca6e12ed-4cbc-40a8-bf12-19e90b5a9c13.png,1.output_png_schede/ca6e12ed-4cbc-40a8-bf12-19e90b5a9c13.png,exported
piemonte/0100457426_AT_Boglione _EDSING_Teggia rurale,AT_Castel Boglione_Edificio singolo_Casa con teggia rurale.pdf,0.original_foto_schede/piemonte/0100457426_AT_Boglione _EDSING_Teggia rurale/AT_Castel Boglione_Edificio singolo_Casa con teggia rurale.pdf,0100457426,9980,3ef1dc21-f9fa-4f24-b02b-5ca7696ba476,3ef1dc21-f9fa-4f24-b02b-5ca7696ba476.png,1.output_png_schede/3ef1dc21-f9fa-4f24-b02b-5ca7696ba476.png,exported
piemonte/0100457828_NO_Castelletto sopra Ticino_EDSING_cascina,NO_Castelletto sopra Ticino_EDSING_cascina.pdf,0.original_foto_schede/piemonte/0100457828_NO_Castelletto sopra Ticino_EDSING_cascina/NO_Castelletto sopra Ticino_EDSING_cascina.pdf,0100457828,8334,26f74cee-0c5a-4896-925e-7ed6877ea66b,26f74cee-0c5a-4896-925e-7ed6877ea66b.png,1.output_png_schede/26f74cee-0c5a-4896-925e-7ed6877ea66b.png,exported
piemonte/0100458066_CN_Roata Rossi_EDANN_casale_Roata Caporalina,0100458066_CN_Roata Rossi_EDANN_casale Roata Caporalina.pdf,0.original_foto_schede/piemonte/0100458066_CN_Roata Rossi_EDANN_casale_Roata Caporalina/0100458066_CN_Roata Rossi_EDANN_casale Roata Caporalina.pdf,0100458066,10544,ce2045a5-0c1d-48b5-bc6c-56afa11ba785,ce2045a5-0c1d-48b5-bc6c-56afa11ba785.png,1.output_png_schede/ce2045a5-0c1d-48b5-bc6c-56afa11ba785.png,exported
piemonte/0100458144_TO_Sestriere_EDSING_casa alpina,0100458144_TO_Sestriere_EDSING_casa alpina.pdf,0.original_foto_schede/piemonte/0100458144_TO_Sestriere_EDSING_casa alpina/0100458144_TO_Sestriere_EDSING_casa alpina.pdf,0100458144,10664,b982042d-80a2-4521-b042-cfa099f17580,b982042d-80a2-4521-b042-cfa099f17580.png,1.output_png_schede/b982042d-80a2-4521-b042-cfa099f17580.png,exported
piemonte/0100458160_TO_Cesana_EDSING_casa alpina,0100458160_TO_Cesana_EDSING_casa alpina.pdf,0.original_foto_schede/piemonte/0100458160_TO_Cesana_EDSING_casa alpina/0100458160_TO_Cesana_EDSING_casa alpina.pdf,0100458160,10799,ff450bbe-79a7-46ab-b105-4a4ece01a3de,ff450bbe-79a7-46ab-b105-4a4ece01a3de.png,1.output_png_schede/ff450bbe-79a7-46ab-b105-4a4ece01a3de.png,exported
piemonte/0100458825_CN_Lagnasco_La Grangia,0100458825_CN_Lagnasco_La Grangia.pdf,0.original_foto_schede/piemonte/0100458825_CN_Lagnasco_La Grangia/0100458825_CN_Lagnasco_La Grangia.pdf,0100458825,11027,b0b5c8c8-6493-4faf-9067-f25ae0b9fa20,b0b5c8c8-6493-4faf-9067-f25ae0b9fa20.png,1.output_png_schede/b0b5c8c8-6493-4faf-9067-f25ae0b9fa20.png,exported
piemonte/0100458907_VB_Macugnaga_EDSING_Museo Casa Walser di Borca,0100458907_VB_Macugnaga_EDSING_Museo Casa Walser di Borca.pdf,0.original_foto_schede/piemonte/0100458907_VB_Macugnaga_EDSING_Museo Casa Walser di Borca/0100458907_VB_Macugnaga_EDSING_Museo Casa Walser di Borca.pdf,0100458907,11214,4fb624f3-0a69-46e9-9003-65063862e780,4fb624f3-0a69-46e9-9003-65063862e780.png,1.output_png_schede/4fb624f3-0a69-46e9-9003-65063862e780.png,exported
piemonte/0100458927_VB_Macugnaga_EDSING_Casa Walser,0100458927_VB_Macugnaga_EDSING_Casa Walser .pdf,0.original_foto_schede/piemonte/0100458927_VB_Macugnaga_EDSING_Casa Walser/0100458927_VB_Macugnaga_EDSING_Casa Walser .pdf,0100458927,11163,14a7780b-f008-4007-85ec-3bf1ff90efa3,14a7780b-f008-4007-85ec-3bf1ff90efa3.png,1.output_png_schede/14a7780b-f008-4007-85ec-3bf1ff90efa3.png,exported
piemonte/0100458933_VB_Baceno_Frazione Goglio_EDANN_casa Walser,0100458933_VB_Baceno_Frazione Goglio_EDANN_casa Walser.pdf,0.original_foto_schede/piemonte/0100458933_VB_Baceno_Frazione Goglio_EDANN_casa Walser/0100458933_VB_Baceno_Frazione Goglio_EDANN_casa Walser.pdf,0100458933,11169,3c51f577-1d38-4f82-b6cf-50402bc4dfe3,3c51f577-1d38-4f82-b6cf-50402bc4dfe3.png,1.output_png_schede/3c51f577-1d38-4f82-b6cf-50402bc4dfe3.png,exported
piemonte/0100459116_TO_Venaus_EDSING_casa rurale di montagna,TO_Venaus_EDIFICIO SINGOLO_casa rurale di montagna.pdf,0.original_foto_schede/piemonte/0100459116_TO_Venaus_EDSING_casa rurale di montagna/TO_Venaus_EDIFICIO SINGOLO_casa rurale di montagna.pdf,0100459116,35636,7c495b14-44b2-48d8-a1de-5587a861ee7b,7c495b14-44b2-48d8-a1de-5587a861ee7b.png,1.output_png_schede/7c495b14-44b2-48d8-a1de-5587a861ee7b.png,exported
piemonte/0100459129_TO_Mattiè_EDSIG_rurale montagna,0100459129_TO_Mattiè_EDSIG_rurale montagna.pdf,0.original_foto_schede/piemonte/0100459129_TO_Mattiè_EDSIG_rurale montagna/0100459129_TO_Mattiè_EDSIG_rurale montagna.pdf,0100459129,11446,9e8a4d53-d0c4-4645-b239-433ac37df820,9e8a4d53-d0c4-4645-b239-433ac37df820.png,1.output_png_schede/9e8a4d53-d0c4-4645-b239-433ac37df820.png,exported
piemonte/0100459278_BI_Borriana_COM_cascina a corte chiusa_Cascina Sedime Grande,BI_Borriana_Cascina Sedime Grande.pdf,0.original_foto_schede/piemonte/0100459278_BI_Borriana_COM_cascina a corte chiusa_Cascina Sedime Grande/BI_Borriana_Cascina Sedime Grande.pdf,0100459278,6855,84cca523-bfd1-493c-a5ce-d1f7f12997cc,84cca523-bfd1-493c-a5ce-d1f7f12997cc.png,1.output_png_schede/84cca523-bfd1-493c-a5ce-d1f7f12997cc.png,exported
piemonte/0100459603_CN_Fossano_cascina corte Aperta_Cascina Teitasso,CN_Fossano_cascina corte Aperta_Cascina Teitasso.pdf,0.original_foto_schede/piemonte/0100459603_CN_Fossano_cascina corte Aperta_Cascina Teitasso/CN_Fossano_cascina corte Aperta_Cascina Teitasso.pdf,0100459603,11813,264aaae0-afe2-445a-9c00-40f99f9a27f1,264aaae0-afe2-445a-9c00-40f99f9a27f1.png,1.output_png_schede/264aaae0-afe2-445a-9c00-40f99f9a27f1.png,exported
piemonte/0100460953_VC_Santhia_EDANN_cascina_Cascina da Basso,VC_SAnthia_Cascina da Basso.pdf,0.original_foto_schede/piemonte/0100460953_VC_Santhia_EDANN_cascina_Cascina da Basso/VC_SAnthia_Cascina da Basso.pdf,0100460953,1024,d1eab20c-0cf6-4a50-a2cc-2c6f038ce9b5,d1eab20c-0cf6-4a50-a2cc-2c6f038ce9b5.png,1.output_png_schede/d1eab20c-0cf6-4a50-a2cc-2c6f038ce9b5.png,exported
piemonte/0100461069 _AL_Bosco Marengo_casina corte aperta_cascina S. Michele,"Bosco Marengo_Cascina S. Michele, COM_cascina a corte aperta.pdf","0.original_foto_schede/piemonte/0100461069 _AL_Bosco Marengo_casina corte aperta_cascina S. Michele/Bosco Marengo_Cascina S. Michele, COM_cascina a corte aperta.pdf",0100461069,25635,e3133773-cdc2-4553-b676-257b4fb378e5,e3133773-cdc2-4553-b676-257b4fb378e5.png,1.output_png_schede/e3133773-cdc2-4553-b676-257b4fb378e5.png,exported
piemonte,0100461070_AL_Frugarolo_La Torre_cascina corte chiusa.pdf,0.original_foto_schede/piemonte/0100461070_AL_Frugarolo_La Torre_cascina corte chiusa.pdf,,,,,,error: FileDataError: '0.original_foto_schede/piemonte/0100461070_AL_Frugarolo_La Torre_cascina corte chiusa.pdf' is no file
piemonte/0100461070_AL_Frugarolo_La Torre_cascina corte chiusa.pdf,0100461070_Frugarolo_La Torre_cascina corte chiusa p.66.pdf,0.original_foto_schede/piemonte/0100461070_AL_Frugarolo_La Torre_cascina corte chiusa.pdf/0100461070_Frugarolo_La Torre_cascina corte chiusa p.66.pdf,0100461070,25955,24fc1ab7-3e64-494f-ad15-857814ca3a7d,24fc1ab7-3e64-494f-ad15-857814ca3a7d.png,1.output_png_schede/24fc1ab7-3e64-494f-ad15-857814ca3a7d.png,exported
piemonte/0100462248_VB_Caprezzo_EDSING_cascina,0100462248_VB_Caprezzo_EDSING_cascina.pdf,0.original_foto_schede/piemonte/0100462248_VB_Caprezzo_EDSING_cascina/0100462248_VB_Caprezzo_EDSING_cascina.pdf,0100462248,23266,5c7e2f91-799d-473e-8248-b28c0a38f0ea,5c7e2f91-799d-473e-8248-b28c0a38f0ea.png,1.output_png_schede/5c7e2f91-799d-473e-8248-b28c0a38f0ea.png,exported
piemonte/0100462913_VB_Macugnaga_EDSING_casa Walser,0100462913_VB_Macugnaga_EDSING_casa Walser.pdf,0.original_foto_schede/piemonte/0100462913_VB_Macugnaga_EDSING_casa Walser/0100462913_VB_Macugnaga_EDSING_casa Walser.pdf,0100462913,42155,5a89477f-5a10-4ccd-a196-7fa7fbdbed55,5a89477f-5a10-4ccd-a196-7fa7fbdbed55.png,1.output_png_schede/5a89477f-5a10-4ccd-a196-7fa7fbdbed55.png,exported
piemonte/0100463128_NO_Cascina corte chiusa_Cascina Scalpellina,0100463128_NO_Scalpellina_cascina corte chiusa.pdf,0.original_foto_schede/piemonte/0100463128_NO_Cascina corte chiusa_Cascina Scalpellina/0100463128_NO_Scalpellina_cascina corte chiusa.pdf,0100463128,26018,87ff8e5d-a567-4fbd-888c-7b8f41109530,87ff8e5d-a567-4fbd-888c-7b8f41109530.png,1.output_png_schede/87ff8e5d-a567-4fbd-888c-7b8f41109530.png,exported
puglia/1600390360_TA_Massafra_complesso_masseria,download (13).pdf,0.original_foto_schede/puglia/1600390360_TA_Massafra_complesso_masseria/download (13).pdf,,,,,,no_matching_iccd_code
puglia/1600390369_TA_Mottola_edificio singolo_casino,download (14).pdf,0.original_foto_schede/puglia/1600390369_TA_Mottola_edificio singolo_casino/download (14).pdf,1600390369,8436,426052aa-4f02-431f-b507-dbe38b0e9137,426052aa-4f02-431f-b507-dbe38b0e9137.png,1.output_png_schede/426052aa-4f02-431f-b507-dbe38b0e9137.png,exported
puglia/1600390460_Manfredonia_FG_edificio con annessi,download (13).pdf,0.original_foto_schede/puglia/1600390460_Manfredonia_FG_edificio con annessi/download (13).pdf,1600390460,8511,216708f3-e659-4373-9b29-5a4fbaa9b002,216708f3-e659-4373-9b29-5a4fbaa9b002.png,1.output_png_schede/216708f3-e659-4373-9b29-5a4fbaa9b002.png,exported
puglia/1600390564_Manfredonia_FG_edificio con annessi,download (13).pdf,0.original_foto_schede/puglia/1600390564_Manfredonia_FG_edificio con annessi/download (13).pdf,1600390564,8646,cb817635-3e4f-4e0d-9f7d-f89ee23fce30,cb817635-3e4f-4e0d-9f7d-f89ee23fce30.png,1.output_png_schede/cb817635-3e4f-4e0d-9f7d-f89ee23fce30.png,exported
puglia/1600390717_TA_Mottola_edificio singolo_lamia,download (13).pdf,0.original_foto_schede/puglia/1600390717_TA_Mottola_edificio singolo_lamia/download (13).pdf,1600390717,8755,09c65d5b-8a95-49d5-a645-ede008a2c152,09c65d5b-8a95-49d5-a645-ede008a2c152.png,1.output_png_schede/09c65d5b-8a95-49d5-a645-ede008a2c152.png,exported
puglia/1600390770_BR_Ceglie Messapica_edificio singolo_trullo,BR_Ceglie Messapica_Edificio singolo_stralcio ortofoto.pdf,0.original_foto_schede/puglia/1600390770_BR_Ceglie Messapica_edificio singolo_trullo/BR_Ceglie Messapica_Edificio singolo_stralcio ortofoto.pdf,,,,,,no_matching_iccd_code
puglia/1600390784_BA_Gravina in Puglia_complesso_masseria,download (13).pdf,0.original_foto_schede/puglia/1600390784_BA_Gravina in Puglia_complesso_masseria/download (13).pdf,1600390784,8844,14ff4360-aa20-4d2a-921b-b0f86e119771,14ff4360-aa20-4d2a-921b-b0f86e119771.png,1.output_png_schede/14ff4360-aa20-4d2a-921b-b0f86e119771.png,exported
puglia/1600392082_BR_Francavilla Fontana_edificio singolo_trullo,BR_Francavilla Fontana_edificio singolo_stralcio ortofoto.pdf,0.original_foto_schede/puglia/1600392082_BR_Francavilla Fontana_edificio singolo_trullo/BR_Francavilla Fontana_edificio singolo_stralcio ortofoto.pdf,,,,,,no_matching_iccd_code
puglia/1600392176_Cerignola_FG_edificio con annessi,download (13).pdf,0.original_foto_schede/puglia/1600392176_Cerignola_FG_edificio con annessi/download (13).pdf,1600392176,9014,f083655b-b103-4b6a-9710-026afbfec499,f083655b-b103-4b6a-9710-026afbfec499.png,1.output_png_schede/f083655b-b103-4b6a-9710-026afbfec499.png,exported
puglia/1600392202_BA_Altamura_complesso_masseria a corte,download (13).pdf,0.original_foto_schede/puglia/1600392202_BA_Altamura_complesso_masseria a corte/download (13).pdf,1600392202,9147,6dc2713a-2bdf-4565-977b-620fbf916751,6dc2713a-2bdf-4565-977b-620fbf916751.png,1.output_png_schede/6dc2713a-2bdf-4565-977b-620fbf916751.png,exported
puglia/1600392206_BA_Altamura_complesso_masseria,download (13).pdf,0.original_foto_schede/puglia/1600392206_BA_Altamura_complesso_masseria/download (13).pdf,1600392206,9151,7294b34d-752f-4bad-8806-118469997aa3,7294b34d-752f-4bad-8806-118469997aa3.png,1.output_png_schede/7294b34d-752f-4bad-8806-118469997aa3.png,exported
puglia/1600395345_Orta Nova_FG_edificio con annessi,download (13).pdf,0.original_foto_schede/puglia/1600395345_Orta Nova_FG_edificio con annessi/download (13).pdf,1600395345,7933,f9587a59-447d-4231-a724-3dc2aedcaf64,f9587a59-447d-4231-a724-3dc2aedcaf64.png,1.output_png_schede/f9587a59-447d-4231-a724-3dc2aedcaf64.png,exported
puglia/1600395349_BR_S. Michele Salentino_complesso_casa edifici separati,BR_San Michele Salentino_Casa a edifici separati_stralcio ortofoto.pdf,0.original_foto_schede/puglia/1600395349_BR_S. Michele Salentino_complesso_casa edifici separati/BR_San Michele Salentino_Casa a edifici separati_stralcio ortofoto.pdf,,,,,,no_matching_iccd_code
puglia/1600395500_S.Giovanni Rotondo_FG_edificio con annessi,download (13).pdf,0.original_foto_schede/puglia/1600395500_S.Giovanni Rotondo_FG_edificio con annessi/download (13).pdf,1600395500,24315,ba9abce3-0e8d-4ec6-b972-6b0e5cbbdd5a,ba9abce3-0e8d-4ec6-b972-6b0e5cbbdd5a.png,1.output_png_schede/ba9abce3-0e8d-4ec6-b972-6b0e5cbbdd5a.png,exported
puglia/1600395514_BA_Adelfia_edificio singolo_casolare,BA_Adelfia_Edificio singolo_stralcio ortofoto.pdf,0.original_foto_schede/puglia/1600395514_BA_Adelfia_edificio singolo_casolare/BA_Adelfia_Edificio singolo_stralcio ortofoto.pdf,,,,,,no_matching_iccd_code
puglia/1600402672_BA_Conversano_complesso_masseria,download (14).pdf,0.original_foto_schede/puglia/1600402672_BA_Conversano_complesso_masseria/download (14).pdf,1600402672,24259,30a1ac31-b90c-4bb7-a875-ab3b12f82f09,30a1ac31-b90c-4bb7-a875-ab3b12f82f09.png,1.output_png_schede/30a1ac31-b90c-4bb7-a875-ab3b12f82f09.png,exported
puglia/1600402755_BA_Sannicandro di Bari_edificio singolo_casolare,BA_Sannicandro di Bari_Edificio singolo_stralcio ortofoto.pdf,0.original_foto_schede/puglia/1600402755_BA_Sannicandro di Bari_edificio singolo_casolare/BA_Sannicandro di Bari_Edificio singolo_stralcio ortofoto.pdf,,,,,,no_matching_iccd_code
puglia/1600402922_BA_Acquaviva delle Fonti_complesso_masseria a corte,BA_Acquaviva delle Fonti_Masseria Grande di San Domenico_stralcio ortofoto.pdf,0.original_foto_schede/puglia/1600402922_BA_Acquaviva delle Fonti_complesso_masseria a corte/BA_Acquaviva delle Fonti_Masseria Grande di San Domenico_stralcio ortofoto.pdf,,,,,,no_matching_iccd_code
puglia/1600403013_BT_Spinazzola_edificio singolo_stazzo,download (13).pdf,0.original_foto_schede/puglia/1600403013_BT_Spinazzola_edificio singolo_stazzo/download (13).pdf,1600403013,31040,52e80d0a-c2be-4179-bc3f-195c66346b80,52e80d0a-c2be-4179-bc3f-195c66346b80.png,1.output_png_schede/52e80d0a-c2be-4179-bc3f-195c66346b80.png,exported
puglia/1600403144_BA_Locorotondo_edificio singolo_trullo,download (13).pdf,0.original_foto_schede/puglia/1600403144_BA_Locorotondo_edificio singolo_trullo/download (13).pdf,1600403144,30102,bbfe4d1c-4dd6-4d9f-80a5-6273120320f4,bbfe4d1c-4dd6-4d9f-80a5-6273120320f4.png,1.output_png_schede/bbfe4d1c-4dd6-4d9f-80a5-6273120320f4.png,exported
puglia/1600404063_BA_Rutigliano_complesso_masseria con torre,download (13).pdf,0.original_foto_schede/puglia/1600404063_BA_Rutigliano_complesso_masseria con torre/download (13).pdf,1600404063,37866,c6fc1c30-a88a-4dff-98e1-c4c46c97828b,c6fc1c30-a88a-4dff-98e1-c4c46c97828b.png,1.output_png_schede/c6fc1c30-a88a-4dff-98e1-c4c46c97828b.png,exported
puglia/1600404125_FG_Ordona_complesso_masseria,download (13).pdf,0.original_foto_schede/puglia/1600404125_FG_Ordona_complesso_masseria/download (13).pdf,1600404125,40793,b57fb1a1-e58e-4268-b6ef-4c83da97d74d,b57fb1a1-e58e-4268-b6ef-4c83da97d74d.png,1.output_png_schede/b57fb1a1-e58e-4268-b6ef-4c83da97d74d.png,exported
puglia/1600404138_FG_Ascoli Satriano_complesso_insediamento rurale,download (13).pdf,0.original_foto_schede/puglia/1600404138_FG_Ascoli Satriano_complesso_insediamento rurale/download (13).pdf,1600404138,39464,559c06ea-79a7-4769-8933-d5da50668dea,559c06ea-79a7-4769-8933-d5da50668dea.png,1.output_png_schede/559c06ea-79a7-4769-8933-d5da50668dea.png,exported
puglia/1600404212_BT_Minervino Murge_edificio singolo_stazzo,download (6).pdf,0.original_foto_schede/puglia/1600404212_BT_Minervino Murge_edificio singolo_stazzo/download (6).pdf,1600404212,41478,31b8f4c7-4d62-4a00-9abc-1c3f270a1637,31b8f4c7-4d62-4a00-9abc-1c3f270a1637.png,1.output_png_schede/31b8f4c7-4d62-4a00-9abc-1c3f270a1637.png,exported
puglia/1600404402_BA_Putignano_edificio con annessi_trullo,download (13).pdf,0.original_foto_schede/puglia/1600404402_BA_Putignano_edificio con annessi_trullo/download (13).pdf,1600404402,40027,6ddde6ea-193d-4860-931e-9b396d590c23,6ddde6ea-193d-4860-931e-9b396d590c23.png,1.output_png_schede/6ddde6ea-193d-4860-931e-9b396d590c23.png,exported
puglia/1600404405_BA_Castellana Grotte_complesso_masseria a corte,download (13).pdf,0.original_foto_schede/puglia/1600404405_BA_Castellana Grotte_complesso_masseria a corte/download (13).pdf,1600404405,42989,bd5cc795-5465-43a3-b491-04adeb030a6d,bd5cc795-5465-43a3-b491-04adeb030a6d.png,1.output_png_schede/bd5cc795-5465-43a3-b491-04adeb030a6d.png,exported
puglia/1600404409_BA_Turi_complesso_masseria fortificata a corte,download (13).pdf,0.original_foto_schede/puglia/1600404409_BA_Turi_complesso_masseria fortificata a corte/download (13).pdf,1600404409,41602,75b27192-4b7e-41ba-b837-cbed796604e2,75b27192-4b7e-41ba-b837-cbed796604e2.png,1.output_png_schede/75b27192-4b7e-41ba-b837-cbed796604e2.png,exported
puglia/1600404413_BA_Putignano_complesso_masseria a corte,download (13).pdf,0.original_foto_schede/puglia/1600404413_BA_Putignano_complesso_masseria a corte/download (13).pdf,1600404413,40181,cbbf76bc-e179-4ce7-8647-1f7f6d97ae24,cbbf76bc-e179-4ce7-8647-1f7f6d97ae24.png,1.output_png_schede/cbbf76bc-e179-4ce7-8647-1f7f6d97ae24.png,exported
"sardegna/Abbasanta (OR)_ loc. Cunzau Nou_EDIFICIO CON ANNESSI, dimora stagionale con recinto_2000252930",download.pdf,"0.original_foto_schede/sardegna/Abbasanta (OR)_ loc. Cunzau Nou_EDIFICIO CON ANNESSI, dimora stagionale con recinto_2000252930/download.pdf",2000252930,42538,036eb456-54ba-4155-9fec-99a26d9a8aaf,036eb456-54ba-4155-9fec-99a26d9a8aaf.png,1.output_png_schede/036eb456-54ba-4155-9fec-99a26d9a8aaf.png,exported
"sardegna/Atzara (NU)_ Via Sant_Antioco 67_EDIFICIO CON ANNESSI, casa a corte chiusa_2000252735",download.pdf,"0.original_foto_schede/sardegna/Atzara (NU)_ Via Sant_Antioco 67_EDIFICIO CON ANNESSI, casa a corte chiusa_2000252735/download.pdf",2000252735,204,83b268bc-a75c-4a68-b05b-0516681afe30,83b268bc-a75c-4a68-b05b-0516681afe30.png,1.output_png_schede/83b268bc-a75c-4a68-b05b-0516681afe30.png,exported
"sardegna/Banari (SS)_ Via Sassari, snc_EDIFICIO SINGOLO, capanna a tholos-pinnetta_2000253192",download.pdf,"0.original_foto_schede/sardegna/Banari (SS)_ Via Sassari, snc_EDIFICIO SINGOLO, capanna a tholos-pinnetta_2000253192/download.pdf",2000253192,43214,b28985ec-48c0-42d5-b474-96b797ee78c3,b28985ec-48c0-42d5-b474-96b797ee78c3.png,1.output_png_schede/b28985ec-48c0-42d5-b474-96b797ee78c3.png,exported
"sardegna/Flussio (OR)_ Vico Nazionale 2_EDIFICIO SINGOLO, casa a corte chiusa_2000252533",download.pdf,"0.original_foto_schede/sardegna/Flussio (OR)_ Vico Nazionale 2_EDIFICIO SINGOLO, casa a corte chiusa_2000252533/download.pdf",2000252533,33515,53befdb8-7e33-47ab-b26c-b1dadf69f1ed,53befdb8-7e33-47ab-b26c-b1dadf69f1ed.png,1.output_png_schede/53befdb8-7e33-47ab-b26c-b1dadf69f1ed.png,exported
sardegna/Ghilarza (OR)_ SP24_EDIFICIO SINGOLO_nuraghe_2000250386,download.pdf,0.original_foto_schede/sardegna/Ghilarza (OR)_ SP24_EDIFICIO SINGOLO_nuraghe_2000250386/download.pdf,2000250386,6257,c7ebfc27-ac20-4612-8fde-1e7f1604c501,c7ebfc27-ac20-4612-8fde-1e7f1604c501.png,1.output_png_schede/c7ebfc27-ac20-4612-8fde-1e7f1604c501.png,exported
"sardegna/Morgongiori (OR)_ Via Chiesa 43_EDIFICIO CON ANNESSI, casa a corte chiusa_2000252572",download.pdf,"0.original_foto_schede/sardegna/Morgongiori (OR)_ Via Chiesa 43_EDIFICIO CON ANNESSI, casa a corte chiusa_2000252572/download.pdf",2000252572,36664,33980324-a905-4730-9de9-c2d7292f3041,33980324-a905-4730-9de9-c2d7292f3041.png,1.output_png_schede/33980324-a905-4730-9de9-c2d7292f3041.png,exported
"sardegna/Narbolia (OR)_ Vico Mariano 9_EDIFICIO SINGOLO, casa a corte chiusa_2000252660",download.pdf,"0.original_foto_schede/sardegna/Narbolia (OR)_ Vico Mariano 9_EDIFICIO SINGOLO, casa a corte chiusa_2000252660/download.pdf",2000252660,35355,20033d70-dc34-412d-acd4-63f59d1f47fd,20033d70-dc34-412d-acd4-63f59d1f47fd.png,1.output_png_schede/20033d70-dc34-412d-acd4-63f59d1f47fd.png,exported
"sardegna/Padria (SS)_ EDIFICIO SINGOLO, stazzo_2000252806",download.pdf,"0.original_foto_schede/sardegna/Padria (SS)_ EDIFICIO SINGOLO, stazzo_2000252806/download.pdf",2000252806,40253,482924b8-90a4-4bd2-a8b0-71b9319178ce,482924b8-90a4-4bd2-a8b0-71b9319178ce.png,1.output_png_schede/482924b8-90a4-4bd2-a8b0-71b9319178ce.png,exported
"sardegna/Romana (SS)_EDIFICIO SINGOLO, capanna a tholos-pinnetta_2000253268",download.pdf,"0.original_foto_schede/sardegna/Romana (SS)_EDIFICIO SINGOLO, capanna a tholos-pinnetta_2000253268/download.pdf",2000253268,38488,2db5e657-6e25-442f-9cc4-937a447f3e23,2db5e657-6e25-442f-9cc4-937a447f3e23.png,1.output_png_schede/2db5e657-6e25-442f-9cc4-937a447f3e23.png,exported
sardegna/Seneghe (OR)_ Via Pippia 2_EDIFICIO SINGOLO_casa a corte chiusa_2000252766,download.pdf,0.original_foto_schede/sardegna/Seneghe (OR)_ Via Pippia 2_EDIFICIO SINGOLO_casa a corte chiusa_2000252766/download.pdf,2000252766,3977,fd18ccb7-5dc5-4b77-b303-f0b2f9caa292,fd18ccb7-5dc5-4b77-b303-f0b2f9caa292.png,1.output_png_schede/fd18ccb7-5dc5-4b77-b303-f0b2f9caa292.png,exported
"sardegna/Sindia (NU)_ Corso Umberto 96_EDIFICIO CON ANNESSI, casa a corte chiusa_2000252796",download.pdf,"0.original_foto_schede/sardegna/Sindia (NU)_ Corso Umberto 96_EDIFICIO CON ANNESSI, casa a corte chiusa_2000252796/download.pdf",,,,,,no_matching_iccd_code
"sardegna/Sindia (NU)_ Vico Caprera 2_EDIFICIO SINGOLO, casa a corte chiusa_2000252970",download.pdf,"0.original_foto_schede/sardegna/Sindia (NU)_ Vico Caprera 2_EDIFICIO SINGOLO, casa a corte chiusa_2000252970/download.pdf",2000252970,40528,4c61e522-4905-4e02-886f-a2eca48d3de4,4c61e522-4905-4e02-886f-a2eca48d3de4.png,1.output_png_schede/4c61e522-4905-4e02-886f-a2eca48d3de4.png,exported
"sardegna/Tortolì (NU)_ Via Aspromonte 7_EDIFICIO CON ANNESSI, casa_2000252869",download.pdf,"0.original_foto_schede/sardegna/Tortolì (NU)_ Via Aspromonte 7_EDIFICIO CON ANNESSI, casa_2000252869/download.pdf",2000252869,40041,76fe01af-1d43-4dcb-bab2-b2c499e60965,76fe01af-1d43-4dcb-bab2-b2c499e60965.png,1.output_png_schede/76fe01af-1d43-4dcb-bab2-b2c499e60965.png,exported
"sardegna/Villaputzu (SU)_ Piazza Sant_Antonio 16a-16b_EDIFICIO SINGOLO, casa a corte chiusa_2000252308",download.pdf,"0.original_foto_schede/sardegna/Villaputzu (SU)_ Piazza Sant_Antonio 16a-16b_EDIFICIO SINGOLO, casa a corte chiusa_2000252308/download.pdf",2000252308,35725,9918cdc0-7ce1-49d8-bc64-d5c52eea9cef,9918cdc0-7ce1-49d8-bc64-d5c52eea9cef.png,1.output_png_schede/9918cdc0-7ce1-49d8-bc64-d5c52eea9cef.png,exported
sicilia/1900387959_TP_Pantelleria_complesso_dammuso,download (13).pdf,0.original_foto_schede/sicilia/1900387959_TP_Pantelleria_complesso_dammuso/download (13).pdf,1900387959,35301,11116fd9-3270-4110-8fee-37b705e6389b,11116fd9-3270-4110-8fee-37b705e6389b.png,1.output_png_schede/11116fd9-3270-4110-8fee-37b705e6389b.png,exported
sicilia/1900388007_CT_S.Maria in Licodia_edificio con annessi_casa,download (13).pdf,0.original_foto_schede/sicilia/1900388007_CT_S.Maria in Licodia_edificio con annessi_casa/download (13).pdf,1900388007,8081,e30af73a-b1b1-4008-83ce-83099f0bd8b0,e30af73a-b1b1-4008-83ce-83099f0bd8b0.png,1.output_png_schede/e30af73a-b1b1-4008-83ce-83099f0bd8b0.png,exported
sicilia/1900425108_RG_Modica_complesso_masseria,download (13).pdf,0.original_foto_schede/sicilia/1900425108_RG_Modica_complesso_masseria/download (13).pdf,1900425108,31503,f69efa2e-f3a5-4035-8ebb-6a23d358c42b,f69efa2e-f3a5-4035-8ebb-6a23d358c42b.png,1.output_png_schede/f69efa2e-f3a5-4035-8ebb-6a23d358c42b.png,exported
sicilia/1900425344_RG_Modica_complesso_masseria,download (13).pdf,0.original_foto_schede/sicilia/1900425344_RG_Modica_complesso_masseria/download (13).pdf,1900425344,30348,8e811e01-777c-4ba0-9920-94ebf8aa22ca,8e811e01-777c-4ba0-9920-94ebf8aa22ca.png,1.output_png_schede/8e811e01-777c-4ba0-9920-94ebf8aa22ca.png,exported
sicilia/1900425394_AG_Sciacca_complesso_baglio,download (13).pdf,0.original_foto_schede/sicilia/1900425394_AG_Sciacca_complesso_baglio/download (13).pdf,,,,,,no_matching_iccd_code
sicilia/1900426565_TP_Pantelleria_complesso_dammuso,download (13).pdf,0.original_foto_schede/sicilia/1900426565_TP_Pantelleria_complesso_dammuso/download (13).pdf,1900426565,40319,e44c03ea-ea29-4207-8e0b-be7fd9b7185f,e44c03ea-ea29-4207-8e0b-be7fd9b7185f.png,1.output_png_schede/e44c03ea-ea29-4207-8e0b-be7fd9b7185f.png,exported
sicilia/1900426569_TP_Pantelleria_edificio singolo_dammuso,download (13).pdf,0.original_foto_schede/sicilia/1900426569_TP_Pantelleria_edificio singolo_dammuso/download (13).pdf,1900426569,41425,e1f4f488-64e5-4358-9446-e04cc79da6fd,e1f4f488-64e5-4358-9446-e04cc79da6fd.png,1.output_png_schede/e1f4f488-64e5-4358-9446-e04cc79da6fd.png,exported
sicilia/1900426741_TP_Calatafimi_complesso_baglio,download (14).pdf,0.original_foto_schede/sicilia/1900426741_TP_Calatafimi_complesso_baglio/download (14).pdf,1900426741,43847,d6b9a4ee-0565-4c63-8a98-c5c18549081e,d6b9a4ee-0565-4c63-8a98-c5c18549081e.png,1.output_png_schede/d6b9a4ee-0565-4c63-8a98-c5c18549081e.png,exported
sicilia/1900426766_TP_Pantelleria_complesso_dammuso,download (13).pdf,0.original_foto_schede/sicilia/1900426766_TP_Pantelleria_complesso_dammuso/download (13).pdf,1900426766,43837,a8bdca43-3ddb-418f-ac34-42df35b9dce0,a8bdca43-3ddb-418f-ac34-42df35b9dce0.png,1.output_png_schede/a8bdca43-3ddb-418f-ac34-42df35b9dce0.png,exported
sicilia/1900426819_TP_Pantelleria_complesso_dammuso,download (13).pdf,0.original_foto_schede/sicilia/1900426819_TP_Pantelleria_complesso_dammuso/download (13).pdf,1900426819,43799,f2c71519-c76d-42fb-8afe-f7544f45f184,f2c71519-c76d-42fb-8afe-f7544f45f184.png,1.output_png_schede/f2c71519-c76d-42fb-8afe-f7544f45f184.png,exported
sicilia/1900426821_TP_Pantelleria_complesso_dammuso,download (13).pdf,0.original_foto_schede/sicilia/1900426821_TP_Pantelleria_complesso_dammuso/download (13).pdf,1900426821,41135,512b1d2b-aad7-483a-bb70-f5bbfcfaf562,512b1d2b-aad7-483a-bb70-f5bbfcfaf562.png,1.output_png_schede/512b1d2b-aad7-483a-bb70-f5bbfcfaf562.png,exported
sicilia/1900426823_TP_Pantelleria_complesso_dammuso,download (13).pdf,0.original_foto_schede/sicilia/1900426823_TP_Pantelleria_complesso_dammuso/download (13).pdf,1900426823,31109,4d188656-e812-45f4-9dbb-ee6e84ae578e,4d188656-e812-45f4-9dbb-ee6e84ae578e.png,1.output_png_schede/4d188656-e812-45f4-9dbb-ee6e84ae578e.png,exported
sicilia/1900427199_CT_Castiglione di Sicilia_edificio con annessi_villa,download (13).pdf,0.original_foto_schede/sicilia/1900427199_CT_Castiglione di Sicilia_edificio con annessi_villa/download (13).pdf,1900427199,42114,820e69ba-797f-464c-b9e2-aa330dbeb484,820e69ba-797f-464c-b9e2-aa330dbeb484.png,1.output_png_schede/820e69ba-797f-464c-b9e2-aa330dbeb484.png,exported
"toscana/Peccioli (PI)_ Strada com.le di Bandonica, PODERE S. SEBASTIANO_casa con bigattiera",download.pdf,"0.original_foto_schede/toscana/Peccioli (PI)_ Strada com.le di Bandonica, PODERE S. SEBASTIANO_casa con bigattiera/download.pdf",0901450312,21000,7de09aba-259e-4316-ab22-020466fb19bc,7de09aba-259e-4316-ab22-020466fb19bc.png,1.output_png_schede/7de09aba-259e-4316-ab22-020466fb19bc.png,exported
"toscana/Peccioli (PI)_ Via Comunale di Celli, PODERE LA CASCINA_EDIFICIO CON ANNESSI_casolare",download.pdf,"0.original_foto_schede/toscana/Peccioli (PI)_ Via Comunale di Celli, PODERE LA CASCINA_EDIFICIO CON ANNESSI_casolare/download.pdf",0901450317,21073,cd2d4972-2c32-41a2-915f-a1a86a08098c,cd2d4972-2c32-41a2-915f-a1a86a08098c.png,1.output_png_schede/cd2d4972-2c32-41a2-915f-a1a86a08098c.png,exported
"toscana/Rignano sull_Arno (FI)_ Via del Focardo 52_ED.SING., casolare_0901454312",download.pdf,"0.original_foto_schede/toscana/Rignano sull_Arno (FI)_ Via del Focardo 52_ED.SING., casolare_0901454312/download.pdf",0901454312,17737,513e6733-c155-4095-8b9a-33c4bf130945,513e6733-c155-4095-8b9a-33c4bf130945.png,1.output_png_schede/513e6733-c155-4095-8b9a-33c4bf130945.png,exported
toscana/Scansano (GR)_ SP 159_EDIFICIO SINGOLO_casone,download.pdf,0.original_foto_schede/toscana/Scansano (GR)_ SP 159_EDIFICIO SINGOLO_casone/download.pdf,0901454090,26201,c96030c4-e718-418b-a8dc-7cf0f6c287e0,c96030c4-e718-418b-a8dc-7cf0f6c287e0.png,1.output_png_schede/c96030c4-e718-418b-a8dc-7cf0f6c287e0.png,exported
toscana/Suvereto (LI)_ Localita_ Poggetto Masino_EDIFICIO SINGOLO_cascina,download.pdf,0.original_foto_schede/toscana/Suvereto (LI)_ Localita_ Poggetto Masino_EDIFICIO SINGOLO_cascina/download.pdf,0901469006,41122,e231ac22-fd08-453f-bef3-c1b51345eb42,e231ac22-fd08-453f-bef3-c1b51345eb42.png,1.output_png_schede/e231ac22-fd08-453f-bef3-c1b51345eb42.png,exported
toscana/Torrita di Siena (SI)_ Via di Ciliano 13_EDIFICIO SINGOLO_casolare,download.pdf,0.original_foto_schede/toscana/Torrita di Siena (SI)_ Via di Ciliano 13_EDIFICIO SINGOLO_casolare/download.pdf,0901454185,427,c49af15e-50a8-410a-80b5-5c54d3e3f08e,c49af15e-50a8-410a-80b5-5c54d3e3f08e.png,1.output_png_schede/c49af15e-50a8-410a-80b5-5c54d3e3f08e.png,exported
toscana/Vaglia (FI)_ Via Bolognese 2921_EDIFICIO CON ANNESSI_casa a padiglione,download.pdf,0.original_foto_schede/toscana/Vaglia (FI)_ Via Bolognese 2921_EDIFICIO CON ANNESSI_casa a padiglione/download.pdf,0901454229,32071,a4252e0d-561f-483b-bdf5-f24967ecb155,a4252e0d-561f-483b-bdf5-f24967ecb155.png,1.output_png_schede/a4252e0d-561f-483b-bdf5-f24967ecb155.png,exported
trentino/curon01,curon01.pdf,0.original_foto_schede/trentino/curon01/curon01.pdf,0400619552,3718,554bb976-4488-4064-b6fa-b5f91c1063d9,554bb976-4488-4064-b6fa-b5f91c1063d9.png,1.output_png_schede/554bb976-4488-4064-b6fa-b5f91c1063d9.png,exported
trentino/curon02,curon02.pdf,0.original_foto_schede/trentino/curon02/curon02.pdf,0400619553,3728,3e6cc735-51b1-46aa-825e-56bbaa69f5f0,3e6cc735-51b1-46aa-825e-56bbaa69f5f0.png,1.output_png_schede/3e6cc735-51b1-46aa-825e-56bbaa69f5f0.png,exported
trentino/funes01,funes01.pdf,0.original_foto_schede/trentino/funes01/funes01.pdf,0400619055,25204,a6d7393d-e059-4512-ae62-704de8090d43,a6d7393d-e059-4512-ae62-704de8090d43.png,1.output_png_schede/a6d7393d-e059-4512-ae62-704de8090d43.png,exported
trentino/Gais01,gais.pdf,0.original_foto_schede/trentino/Gais01/gais.pdf,0400619120,410,863fca31-1150-42c0-bd79-6927f5eca859,863fca31-1150-42c0-bd79-6927f5eca859.png,1.output_png_schede/863fca31-1150-42c0-bd79-6927f5eca859.png,exported
trentino/maso01,maso01.pdf,0.original_foto_schede/trentino/maso01/maso01.pdf,0400619517,21835,3353da4e-1c65-4dbc-b189-1b6cb6f3383e,3353da4e-1c65-4dbc-b189-1b6cb6f3383e.png,1.output_png_schede/3353da4e-1c65-4dbc-b189-1b6cb6f3383e.png,exported
trentino/maso02,maso02.pdf,0.original_foto_schede/trentino/maso02/maso02.pdf,0400619166,657,c7417bfe-5eb8-4265-b439-7e3f55afee77,c7417bfe-5eb8-4265-b439-7e3f55afee77.png,1.output_png_schede/c7417bfe-5eb8-4265-b439-7e3f55afee77.png,exported
trentino/palu01,palu.pdf,0.original_foto_schede/trentino/palu01/palu.pdf,0400620662,35454,83d96095-6b04-410c-903c-79b635d4a315,83d96095-6b04-410c-903c-79b635d4a315.png,1.output_png_schede/83d96095-6b04-410c-903c-79b635d4a315.png,exported
umbria/1000228587_Collazzone_EDANN_scala seterna_S.Donato1,1000228587_Collazzone_EDANN_scala seterna_S.Donato1.pdf,0.original_foto_schede/umbria/1000228587_Collazzone_EDANN_scala seterna_S.Donato1/1000228587_Collazzone_EDANN_scala seterna_S.Donato1.pdf,1000228587,2193,515ccbf6-c86a-481d-b3f1-5878e1d56f8e,515ccbf6-c86a-481d-b3f1-5878e1d56f8e.png,1.output_png_schede/515ccbf6-c86a-481d-b3f1-5878e1d56f8e.png,exported
umbria/1000228590_Collazzone_EDANN_scala esterna_coperta_Ponticelli,1000228590_Collazzone_EDANN_scala esterna_coperta_Ponticelli.pdf,0.original_foto_schede/umbria/1000228590_Collazzone_EDANN_scala esterna_coperta_Ponticelli/1000228590_Collazzone_EDANN_scala esterna_coperta_Ponticelli.pdf,1000228590,2196,343eb433-0359-4ee3-8774-80d722bc5a0a,343eb433-0359-4ee3-8774-80d722bc5a0a.png,1.output_png_schede/343eb433-0359-4ee3-8774-80d722bc5a0a.png,exported
umbria/1000228595_Giano dell_Umbria_EDSIN_casale_S.Felice,1000228595_Giano dell_Umbria_EDSIN_casale_S.Felice.pdf,0.original_foto_schede/umbria/1000228595_Giano dell_Umbria_EDSIN_casale_S.Felice/1000228595_Giano dell_Umbria_EDSIN_casale_S.Felice.pdf,1000228595,2199,df12cee0-08ee-4e54-8704-c11e2b0650be,df12cee0-08ee-4e54-8704-c11e2b0650be.png,1.output_png_schede/df12cee0-08ee-4e54-8704-c11e2b0650be.png,exported
umbria/1000228599_Giano dell_Umbria_EDANN_scala esterna testata_Baiollo,1000228599_Giano dell_Umbria_EDANN_scala esterna_Baiollo.pdf,0.original_foto_schede/umbria/1000228599_Giano dell_Umbria_EDANN_scala esterna testata_Baiollo/1000228599_Giano dell_Umbria_EDANN_scala esterna_Baiollo.pdf,,,,,,no_matching_iccd_code
umbria/1000228661_TR_Avigliano Umbro_EDANN_padiglione,1000228661_EDANN_padiglione.pdf,0.original_foto_schede/umbria/1000228661_TR_Avigliano Umbro_EDANN_padiglione/1000228661_EDANN_padiglione.pdf,1000228661,6054,3f05f86a-4a1e-48ee-b884-0bcaff4512c2,3f05f86a-4a1e-48ee-b884-0bcaff4512c2.png,1.output_png_schede/3f05f86a-4a1e-48ee-b884-0bcaff4512c2.png,exported
umbria/1000228730_Castiglione Lago_COM_Corte rurale aperta,Collelungo_COM_corte rurale aperta.pdf,0.original_foto_schede/umbria/1000228730_Castiglione Lago_COM_Corte rurale aperta/Collelungo_COM_corte rurale aperta.pdf,1000228730,26068,f14a8eac-61cb-461b-a99d-8e59bfac223b,f14a8eac-61cb-461b-a99d-8e59bfac223b.png,1.output_png_schede/f14a8eac-61cb-461b-a99d-8e59bfac223b.png,exported
umbria/1000228747_Todi_scala esterna_Casa Mandreola,1000228747_Todi_scala esterna_Casa Mandreola.pdf,0.original_foto_schede/umbria/1000228747_Todi_scala esterna_Casa Mandreola/1000228747_Todi_scala esterna_Casa Mandreola.pdf,1000228747,6083,f089a27d-3359-4b76-bc80-6fb29fe5516e,f089a27d-3359-4b76-bc80-6fb29fe5516e.png,1.output_png_schede/f089a27d-3359-4b76-bc80-6fb29fe5516e.png,exported
umbria/1000228779_TR_Avigliano Umbro_EDSING_scala esterna,Avigliano Umbro_EDSING_scala esterna.pdf,0.original_foto_schede/umbria/1000228779_TR_Avigliano Umbro_EDSING_scala esterna/Avigliano Umbro_EDSING_scala esterna.pdf,1000228779,6104,5aa2239b-19c4-42b4-b42d-208ac42d79a4,5aa2239b-19c4-42b4-b42d-208ac42d79a4.png,1.output_png_schede/5aa2239b-19c4-42b4-b42d-208ac42d79a4.png,exported
umbria/1000229028_Gualdo Tadino_EDSING_scala esterna_Col di Golfo,1000229028_Gualdo Tadino_EDSING_scala esterna_Col di Golfo.pdf,0.original_foto_schede/umbria/1000229028_Gualdo Tadino_EDSING_scala esterna_Col di Golfo/1000229028_Gualdo Tadino_EDSING_scala esterna_Col di Golfo.pdf,1000229028,3713,6b8482d8-3ab9-42e2-8051-106d3514abe6,6b8482d8-3ab9-42e2-8051-106d3514abe6.png,1.output_png_schede/6b8482d8-3ab9-42e2-8051-106d3514abe6.png,exported
umbria/1000229043_Fossato di Vico_EDANN_casale_Fornace,1000229043_Fossato di Vico_EDANN_casale_Fornace.pdf,0.original_foto_schede/umbria/1000229043_Fossato di Vico_EDANN_casale_Fornace/1000229043_Fossato di Vico_EDANN_casale_Fornace.pdf,1000229043,5922,1404af67-0424-48c0-a693-7378663fa09b,1404af67-0424-48c0-a693-7378663fa09b.png,1.output_png_schede/1404af67-0424-48c0-a693-7378663fa09b.png,exported
umbria/1000229118_Montegabbione_EDANN_scalaesterna,Casa Vecchia_EDANN_casa a scala esterna.pdf,0.original_foto_schede/umbria/1000229118_Montegabbione_EDANN_scalaesterna/Casa Vecchia_EDANN_casa a scala esterna.pdf,1000229118,11942,64dd18d9-fe08-4151-a8b9-ac49cee5a71f,64dd18d9-fe08-4151-a8b9-ac49cee5a71f.png,1.output_png_schede/64dd18d9-fe08-4151-a8b9-ac49cee5a71f.png,exported
umbria/1000229201_Scheggia a Pascelupo_EDSING_scala esterna_Forca Lupara,1000229201_Scheggia a Pascelupo_EDSING_scala esterna_Forca Lupara.pdf,0.original_foto_schede/umbria/1000229201_Scheggia a Pascelupo_EDSING_scala esterna_Forca Lupara/1000229201_Scheggia a Pascelupo_EDSING_scala esterna_Forca Lupara.pdf,1000229201,21318,7940f33c-992c-4764-8029-c35de508987f,7940f33c-992c-4764-8029-c35de508987f.png,1.output_png_schede/7940f33c-992c-4764-8029-c35de508987f.png,exported
umbria/1000229203_Sigillo_EDSING_scala esterna_S.Maria,1000229203_Sigillo_EDSING_scala esterna_S.Maria.pdf,0.original_foto_schede/umbria/1000229203_Sigillo_EDSING_scala esterna_S.Maria/1000229203_Sigillo_EDSING_scala esterna_S.Maria.pdf,1000229203,1625,91191664-e7bb-4a8d-ad0e-d6e56cde829b,91191664-e7bb-4a8d-ad0e-d6e56cde829b.png,1.output_png_schede/91191664-e7bb-4a8d-ad0e-d6e56cde829b.png,exported
umbria/1000229226_Gubbio_EDING_scala esterna_Val di Sasso,1000229226_Gubbio_EDING_scala esterna_Val di Sasso.pdf,0.original_foto_schede/umbria/1000229226_Gubbio_EDING_scala esterna_Val di Sasso/1000229226_Gubbio_EDING_scala esterna_Val di Sasso.pdf,,,,,,no_matching_iccd_code
umbria/1000229244_Gubbio_EDANN_scala estrna_Ponte di ferro,1000229244_Gubbio_EDANN_scala estrna_Ponte di ferro.pdf,0.original_foto_schede/umbria/1000229244_Gubbio_EDANN_scala estrna_Ponte di ferro/1000229244_Gubbio_EDANN_scala estrna_Ponte di ferro.pdf,1000229244,8089,0092caaa-f4cc-4c17-8bc5-e20cbe059637,0092caaa-f4cc-4c17-8bc5-e20cbe059637.png,1.output_png_schede/0092caaa-f4cc-4c17-8bc5-e20cbe059637.png,exported
umbria/1000229273_Spello_EDANN_scala esterna_Trinita,1000229273_Spello_EDANN_scala esterna_Trinita.pdf,0.original_foto_schede/umbria/1000229273_Spello_EDANN_scala esterna_Trinita/1000229273_Spello_EDANN_scala esterna_Trinita.pdf,1000229273,30829,e692307b-c8fa-450f-aee0-c16c7f252690,e692307b-c8fa-450f-aee0-c16c7f252690.png,1.output_png_schede/e692307b-c8fa-450f-aee0-c16c7f252690.png,exported
umbria/1000229441_Gubbio_EDANN_scala esterna_casa Ponte,1000229441_Gubbio_EDANN_scala esterna_casa Ponte.pdf,0.original_foto_schede/umbria/1000229441_Gubbio_EDANN_scala esterna_casa Ponte/1000229441_Gubbio_EDANN_scala esterna_casa Ponte.pdf,1000229441,30426,ab292c7e-31d3-4631-be77-a1a6065aac82,ab292c7e-31d3-4631-be77-a1a6065aac82.png,1.output_png_schede/ab292c7e-31d3-4631-be77-a1a6065aac82.png,exported
umbria/1000237567_TR_Montefranco_EDSING_scala esterna_Macelleto,1000237567_TR_Montefranco_EDSING_scala esterna_Macelleto.pdf,0.original_foto_schede/umbria/1000237567_TR_Montefranco_EDSING_scala esterna_Macelleto/1000237567_TR_Montefranco_EDSING_scala esterna_Macelleto.pdf,1000237567,30120,08ebab92-b104-499d-b1d5-f32a66ee53a6,08ebab92-b104-499d-b1d5-f32a66ee53a6.png,1.output_png_schede/08ebab92-b104-499d-b1d5-f32a66ee53a6.png,exported
umbria/1000237619_Spoleto_EDSING_padiglione_Mane,1000237619_Spoleto_EDSING_padiglione_Mane.pdf,0.original_foto_schede/umbria/1000237619_Spoleto_EDSING_padiglione_Mane/1000237619_Spoleto_EDSING_padiglione_Mane.pdf,1000237619,36805,97a4681a-a5cf-4608-9387-d33cf061dd48,97a4681a-a5cf-4608-9387-d33cf061dd48.png,1.output_png_schede/97a4681a-a5cf-4608-9387-d33cf061dd48.png,exported
umbria/1000237621_Spoleto_EDANN_casa con torre_Mogliano,1000237621_Spoleto_EDANN_casa con torre_Mogliano.pdf,0.original_foto_schede/umbria/1000237621_Spoleto_EDANN_casa con torre_Mogliano/1000237621_Spoleto_EDANN_casa con torre_Mogliano.pdf,1000237621,36912,ca9e334c-226f-4ea3-ba52-4110d5cb1549,ca9e334c-226f-4ea3-ba52-4110d5cb1549.png,1.output_png_schede/ca9e334c-226f-4ea3-ba52-4110d5cb1549.png,exported
umbria/1000237642_Spoleto_EDANN_casolare_S Antonio,1000237642_Spoleto_EDANN_casolare_S Antonio.pdf,0.original_foto_schede/umbria/1000237642_Spoleto_EDANN_casolare_S Antonio/1000237642_Spoleto_EDANN_casolare_S Antonio.pdf,1000237642,32805,f371d180-aca4-4804-9efe-ca85cbc6b247,f371d180-aca4-4804-9efe-ca85cbc6b247.png,1.output_png_schede/f371d180-aca4-4804-9efe-ca85cbc6b247.png,exported
umbria/1000237655_Spoleto_EDANN_scala esterna_Trignano,1000237655_Spoleto_EDANN_scala esterna_Trignano.pdf,0.original_foto_schede/umbria/1000237655_Spoleto_EDANN_scala esterna_Trignano/1000237655_Spoleto_EDANN_scala esterna_Trignano.pdf,1000237655,34256,5dbb0ef7-1517-4dde-93e1-43b05fc0f192,5dbb0ef7-1517-4dde-93e1-43b05fc0f192.png,1.output_png_schede/5dbb0ef7-1517-4dde-93e1-43b05fc0f192.png,exported
umbria/1000237665_Tuoro Trasimeno_EDANN_scala esterna_Casa Valromana,PG_Tuoro_Sul_Trasimeno_Casa_Val_Romana_Eidotipo.pdf,0.original_foto_schede/umbria/1000237665_Tuoro Trasimeno_EDANN_scala esterna_Casa Valromana/PG_Tuoro_Sul_Trasimeno_Casa_Val_Romana_Eidotipo.pdf,,,,,,no_matching_iccd_code
umbria/1000237687_Spoleto_EDSING_scala esterna coperta loggia_Del Rio,1000237687_Spoleto_EDSING_scala esterna_Del Rio.pdf,0.original_foto_schede/umbria/1000237687_Spoleto_EDSING_scala esterna coperta loggia_Del Rio/1000237687_Spoleto_EDSING_scala esterna_Del Rio.pdf,1000237687,37753,a1405799-5d60-4370-9ba0-494d1729cbe3,a1405799-5d60-4370-9ba0-494d1729cbe3.png,1.output_png_schede/a1405799-5d60-4370-9ba0-494d1729cbe3.png,exported
umbria/1000237692_Spoleto_EDANN_casolare_Pecchioli,1000237692_Spoleto_EDANN_casolare_Pecchioli_II.pdf,0.original_foto_schede/umbria/1000237692_Spoleto_EDANN_casolare_Pecchioli/1000237692_Spoleto_EDANN_casolare_Pecchioli_II.pdf,1000237692,38066,a5eb2291-a801-462f-b59c-c31067690654,a5eb2291-a801-462f-b59c-c31067690654.png,1.output_png_schede/a5eb2291-a801-462f-b59c-c31067690654.png,exported
umbria/1000237693_Spoleto_EDSING_padiglione_Biagi,1000237693_Spoleto_EDSING_padiglione_Biagi.pdf,0.original_foto_schede/umbria/1000237693_Spoleto_EDSING_padiglione_Biagi/1000237693_Spoleto_EDSING_padiglione_Biagi.pdf,1000237693,38050,ed90b036-f6df-4b61-8be4-0422b43ec8f3,ed90b036-f6df-4b61-8be4-0422b43ec8f3.png,1.output_png_schede/ed90b036-f6df-4b61-8be4-0422b43ec8f3.png,exported
umbria/1000237696_Spoleto_EDANN_scala esterna_Mattei,1000237696_Spoleto_EDANN_scala esterna_Mattei.pdf,0.original_foto_schede/umbria/1000237696_Spoleto_EDANN_scala esterna_Mattei/1000237696_Spoleto_EDANN_scala esterna_Mattei.pdf,1000237696,38178,3e1330d2-1f11-4a38-b1b1-f9f87e227fd9,3e1330d2-1f11-4a38-b1b1-f9f87e227fd9.png,1.output_png_schede/3e1330d2-1f11-4a38-b1b1-f9f87e227fd9.png,exported
umbria/1000237699_Spoleto_EDANN_casa con torre_Palazzaccio,1000237642_Spoleto_EDANN_casolare_S Antonio.pdf,0.original_foto_schede/umbria/1000237699_Spoleto_EDANN_casa con torre_Palazzaccio/1000237642_Spoleto_EDANN_casolare_S Antonio.pdf,1000237642,32805,f371d180-aca4-4804-9efe-ca85cbc6b247,f371d180-aca4-4804-9efe-ca85cbc6b247.png,1.output_png_schede/f371d180-aca4-4804-9efe-ca85cbc6b247.png,already_exists
umbria/1000237700_Spoleto_EDANN_scala estena_Maiano,1000237700_Spoleto_EDANN_scala estena_Maiano.pdf,0.original_foto_schede/umbria/1000237700_Spoleto_EDANN_scala estena_Maiano/1000237700_Spoleto_EDANN_scala estena_Maiano.pdf,1000237700,38227,4a5e7640-93bf-423b-b858-a0d599a01af7,4a5e7640-93bf-423b-b858-a0d599a01af7.png,1.output_png_schede/4a5e7640-93bf-423b-b858-a0d599a01af7.png,exported
umbria/1000237701_Spoleto_EDANN_scala esterna_Terraia,1000237701_Spoleto_EDANN_scala esterna_Terraia.pdf,0.original_foto_schede/umbria/1000237701_Spoleto_EDANN_scala esterna_Terraia/1000237701_Spoleto_EDANN_scala esterna_Terraia.pdf,1000237701,33573,d4975d11-9230-42b0-9c45-24e548ac63bd,d4975d11-9230-42b0-9c45-24e548ac63bd.png,1.output_png_schede/d4975d11-9230-42b0-9c45-24e548ac63bd.png,exported
umbria/1000237705_Umbertide_casa a padiglione_Podernovo,PG_Umbertide_Podernovo_Eidotipo.pdf,0.original_foto_schede/umbria/1000237705_Umbertide_casa a padiglione_Podernovo/PG_Umbertide_Podernovo_Eidotipo.pdf,,,,,,no_matching_iccd_code
umbria/1000237820_Assisi_EDSING_padiglione_Il Colle,1000237820_Assisi_EDSING_padiglione_Il Colle.pdf,0.original_foto_schede/umbria/1000237820_Assisi_EDSING_padiglione_Il Colle/1000237820_Assisi_EDSING_padiglione_Il Colle.pdf,1000237820,39213,f995777c-4e6c-4cdd-870b-3b486f93ff75,f995777c-4e6c-4cdd-870b-3b486f93ff75.png,1.output_png_schede/f995777c-4e6c-4cdd-870b-3b486f93ff75.png,exported
umbria/1000237844_Nocera Umbria_EDANN_scala esterna_Bartecchio,1000237844_Nocera Umbria_EDANN_scala esterna_Bartecchio.pdf,0.original_foto_schede/umbria/1000237844_Nocera Umbria_EDANN_scala esterna_Bartecchio/1000237844_Nocera Umbria_EDANN_scala esterna_Bartecchio.pdf,1000237844,39231,2d537705-6068-4836-978d-67c2473bdc68,2d537705-6068-4836-978d-67c2473bdc68.png,1.output_png_schede/2d537705-6068-4836-978d-67c2473bdc68.png,exported
umbria/Abbandono/1000228594_Giano dell_Umbria_EDSING_scala esterna_Borgale,1000228594_Giano dell_Umbria_EDSING_scala esterna_Borgale.pdf,0.original_foto_schede/umbria/Abbandono/1000228594_Giano dell_Umbria_EDSING_scala esterna_Borgale/1000228594_Giano dell_Umbria_EDSING_scala esterna_Borgale.pdf,1000228594,2198,1bccdead-5869-4539-b027-399ac6e6d97f,1bccdead-5869-4539-b027-399ac6e6d97f.png,1.output_png_schede/1bccdead-5869-4539-b027-399ac6e6d97f.png,exported
umbria/Abbandono/1000228808_TR_Castel Giorgio EDANN_scala esterna_Monachio,1000228808_TR_Castel Giorgio EDANN_scala esterna_Monachio.pdf,0.original_foto_schede/umbria/Abbandono/1000228808_TR_Castel Giorgio EDANN_scala esterna_Monachio/1000228808_TR_Castel Giorgio EDANN_scala esterna_Monachio.pdf,1000228808,6143,d2ab0fd0-84e7-402f-9a31-2a1c03155be0,d2ab0fd0-84e7-402f-9a31-2a1c03155be0.png,1.output_png_schede/d2ab0fd0-84e7-402f-9a31-2a1c03155be0.png,exported
umbria/Abbandono/1000229062_Gualdo Tadino_EDSING_scala esterna_Casella Totila,1000229062_Gualdo Tadino_EDSING_scala esterna_Casella Totila.pdf,0.original_foto_schede/umbria/Abbandono/1000229062_Gualdo Tadino_EDSING_scala esterna_Casella Totila/1000229062_Gualdo Tadino_EDSING_scala esterna_Casella Totila.pdf,1000229062,587,9c9b7350-0325-4bdf-8f0a-9424619846a2,9c9b7350-0325-4bdf-8f0a-9424619846a2.png,1.output_png_schede/9c9b7350-0325-4bdf-8f0a-9424619846a2.png,exported
umbria/Abbandono/1000229081_Fossato di Vico_EDSING_casolare_Avacelli,1000229081_Fossato di Vico_EDSING_casolare_Avacelli.pdf,0.original_foto_schede/umbria/Abbandono/1000229081_Fossato di Vico_EDSING_casolare_Avacelli/1000229081_Fossato di Vico_EDSING_casolare_Avacelli.pdf,1000229081,1042,98d53f64-34a2-4e74-88fb-caa4813d0703,98d53f64-34a2-4e74-88fb-caa4813d0703.png,1.output_png_schede/98d53f64-34a2-4e74-88fb-caa4813d0703.png,exported
umbria/Abbandono/1000237622_Spoleto_EDSING_casolare_Flaminia,1000237622_Spoleto_EDSING_casolare_Flaminia.pdf,0.original_foto_schede/umbria/Abbandono/1000237622_Spoleto_EDSING_casolare_Flaminia/1000237622_Spoleto_EDSING_casolare_Flaminia.pdf,1000237622,27402,a814f6a0-8835-45af-8a55-f2267f2ef7e7,a814f6a0-8835-45af-8a55-f2267f2ef7e7.png,1.output_png_schede/a814f6a0-8835-45af-8a55-f2267f2ef7e7.png,exported
umbria/Restaurato/1000237815_Assisi_EDSING_scala esterna_Canonica,1000237815_Assisi_EDSING_scala esterna_Canonica.pdf,0.original_foto_schede/umbria/Restaurato/1000237815_Assisi_EDSING_scala esterna_Canonica/1000237815_Assisi_EDSING_scala esterna_Canonica.pdf,1000237815,39174,8f7d7a47-9176-4f48-af86-7721b893b19b,8f7d7a47-9176-4f48-af86-7721b893b19b.png,1.output_png_schede/8f7d7a47-9176-4f48-af86-7721b893b19b.png,exported
umbria/Restaurato/1000237828_Assisi_EDANN_padiglione_Sabatini,1000237828_Assisi_EDANN_padiglione_Sabatini.pdf,0.original_foto_schede/umbria/Restaurato/1000237828_Assisi_EDANN_padiglione_Sabatini/1000237828_Assisi_EDANN_padiglione_Sabatini.pdf,1000237828,39225,c8c74172-ef9d-4a9b-bcb1-9e719dd25a25,c8c74172-ef9d-4a9b-bcb1-9e719dd25a25.png,1.output_png_schede/c8c74172-ef9d-4a9b-bcb1-9e719dd25a25.png,exported
val_aosta/0200008333_Morgex_EDSIN_casa rurale di montagna,0200008333_Morgex_EDSIN_casa rurale di montagna.pdf,0.original_foto_schede/val_aosta/0200008333_Morgex_EDSIN_casa rurale di montagna/0200008333_Morgex_EDSIN_casa rurale di montagna.pdf,0200008333,2257,09a154b5-ff99-4488-87e8-9b3939bcdf8f,09a154b5-ff99-4488-87e8-9b3939bcdf8f.png,1.output_png_schede/09a154b5-ff99-4488-87e8-9b3939bcdf8f.png,exported
val_aosta/0200008469_Torgnon_casa alpina,0200008469_casa alpina.pdf,0.original_foto_schede/val_aosta/0200008469_Torgnon_casa alpina/0200008469_casa alpina.pdf,0200008469,2310,877b39ef-94f2-4c4a-936a-dcb2f0c50116,877b39ef-94f2-4c4a-936a-dcb2f0c50116.png,1.output_png_schede/877b39ef-94f2-4c4a-936a-dcb2f0c50116.png,exported
val_aosta/0200008624_Gignod_Frazione Champ Lorensal_EDSING_rurale montagna,Gignod_Frazione Champ Lorensal_EDSING_rurale montagna.pdf,0.original_foto_schede/val_aosta/0200008624_Gignod_Frazione Champ Lorensal_EDSING_rurale montagna/Gignod_Frazione Champ Lorensal_EDSING_rurale montagna.pdf,0200008624,2732,5a0ec71b-4b44-4364-a1c0-911b83e3e7b7,5a0ec71b-4b44-4364-a1c0-911b83e3e7b7.png,1.output_png_schede/5a0ec71b-4b44-4364-a1c0-911b83e3e7b7.png,exported
val_aosta/0200008694_Valsavarenche_Frazione Tignet_EDSING_rurale montagna,Valsavarenche_Frazione Tignet_EDSING_rurale montagna.pdf,0.original_foto_schede/val_aosta/0200008694_Valsavarenche_Frazione Tignet_EDSING_rurale montagna/Valsavarenche_Frazione Tignet_EDSING_rurale montagna.pdf,0200008694,2824,389b9e76-75ea-45d1-9ec9-1a524dbc2a32,389b9e76-75ea-45d1-9ec9-1a524dbc2a32.png,1.output_png_schede/389b9e76-75ea-45d1-9ec9-1a524dbc2a32.png,exported
val_aosta/0200008757_ Valgrisenche_Frazione Gerbelle_EDSING_rurale montagna,Valgrisenche_Frazione Gerbelle_EDSING_rurale montagna.pdf,0.original_foto_schede/val_aosta/0200008757_ Valgrisenche_Frazione Gerbelle_EDSING_rurale montagna/Valgrisenche_Frazione Gerbelle_EDSING_rurale montagna.pdf,0200008757,22302,a2e31d43-0617-4c98-ba05-1b8393ebb057,a2e31d43-0617-4c98-ba05-1b8393ebb057.png,1.output_png_schede/a2e31d43-0617-4c98-ba05-1b8393ebb057.png,exported
val_aosta/0200008795_Gressan_EDSIG_Walser,0200008795_Gressan_EDSIG_Walser.pdf,0.original_foto_schede/val_aosta/0200008795_Gressan_EDSIG_Walser/0200008795_Gressan_EDSIG_Walser.pdf,0200008795,39735,14fb5f4a-6b78-48b5-a4e9-e01714e9fc6a,14fb5f4a-6b78-48b5-a4e9-e01714e9fc6a.png,1.output_png_schede/14fb5f4a-6b78-48b5-a4e9-e01714e9fc6a.png,exported
val_aosta/0200008810_Valtournenche_Frazione Valmartin_EDSIG_Walser,0200008810_Valtournenche_Frazione Valmartin_EDSIG_Walser.pdf,0.original_foto_schede/val_aosta/0200008810_Valtournenche_Frazione Valmartin_EDSIG_Walser/0200008810_Valtournenche_Frazione Valmartin_EDSIG_Walser.pdf,0200008810,21912,2faeb311-d93a-402a-8edb-0fc5f231cb36,2faeb311-d93a-402a-8edb-0fc5f231cb36.png,1.output_png_schede/2faeb311-d93a-402a-8edb-0fc5f231cb36.png,exported
val_aosta/0200008849_Donnes_alpeggio,0200008849_Donnes_alpeggio.pdf,0.original_foto_schede/val_aosta/0200008849_Donnes_alpeggio/0200008849_Donnes_alpeggio.pdf,0200008849,26551,9ee29bb2-84e4-4eee-98c4-914085305052,9ee29bb2-84e4-4eee-98c4-914085305052.png,1.output_png_schede/9ee29bb2-84e4-4eee-98c4-914085305052.png,exported
val_aosta/0200008853_Donnes_alpeggio,AO_DONNAS_BORGO.pdf,0.original_foto_schede/val_aosta/0200008853_Donnes_alpeggio/AO_DONNAS_BORGO.pdf,,,,,,no_matching_iccd_code
val_aosta/0200008854_Donnes_alpeggio,0200008854_Donnes_alpeggio.pdf,0.original_foto_schede/val_aosta/0200008854_Donnes_alpeggio/0200008854_Donnes_alpeggio.pdf,0200008854,21264,d41fc78c-ced9-4fd7-88ff-4da479207529,d41fc78c-ced9-4fd7-88ff-4da479207529.png,1.output_png_schede/d41fc78c-ced9-4fd7-88ff-4da479207529.png,exported
"val_aosta/0200008984_Antey-Saint-Andrè,_EDSIG_Walser","0200008984_Antey-Saint-Andrè,_EDSIG_Walser.pdf","0.original_foto_schede/val_aosta/0200008984_Antey-Saint-Andrè,_EDSIG_Walser/0200008984_Antey-Saint-Andrè,_EDSIG_Walser.pdf",0200008984,5421,f5892b7c-c1a0-47ec-b146-a039c9c6ee88,f5892b7c-c1a0-47ec-b146-a039c9c6ee88.png,1.output_png_schede/f5892b7c-c1a0-47ec-b146-a039c9c6ee88.png,exported
val_aosta/0200008987_Chamois_EDSIG_Walser,0200008987_Chamois_EDSIG_Walser.pdf,0.original_foto_schede/val_aosta/0200008987_Chamois_EDSIG_Walser/0200008987_Chamois_EDSIG_Walser.pdf,0200008987,31191,402ef173-82df-4dfa-b9ae-d26f67ad7eac,402ef173-82df-4dfa-b9ae-d26f67ad7eac.png,1.output_png_schede/402ef173-82df-4dfa-b9ae-d26f67ad7eac.png,exported
val_aosta/0200008991_Chamois_Rascard d_Antan_EDSIG_Walser,0200008991_Chamois_Rascard d_Antan_EDSIG_Walser.pdf,0.original_foto_schede/val_aosta/0200008991_Chamois_Rascard d_Antan_EDSIG_Walser/0200008991_Chamois_Rascard d_Antan_EDSIG_Walser.pdf,,,,,,no_matching_iccd_code
val_aosta/0200008998_Chamois_EDSIG_Walser,0200008998_Chamois_EDSIG_Walser.pdf,0.original_foto_schede/val_aosta/0200008998_Chamois_EDSIG_Walser/0200008998_Chamois_EDSIG_Walser.pdf,,,,,,no_matching_iccd_code
val_aosta/0200009006_Antey-Saint-Andrè_Frazione Fiernaz_EDSIG_Walser,0200009006_Antey-Saint-Andrè_Frazione Fiernaz_EDSIG_Walser.pdf,0.original_foto_schede/val_aosta/0200009006_Antey-Saint-Andrè_Frazione Fiernaz_EDSIG_Walser/0200009006_Antey-Saint-Andrè_Frazione Fiernaz_EDSIG_Walser.pdf,0200009006,31248,4c5bcb6d-2cf5-4bca-8276-1a2a32eef91d,4c5bcb6d-2cf5-4bca-8276-1a2a32eef91d.png,1.output_png_schede/4c5bcb6d-2cf5-4bca-8276-1a2a32eef91d.png,exported
val_aosta/0200009063_Valgrisenche_Frazione Gerbelle_EDSING_rurale montagna,0200009063_Valgrisenche_Frazione Gerbelle_EDSING_rurale montagna.pdf,0.original_foto_schede/val_aosta/0200009063_Valgrisenche_Frazione Gerbelle_EDSING_rurale montagna/0200009063_Valgrisenche_Frazione Gerbelle_EDSING_rurale montagna.pdf,0200009063,32410,aef134e6-0b3d-499b-beb4-6a24c066ebfd,aef134e6-0b3d-499b-beb4-6a24c066ebfd.png,1.output_png_schede/aef134e6-0b3d-499b-beb4-6a24c066ebfd.png,exported
val_aosta/0200009076_Valgrisenche_EDSIN_rurale montagna,0200009076_Valgrisenche_EDSIN_rurale montagna.pdf,0.original_foto_schede/val_aosta/0200009076_Valgrisenche_EDSIN_rurale montagna/0200009076_Valgrisenche_EDSIN_rurale montagna.pdf,0200009076,42797,fd3dd90e-ad4d-4d7d-b012-721758fedb1b,fd3dd90e-ad4d-4d7d-b012-721758fedb1b.png,1.output_png_schede/fd3dd90e-ad4d-4d7d-b012-721758fedb1b.png,exported
val_aosta/0200009087_Sarre_EDANN_casa a ballatoio,Sarre_EDANN_casa a ballatoio.pdf,0.original_foto_schede/val_aosta/0200009087_Sarre_EDANN_casa a ballatoio/Sarre_EDANN_casa a ballatoio.pdf,0200009087,33555,479b8049-ec61-4b57-9edd-ca9942e946bf,479b8049-ec61-4b57-9edd-ca9942e946bf.png,1.output_png_schede/479b8049-ec61-4b57-9edd-ca9942e946bf.png,exported
val_aosta/0200009096_Saint-Rhémy-en-Bosses_EDA_casa alpina_Maison Jacquin,"Maison Jacquin, EDIFICIO SINGOLO, casa alpina.pdf","0.original_foto_schede/val_aosta/0200009096_Saint-Rhémy-en-Bosses_EDA_casa alpina_Maison Jacquin/Maison Jacquin, EDIFICIO SINGOLO, casa alpina.pdf",0200009096,33966,93cf5bc9-b93f-4299-a97e-14ee01ad8387,93cf5bc9-b93f-4299-a97e-14ee01ad8387.png,1.output_png_schede/93cf5bc9-b93f-4299-a97e-14ee01ad8387.png,exported
val_aosta/0200009164_Torgnon_EDANN_Musée Petit Monde_Walser,0200009164_Torgnon_EDANN_Walser.pdf,0.original_foto_schede/val_aosta/0200009164_Torgnon_EDANN_Musée Petit Monde_Walser/0200009164_Torgnon_EDANN_Walser.pdf,0200009164,32316,67f393eb-75ec-42fd-b24d-24affb8d2056,67f393eb-75ec-42fd-b24d-24affb8d2056.png,1.output_png_schede/67f393eb-75ec-42fd-b24d-24affb8d2056.png,exported
"val_aosta/0200009207_Grand-Rhun, Saint-Vincent_EDSIND_casa Walser","0200009207_Grand-Rhun, Saint-Vincent_EDSIND_casa Walser.pdf","0.original_foto_schede/val_aosta/0200009207_Grand-Rhun, Saint-Vincent_EDSIND_casa Walser/0200009207_Grand-Rhun, Saint-Vincent_EDSIND_casa Walser.pdf",0200009207,43708,29c5eb24-bc65-4048-bdf6-75e290117b41,29c5eb24-bc65-4048-bdf6-75e290117b41.png,1.output_png_schede/29c5eb24-bc65-4048-bdf6-75e290117b41.png,exported
veneto/casone1,casone1.pdf,0.original_foto_schede/veneto/casone1/casone1.pdf,0500745783,42642,e397243c-e1bd-4fc9-8136-c4085786a533,e397243c-e1bd-4fc9-8136-c4085786a533.png,1.output_png_schede/e397243c-e1bd-4fc9-8136-c4085786a533.png,exported
veneto/casone2,casone2.pdf,0.original_foto_schede/veneto/casone2/casone2.pdf,0500739532,43628,96ace98f-9aa4-4ab3-b137-114ffc2d75a9,96ace98f-9aa4-4ab3-b137-114ffc2d75a9.png,1.output_png_schede/96ace98f-9aa4-4ab3-b137-114ffc2d75a9.png,exported
